
  .   ____          _            __ _ _
 /\\ / ___'_ __ _ _(_)_ __  __ _ \ \ \ \
( ( )\___ | '_ | '_| | '_ \/ _` | \ \ \ \
 \\/  ___)| |_)| | | | | || (_| |  ) ) ) )
  '  |____| .__|_| |_|_| |_\__, | / / / /
 =========|_|==============|___/=/_/_/_/

 :: Spring Boot ::               (v3.5.14)

2026-10-07T01:16:51.776+08:00  INFO 30560 --- [config-mgr] [           main] c.e.configmgr.ConfigMgrApplication       : Starting ConfigMgrApplication v1.0.0 using Java 21.0.12 with PID 30560 (<REPO_ROOT>\backend\target\config-mgr.jar started by <USER> in <REPO_ROOT>\backend)
2026-10-07T01:16:51.793+08:00 DEBUG 30560 --- [config-mgr] [           main] c.e.configmgr.ConfigMgrApplication       : Running with Spring Boot v3.5.14, Spring v6.2.18
2026-10-07T01:16:51.794+08:00  INFO 30560 --- [config-mgr] [           main] c.e.configmgr.ConfigMgrApplication       : No active profile set, falling back to 1 default profile: "default"
2026-10-07T01:16:52.706+08:00  INFO 30560 --- [config-mgr] [           main] .s.d.r.c.RepositoryConfigurationDelegate : Bootstrapping Spring Data JPA repositories in DEFAULT mode.
2026-10-07T01:16:52.834+08:00  INFO 30560 --- [config-mgr] [           main] .s.d.r.c.RepositoryConfigurationDelegate : Finished Spring Data repository scanning in 120 ms. Found 12 JPA repository interfaces.
2026-10-07T01:16:53.685+08:00  INFO 30560 --- [config-mgr] [           main] o.s.b.w.embedded.tomcat.TomcatWebServer  : Tomcat initialized with port 18296 (http)
2026-10-07T01:16:53.707+08:00  INFO 30560 --- [config-mgr] [           main] o.apache.catalina.core.StandardService   : Starting service [Tomcat]
2026-10-07T01:16:53.707+08:00  INFO 30560 --- [config-mgr] [           main] o.apache.catalina.core.StandardEngine    : Starting Servlet engine: [Apache Tomcat/10.1.54]
2026-10-07T01:16:53.747+08:00  INFO 30560 --- [config-mgr] [           main] o.a.c.c.C.[Tomcat].[localhost].[/]       : Initializing Spring embedded WebApplicationContext
2026-10-07T01:16:53.750+08:00  INFO 30560 --- [config-mgr] [           main] w.s.c.ServletWebServerApplicationContext : Root WebApplicationContext: initialization completed in 1902 ms
2026-10-07T01:16:54.485+08:00  INFO 30560 --- [config-mgr] [           main] com.zaxxer.hikari.HikariDataSource       : HikariPool-1 - Starting...
2026-10-07T01:16:54.742+08:00  INFO 30560 --- [config-mgr] [           main] com.zaxxer.hikari.pool.HikariPool        : HikariPool-1 - Added connection conn0: url=jdbc:h2:file:./data/config_mgr_db user=SA
2026-10-07T01:16:54.744+08:00  INFO 30560 --- [config-mgr] [           main] com.zaxxer.hikari.HikariDataSource       : HikariPool-1 - Start completed.
2026-10-07T01:16:54.801+08:00  INFO 30560 --- [config-mgr] [           main] org.flywaydb.core.FlywayExecutor         : Database: jdbc:h2:file:./data/config_mgr_db (H2 2.3)
2026-10-07T01:16:54.861+08:00  INFO 30560 --- [config-mgr] [           main] o.f.c.i.s.JdbcTableSchemaHistory         : Schema history table "PUBLIC"."flyway_schema_history" does not exist yet
2026-10-07T01:16:54.869+08:00  INFO 30560 --- [config-mgr] [           main] o.f.core.internal.command.DbValidate     : Successfully validated 2 migrations (execution time 00:00.028s)
2026-10-07T01:16:54.879+08:00  INFO 30560 --- [config-mgr] [           main] org.flywaydb.core.Flyway                 : All configured schemas are empty; baseline operation skipped. A baseline or migration script with a lower version than the baseline version may execute if available. Check the Schemas parameter if this is not intended.
2026-10-07T01:16:54.880+08:00  INFO 30560 --- [config-mgr] [           main] o.f.c.i.s.JdbcTableSchemaHistory         : Creating Schema History table "PUBLIC"."flyway_schema_history" ...
2026-10-07T01:16:54.927+08:00  INFO 30560 --- [config-mgr] [           main] o.f.core.internal.command.DbMigrate      : Current version of schema "PUBLIC": << Empty Schema >>
2026-10-07T01:16:54.963+08:00  INFO 30560 --- [config-mgr] [           main] o.f.core.internal.command.DbMigrate      : Migrating schema "PUBLIC" to version "1 - schema"
2026-10-07T01:16:55.052+08:00  INFO 30560 --- [config-mgr] [           main] o.f.core.internal.command.DbMigrate      : Migrating schema "PUBLIC" to version "2 - staging base version"
2026-10-07T01:16:55.072+08:00  INFO 30560 --- [config-mgr] [           main] o.f.core.internal.command.DbMigrate      : Successfully applied 2 migrations to schema "PUBLIC", now at version v2 (execution time 00:00.087s)
2026-10-07T01:16:55.595+08:00  INFO 30560 --- [config-mgr] [           main] o.hibernate.jpa.internal.util.LogHelper  : HHH000204: Processing PersistenceUnitInfo [name: default]
2026-10-07T01:16:55.666+08:00  INFO 30560 --- [config-mgr] [           main] org.hibernate.Version                    : HHH000412: Hibernate ORM core version 6.6.49.Final
2026-10-07T01:16:55.709+08:00  INFO 30560 --- [config-mgr] [           main] o.h.c.internal.RegionFactoryInitiator    : HHH000026: Second-level cache disabled
2026-10-07T01:16:56.050+08:00  INFO 30560 --- [config-mgr] [           main] o.s.o.j.p.SpringPersistenceUnitInfo      : No LoadTimeWeaver setup: ignoring JPA class transformer
2026-10-07T01:16:56.145+08:00  INFO 30560 --- [config-mgr] [           main] org.hibernate.orm.connections.pooling    : HHH10001005: Database info:
	Database JDBC URL [Connecting through datasource 'HikariDataSource (HikariPool-1)']
	Database driver: undefined/unknown
	Database version: 2.3.232
	Autocommit mode: undefined/unknown
	Isolation level: undefined/unknown
	Minimum pool size: undefined/unknown
	Maximum pool size: undefined/unknown
2026-10-07T01:16:57.801+08:00  INFO 30560 --- [config-mgr] [           main] o.h.e.t.j.p.i.JtaPlatformInitiator       : HHH000489: No JTA platform available (set 'hibernate.transaction.jta.platform' to enable JTA platform integration)
2026-10-07T01:16:57.846+08:00  INFO 30560 --- [config-mgr] [           main] j.LocalContainerEntityManagerFactoryBean : Initialized JPA EntityManagerFactory for persistence unit 'default'
2026-10-07T01:16:59.173+08:00  INFO 30560 --- [config-mgr] [           main] o.s.d.j.r.query.QueryEnhancerFactory     : Hibernate is in classpath; If applicable, HQL parser will be used.
2026-10-07T01:17:01.080+08:00 DEBUG 30560 --- [config-mgr] [           main] c.e.configmgr.ai.tool.ToolRegistry       : Registered tool: open_export_file_editor scopes=[task:EXPORT/EXPORT]
2026-10-07T01:17:01.080+08:00 DEBUG 30560 --- [config-mgr] [           main] c.e.configmgr.ai.tool.ToolRegistry       : Registered tool: start_export scopes=[task:EXPORT/EXPORT]
2026-10-07T01:17:01.081+08:00 DEBUG 30560 --- [config-mgr] [           main] c.e.configmgr.ai.tool.ToolRegistry       : Registered tool: check_job_status scopes=[task:*]
2026-10-07T01:17:01.081+08:00 DEBUG 30560 --- [config-mgr] [           main] c.e.configmgr.ai.tool.ToolRegistry       : Registered tool: get_row_count scopes=[task:EXPORT/QUERY_COND, task:EXPORT/EXPORT]
2026-10-07T01:17:01.081+08:00 DEBUG 30560 --- [config-mgr] [           main] c.e.configmgr.ai.tool.ToolRegistry       : Registered tool: set_query_condition scopes=[task:EXPORT/QUERY_COND]
2026-10-07T01:17:01.081+08:00 DEBUG 30560 --- [config-mgr] [           main] c.e.configmgr.ai.tool.ToolRegistry       : Registered tool: download_export_file scopes=[task:EXPORT/EXPORT]
2026-10-07T01:17:01.226+08:00 DEBUG 30560 --- [config-mgr] [           main] c.e.configmgr.ai.tool.ToolRegistry       : Registered tool: list_tasks scopes=[*, page:tasks]
2026-10-07T01:17:01.227+08:00 DEBUG 30560 --- [config-mgr] [           main] c.e.configmgr.ai.tool.ToolRegistry       : Registered tool: list_config_defs scopes=[*]
2026-10-07T01:17:01.227+08:00 DEBUG 30560 --- [config-mgr] [           main] c.e.configmgr.ai.tool.ToolRegistry       : Registered tool: get_config_def scopes=[*]
2026-10-07T01:17:01.227+08:00 DEBUG 30560 --- [config-mgr] [           main] c.e.configmgr.ai.tool.ToolRegistry       : Registered tool: get_workspace_state scopes=[*]
2026-10-07T01:17:01.236+08:00 DEBUG 30560 --- [config-mgr] [           main] c.e.configmgr.ai.tool.ToolRegistry       : Registered tool: start_precheck scopes=[task:IMPORT/PRECHECK]
2026-10-07T01:17:01.236+08:00 DEBUG 30560 --- [config-mgr] [           main] c.e.configmgr.ai.tool.ToolRegistry       : Registered tool: start_import scopes=[task:IMPORT/IMPORT]
2026-10-07T01:17:01.236+08:00 DEBUG 30560 --- [config-mgr] [           main] c.e.configmgr.ai.tool.ToolRegistry       : Registered tool: start_publish scopes=[task:IMPORT/PUBLISH]
2026-10-07T01:17:01.246+08:00 DEBUG 30560 --- [config-mgr] [           main] c.e.configmgr.ai.tool.ToolRegistry       : Registered tool: select_defs scopes=[task:EXPORT/SELECT_DEFS, task:IMPORT/UPLOAD]
2026-10-07T01:17:01.247+08:00 DEBUG 30560 --- [config-mgr] [           main] c.e.configmgr.ai.tool.ToolRegistry       : Registered tool: create_task scopes=[*, page:tasks]
2026-10-07T01:17:01.247+08:00 DEBUG 30560 --- [config-mgr] [           main] c.e.configmgr.ai.tool.ToolRegistry       : Registered tool: navigate_to_step scopes=[task:*]
2026-10-07T01:17:02.963+08:00  INFO 30560 --- [config-mgr] [           main] o.s.b.a.h2.H2ConsoleAutoConfiguration    : H2 console available at '/h2-console'. Database available at 'jdbc:h2:file:./data/config_mgr_db'
2026-10-07T01:17:03.003+08:00  INFO 30560 --- [config-mgr] [           main] c.e.configmgr.ai.tool.ToolRegistry       : ToolRegistry: registered 16 tools
2026-10-07T01:17:03.070+08:00  INFO 30560 --- [config-mgr] [           main] o.s.b.w.embedded.tomcat.TomcatWebServer  : Tomcat started on port 18296 (http) with context path '/'
2026-10-07T01:17:03.103+08:00  INFO 30560 --- [config-mgr] [           main] c.e.configmgr.ConfigMgrApplication       : Started ConfigMgrApplication in 11.734 seconds (process running for 12.268)
2026-10-07T01:17:03.279+08:00  INFO 30560 --- [config-mgr] [omcat-handler-0] o.a.c.c.C.[Tomcat].[localhost].[/]       : Initializing Spring DispatcherServlet 'dispatcherServlet'
2026-10-07T01:17:03.279+08:00  INFO 30560 --- [config-mgr] [omcat-handler-0] o.s.web.servlet.DispatcherServlet        : Initializing Servlet 'dispatcherServlet'
2026-10-07T01:17:03.280+08:00  INFO 30560 --- [config-mgr] [omcat-handler-0] o.s.web.servlet.DispatcherServlet        : Completed initialization in 1 ms
2026-10-07T01:17:03.375+08:00  INFO 30560 --- [config-mgr] [           main] c.example.configmgr.seed.DataSeedRunner  : Seeding initial data...
2026-10-07T01:17:06.499+08:00  INFO 30560 --- [config-mgr] [           main] c.example.configmgr.seed.DataSeedRunner  : Definitions and seed data created successfully
2026-10-07T01:17:06.499+08:00  INFO 30560 --- [config-mgr] [           main] c.example.configmgr.seed.DataSeedRunner  : Seed data complete
2026-10-07T01:18:04.643+08:00 ERROR 30560 --- [config-mgr] [cat-handler-106] c.e.c.common.GlobalExceptionHandler      : Unhandled exception

org.springframework.http.converter.HttpMessageNotReadableException: JSON parse error: Invalid UTF-8 start byte 0xbb
	at org.springframework.http.converter.json.AbstractJackson2HttpMessageConverter.readJavaType(AbstractJackson2HttpMessageConverter.java:408) ~[spring-web-6.2.18.jar!/:6.2.18]
	at org.springframework.http.converter.json.AbstractJackson2HttpMessageConverter.read(AbstractJackson2HttpMessageConverter.java:356) ~[spring-web-6.2.18.jar!/:6.2.18]
	at org.springframework.web.servlet.mvc.method.annotation.AbstractMessageConverterMethodArgumentResolver.readWithMessageConverters(AbstractMessageConverterMethodArgumentResolver.java:204) ~[spring-webmvc-6.2.18.jar!/:6.2.18]
	at org.springframework.web.servlet.mvc.method.annotation.RequestResponseBodyMethodProcessor.readWithMessageConverters(RequestResponseBodyMethodProcessor.java:176) ~[spring-webmvc-6.2.18.jar!/:6.2.18]
	at org.springframework.web.servlet.mvc.method.annotation.RequestResponseBodyMethodProcessor.resolveArgument(RequestResponseBodyMethodProcessor.java:150) ~[spring-webmvc-6.2.18.jar!/:6.2.18]
	at org.springframework.web.method.support.HandlerMethodArgumentResolverComposite.resolveArgument(HandlerMethodArgumentResolverComposite.java:122) ~[spring-web-6.2.18.jar!/:6.2.18]
	at org.springframework.web.method.support.InvocableHandlerMethod.getMethodArgumentValues(InvocableHandlerMethod.java:227) ~[spring-web-6.2.18.jar!/:6.2.18]
	at org.springframework.web.method.support.InvocableHandlerMethod.invokeForRequest(InvocableHandlerMethod.java:181) ~[spring-web-6.2.18.jar!/:6.2.18]
	at org.springframework.web.servlet.mvc.method.annotation.ServletInvocableHandlerMethod.invokeAndHandle(ServletInvocableHandlerMethod.java:118) ~[spring-webmvc-6.2.18.jar!/:6.2.18]
	at org.springframework.web.servlet.mvc.method.annotation.RequestMappingHandlerAdapter.invokeHandlerMethod(RequestMappingHandlerAdapter.java:991) ~[spring-webmvc-6.2.18.jar!/:6.2.18]
	at org.springframework.web.servlet.mvc.method.annotation.RequestMappingHandlerAdapter.handleInternal(RequestMappingHandlerAdapter.java:896) ~[spring-webmvc-6.2.18.jar!/:6.2.18]
	at org.springframework.web.servlet.mvc.method.AbstractHandlerMethodAdapter.handle(AbstractHandlerMethodAdapter.java:87) ~[spring-webmvc-6.2.18.jar!/:6.2.18]
	at org.springframework.web.servlet.DispatcherServlet.doDispatch(DispatcherServlet.java:1089) ~[spring-webmvc-6.2.18.jar!/:6.2.18]
	at org.springframework.web.servlet.DispatcherServlet.doService(DispatcherServlet.java:979) ~[spring-webmvc-6.2.18.jar!/:6.2.18]
	at org.springframework.web.servlet.FrameworkServlet.processRequest(FrameworkServlet.java:1014) ~[spring-webmvc-6.2.18.jar!/:6.2.18]
	at org.springframework.web.servlet.FrameworkServlet.doPost(FrameworkServlet.java:914) ~[spring-webmvc-6.2.18.jar!/:6.2.18]
	at jakarta.servlet.http.HttpServlet.service(HttpServlet.java:590) ~[tomcat-embed-core-10.1.54.jar!/:na]
	at org.springframework.web.servlet.FrameworkServlet.service(FrameworkServlet.java:885) ~[spring-webmvc-6.2.18.jar!/:6.2.18]
	at jakarta.servlet.http.HttpServlet.service(HttpServlet.java:658) ~[tomcat-embed-core-10.1.54.jar!/:na]
	at org.apache.catalina.core.ApplicationFilterChain.internalDoFilter(ApplicationFilterChain.java:193) ~[tomcat-embed-core-10.1.54.jar!/:na]
	at org.apache.catalina.core.ApplicationFilterChain.doFilter(ApplicationFilterChain.java:138) ~[tomcat-embed-core-10.1.54.jar!/:na]
	at org.apache.tomcat.websocket.server.WsFilter.doFilter(WsFilter.java:51) ~[tomcat-embed-websocket-10.1.54.jar!/:na]
	at org.apache.catalina.core.ApplicationFilterChain.internalDoFilter(ApplicationFilterChain.java:162) ~[tomcat-embed-core-10.1.54.jar!/:na]
	at org.apache.catalina.core.ApplicationFilterChain.doFilter(ApplicationFilterChain.java:138) ~[tomcat-embed-core-10.1.54.jar!/:na]
	at org.springframework.web.filter.CorsFilter.doFilterInternal(CorsFilter.java:91) ~[spring-web-6.2.18.jar!/:6.2.18]
	at org.springframework.web.filter.OncePerRequestFilter.doFilter(OncePerRequestFilter.java:116) ~[spring-web-6.2.18.jar!/:6.2.18]
	at org.apache.catalina.core.ApplicationFilterChain.internalDoFilter(ApplicationFilterChain.java:162) ~[tomcat-embed-core-10.1.54.jar!/:na]
	at org.apache.catalina.core.ApplicationFilterChain.doFilter(ApplicationFilterChain.java:138) ~[tomcat-embed-core-10.1.54.jar!/:na]
	at org.springframework.web.filter.RequestContextFilter.doFilterInternal(RequestContextFilter.java:100) ~[spring-web-6.2.18.jar!/:6.2.18]
	at org.springframework.web.filter.OncePerRequestFilter.doFilter(OncePerRequestFilter.java:116) ~[spring-web-6.2.18.jar!/:6.2.18]
	at org.apache.catalina.core.ApplicationFilterChain.internalDoFilter(ApplicationFilterChain.java:162) ~[tomcat-embed-core-10.1.54.jar!/:na]
	at org.apache.catalina.core.ApplicationFilterChain.doFilter(ApplicationFilterChain.java:138) ~[tomcat-embed-core-10.1.54.jar!/:na]
	at org.springframework.web.filter.FormContentFilter.doFilterInternal(FormContentFilter.java:93) ~[spring-web-6.2.18.jar!/:6.2.18]
	at org.springframework.web.filter.OncePerRequestFilter.doFilter(OncePerRequestFilter.java:116) ~[spring-web-6.2.18.jar!/:6.2.18]
	at org.apache.catalina.core.ApplicationFilterChain.internalDoFilter(ApplicationFilterChain.java:162) ~[tomcat-embed-core-10.1.54.jar!/:na]
	at org.apache.catalina.core.ApplicationFilterChain.doFilter(ApplicationFilterChain.java:138) ~[tomcat-embed-core-10.1.54.jar!/:na]
	at org.springframework.web.filter.CharacterEncodingFilter.doFilterInternal(CharacterEncodingFilter.java:201) ~[spring-web-6.2.18.jar!/:6.2.18]
	at org.springframework.web.filter.OncePerRequestFilter.doFilter(OncePerRequestFilter.java:116) ~[spring-web-6.2.18.jar!/:6.2.18]
	at org.apache.catalina.core.ApplicationFilterChain.internalDoFilter(ApplicationFilterChain.java:162) ~[tomcat-embed-core-10.1.54.jar!/:na]
	at org.apache.catalina.core.ApplicationFilterChain.doFilter(ApplicationFilterChain.java:138) ~[tomcat-embed-core-10.1.54.jar!/:na]
	at org.apache.catalina.core.StandardWrapperValve.invoke(StandardWrapperValve.java:165) ~[tomcat-embed-core-10.1.54.jar!/:na]
	at org.apache.catalina.core.StandardContextValve.invoke(StandardContextValve.java:88) ~[tomcat-embed-core-10.1.54.jar!/:na]
	at org.apache.catalina.authenticator.AuthenticatorBase.invoke(AuthenticatorBase.java:492) ~[tomcat-embed-core-10.1.54.jar!/:na]
	at org.apache.catalina.core.StandardHostValve.invoke(StandardHostValve.java:113) ~[tomcat-embed-core-10.1.54.jar!/:na]
	at org.apache.catalina.valves.ErrorReportValve.invoke(ErrorReportValve.java:83) ~[tomcat-embed-core-10.1.54.jar!/:na]
	at org.apache.catalina.core.StandardEngineValve.invoke(StandardEngineValve.java:72) ~[tomcat-embed-core-10.1.54.jar!/:na]
	at org.apache.catalina.connector.CoyoteAdapter.service(CoyoteAdapter.java:342) ~[tomcat-embed-core-10.1.54.jar!/:na]
	at org.apache.coyote.http11.Http11Processor.service(Http11Processor.java:399) ~[tomcat-embed-core-10.1.54.jar!/:na]
	at org.apache.coyote.AbstractProcessorLight.process(AbstractProcessorLight.java:63) ~[tomcat-embed-core-10.1.54.jar!/:na]
	at org.apache.coyote.AbstractProtocol$ConnectionHandler.process(AbstractProtocol.java:903) ~[tomcat-embed-core-10.1.54.jar!/:na]
	at org.apache.tomcat.util.net.NioEndpoint$SocketProcessor.doRun(NioEndpoint.java:1797) ~[tomcat-embed-core-10.1.54.jar!/:na]
	at org.apache.tomcat.util.net.SocketProcessorBase.run(SocketProcessorBase.java:52) ~[tomcat-embed-core-10.1.54.jar!/:na]
	at java.base/java.lang.VirtualThread.run(VirtualThread.java:329) ~[na:na]
Caused by: com.fasterxml.jackson.core.JsonParseException: Invalid UTF-8 start byte 0xbb
 at [Source: REDACTED (`StreamReadFeature.INCLUDE_SOURCE_IN_LOCATION` disabled); line: 1, column: 30]
	at com.fasterxml.jackson.core.JsonParser._constructError(JsonParser.java:2599) ~[jackson-core-2.21.2.jar!/:2.21.2]
	at com.fasterxml.jackson.core.JsonParser._constructReadException(JsonParser.java:2625) ~[jackson-core-2.21.2.jar!/:2.21.2]
	at com.fasterxml.jackson.core.base.ParserMinimalBase._reportError(ParserMinimalBase.java:837) ~[jackson-core-2.21.2.jar!/:2.21.2]
	at com.fasterxml.jackson.core.json.UTF8StreamJsonParser._reportInvalidInitial(UTF8StreamJsonParser.java:3785) ~[jackson-core-2.21.2.jar!/:2.21.2]
	at com.fasterxml.jackson.core.json.UTF8StreamJsonParser._reportInvalidChar(UTF8StreamJsonParser.java:3781) ~[jackson-core-2.21.2.jar!/:2.21.2]
	at com.fasterxml.jackson.core.json.UTF8StreamJsonParser._finishString2(UTF8StreamJsonParser.java:2690) ~[jackson-core-2.21.2.jar!/:2.21.2]
	at com.fasterxml.jackson.core.json.UTF8StreamJsonParser._finishAndReturnString(UTF8StreamJsonParser.java:2614) ~[jackson-core-2.21.2.jar!/:2.21.2]
	at com.fasterxml.jackson.core.json.UTF8StreamJsonParser.getText(UTF8StreamJsonParser.java:294) ~[jackson-core-2.21.2.jar!/:2.21.2]
	at com.fasterxml.jackson.databind.deser.std.StringDeserializer.deserialize(StringDeserializer.java:42) ~[jackson-databind-2.21.2.jar!/:2.21.2]
	at com.fasterxml.jackson.databind.deser.std.StringDeserializer.deserialize(StringDeserializer.java:11) ~[jackson-databind-2.21.2.jar!/:2.21.2]
	at com.fasterxml.jackson.databind.deser.std.MapDeserializer._deserializeNoNullChecks(MapDeserializer.java:891) ~[jackson-databind-2.21.2.jar!/:2.21.2]
	at com.fasterxml.jackson.databind.deser.std.MapDeserializer._readAndBindStringKeyMap(MapDeserializer.java:623) ~[jackson-databind-2.21.2.jar!/:2.21.2]
	at com.fasterxml.jackson.databind.deser.std.MapDeserializer.deserialize(MapDeserializer.java:450) ~[jackson-databind-2.21.2.jar!/:2.21.2]
	at com.fasterxml.jackson.databind.deser.std.MapDeserializer.deserialize(MapDeserializer.java:31) ~[jackson-databind-2.21.2.jar!/:2.21.2]
	at com.fasterxml.jackson.databind.deser.DefaultDeserializationContext.readRootValue(DefaultDeserializationContext.java:342) ~[jackson-databind-2.21.2.jar!/:2.21.2]
	at com.fasterxml.jackson.databind.ObjectReader._bindAndClose(ObjectReader.java:2148) ~[jackson-databind-2.21.2.jar!/:2.21.2]
	at com.fasterxml.jackson.databind.ObjectReader.readValue(ObjectReader.java:1504) ~[jackson-databind-2.21.2.jar!/:2.21.2]
	at org.springframework.http.converter.json.AbstractJackson2HttpMessageConverter.readJavaType(AbstractJackson2HttpMessageConverter.java:397) ~[spring-web-6.2.18.jar!/:6.2.18]
	... 52 common frames omitted

2026-10-07T01:18:19.681+08:00 ERROR 30560 --- [config-mgr] [cat-handler-113] c.e.c.common.GlobalExceptionHandler      : Unhandled exception

org.springframework.http.converter.HttpMessageNotReadableException: Required request body is missing: public org.springframework.http.ResponseEntity<com.example.configmgr.common.ApiResponse<com.example.configmgr.definition.entity.ConfigDefinition>> com.example.configmgr.definition.controller.DefinitionController.create(com.example.configmgr.definition.entity.ConfigDefinition)
	at org.springframework.web.servlet.mvc.method.annotation.RequestResponseBodyMethodProcessor.readWithMessageConverters(RequestResponseBodyMethodProcessor.java:179) ~[spring-webmvc-6.2.18.jar!/:6.2.18]
	at org.springframework.web.servlet.mvc.method.annotation.RequestResponseBodyMethodProcessor.resolveArgument(RequestResponseBodyMethodProcessor.java:150) ~[spring-webmvc-6.2.18.jar!/:6.2.18]
	at org.springframework.web.method.support.HandlerMethodArgumentResolverComposite.resolveArgument(HandlerMethodArgumentResolverComposite.java:122) ~[spring-web-6.2.18.jar!/:6.2.18]
	at org.springframework.web.method.support.InvocableHandlerMethod.getMethodArgumentValues(InvocableHandlerMethod.java:227) ~[spring-web-6.2.18.jar!/:6.2.18]
	at org.springframework.web.method.support.InvocableHandlerMethod.invokeForRequest(InvocableHandlerMethod.java:181) ~[spring-web-6.2.18.jar!/:6.2.18]
	at org.springframework.web.servlet.mvc.method.annotation.ServletInvocableHandlerMethod.invokeAndHandle(ServletInvocableHandlerMethod.java:118) ~[spring-webmvc-6.2.18.jar!/:6.2.18]
	at org.springframework.web.servlet.mvc.method.annotation.RequestMappingHandlerAdapter.invokeHandlerMethod(RequestMappingHandlerAdapter.java:991) ~[spring-webmvc-6.2.18.jar!/:6.2.18]
	at org.springframework.web.servlet.mvc.method.annotation.RequestMappingHandlerAdapter.handleInternal(RequestMappingHandlerAdapter.java:896) ~[spring-webmvc-6.2.18.jar!/:6.2.18]
	at org.springframework.web.servlet.mvc.method.AbstractHandlerMethodAdapter.handle(AbstractHandlerMethodAdapter.java:87) ~[spring-webmvc-6.2.18.jar!/:6.2.18]
	at org.springframework.web.servlet.DispatcherServlet.doDispatch(DispatcherServlet.java:1089) ~[spring-webmvc-6.2.18.jar!/:6.2.18]
	at org.springframework.web.servlet.DispatcherServlet.doService(DispatcherServlet.java:979) ~[spring-webmvc-6.2.18.jar!/:6.2.18]
	at org.springframework.web.servlet.FrameworkServlet.processRequest(FrameworkServlet.java:1014) ~[spring-webmvc-6.2.18.jar!/:6.2.18]
	at org.springframework.web.servlet.FrameworkServlet.doPost(FrameworkServlet.java:914) ~[spring-webmvc-6.2.18.jar!/:6.2.18]
	at jakarta.servlet.http.HttpServlet.service(HttpServlet.java:590) ~[tomcat-embed-core-10.1.54.jar!/:na]
	at org.springframework.web.servlet.FrameworkServlet.service(FrameworkServlet.java:885) ~[spring-webmvc-6.2.18.jar!/:6.2.18]
	at jakarta.servlet.http.HttpServlet.service(HttpServlet.java:658) ~[tomcat-embed-core-10.1.54.jar!/:na]
	at org.apache.catalina.core.ApplicationFilterChain.internalDoFilter(ApplicationFilterChain.java:193) ~[tomcat-embed-core-10.1.54.jar!/:na]
	at org.apache.catalina.core.ApplicationFilterChain.doFilter(ApplicationFilterChain.java:138) ~[tomcat-embed-core-10.1.54.jar!/:na]
	at org.apache.tomcat.websocket.server.WsFilter.doFilter(WsFilter.java:51) ~[tomcat-embed-websocket-10.1.54.jar!/:na]
	at org.apache.catalina.core.ApplicationFilterChain.internalDoFilter(ApplicationFilterChain.java:162) ~[tomcat-embed-core-10.1.54.jar!/:na]
	at org.apache.catalina.core.ApplicationFilterChain.doFilter(ApplicationFilterChain.java:138) ~[tomcat-embed-core-10.1.54.jar!/:na]
	at org.springframework.web.filter.CorsFilter.doFilterInternal(CorsFilter.java:91) ~[spring-web-6.2.18.jar!/:6.2.18]
	at org.springframework.web.filter.OncePerRequestFilter.doFilter(OncePerRequestFilter.java:116) ~[spring-web-6.2.18.jar!/:6.2.18]
	at org.apache.catalina.core.ApplicationFilterChain.internalDoFilter(ApplicationFilterChain.java:162) ~[tomcat-embed-core-10.1.54.jar!/:na]
	at org.apache.catalina.core.ApplicationFilterChain.doFilter(ApplicationFilterChain.java:138) ~[tomcat-embed-core-10.1.54.jar!/:na]
	at org.springframework.web.filter.RequestContextFilter.doFilterInternal(RequestContextFilter.java:100) ~[spring-web-6.2.18.jar!/:6.2.18]
	at org.springframework.web.filter.OncePerRequestFilter.doFilter(OncePerRequestFilter.java:116) ~[spring-web-6.2.18.jar!/:6.2.18]
	at org.apache.catalina.core.ApplicationFilterChain.internalDoFilter(ApplicationFilterChain.java:162) ~[tomcat-embed-core-10.1.54.jar!/:na]
	at org.apache.catalina.core.ApplicationFilterChain.doFilter(ApplicationFilterChain.java:138) ~[tomcat-embed-core-10.1.54.jar!/:na]
	at org.springframework.web.filter.FormContentFilter.doFilterInternal(FormContentFilter.java:93) ~[spring-web-6.2.18.jar!/:6.2.18]
	at org.springframework.web.filter.OncePerRequestFilter.doFilter(OncePerRequestFilter.java:116) ~[spring-web-6.2.18.jar!/:6.2.18]
	at org.apache.catalina.core.ApplicationFilterChain.internalDoFilter(ApplicationFilterChain.java:162) ~[tomcat-embed-core-10.1.54.jar!/:na]
	at org.apache.catalina.core.ApplicationFilterChain.doFilter(ApplicationFilterChain.java:138) ~[tomcat-embed-core-10.1.54.jar!/:na]
	at org.springframework.web.filter.CharacterEncodingFilter.doFilterInternal(CharacterEncodingFilter.java:201) ~[spring-web-6.2.18.jar!/:6.2.18]
	at org.springframework.web.filter.OncePerRequestFilter.doFilter(OncePerRequestFilter.java:116) ~[spring-web-6.2.18.jar!/:6.2.18]
	at org.apache.catalina.core.ApplicationFilterChain.internalDoFilter(ApplicationFilterChain.java:162) ~[tomcat-embed-core-10.1.54.jar!/:na]
	at org.apache.catalina.core.ApplicationFilterChain.doFilter(ApplicationFilterChain.java:138) ~[tomcat-embed-core-10.1.54.jar!/:na]
	at org.apache.catalina.core.StandardWrapperValve.invoke(StandardWrapperValve.java:165) ~[tomcat-embed-core-10.1.54.jar!/:na]
	at org.apache.catalina.core.StandardContextValve.invoke(StandardContextValve.java:88) ~[tomcat-embed-core-10.1.54.jar!/:na]
	at org.apache.catalina.authenticator.AuthenticatorBase.invoke(AuthenticatorBase.java:492) ~[tomcat-embed-core-10.1.54.jar!/:na]
	at org.apache.catalina.core.StandardHostValve.invoke(StandardHostValve.java:113) ~[tomcat-embed-core-10.1.54.jar!/:na]
	at org.apache.catalina.valves.ErrorReportValve.invoke(ErrorReportValve.java:83) ~[tomcat-embed-core-10.1.54.jar!/:na]
	at org.apache.catalina.core.StandardEngineValve.invoke(StandardEngineValve.java:72) ~[tomcat-embed-core-10.1.54.jar!/:na]
	at org.apache.catalina.connector.CoyoteAdapter.service(CoyoteAdapter.java:342) ~[tomcat-embed-core-10.1.54.jar!/:na]
	at org.apache.coyote.http11.Http11Processor.service(Http11Processor.java:399) ~[tomcat-embed-core-10.1.54.jar!/:na]
	at org.apache.coyote.AbstractProcessorLight.process(AbstractProcessorLight.java:63) ~[tomcat-embed-core-10.1.54.jar!/:na]
	at org.apache.coyote.AbstractProtocol$ConnectionHandler.process(AbstractProtocol.java:903) ~[tomcat-embed-core-10.1.54.jar!/:na]
	at org.apache.tomcat.util.net.NioEndpoint$SocketProcessor.doRun(NioEndpoint.java:1797) ~[tomcat-embed-core-10.1.54.jar!/:na]
	at org.apache.tomcat.util.net.SocketProcessorBase.run(SocketProcessorBase.java:52) ~[tomcat-embed-core-10.1.54.jar!/:na]
	at java.base/java.lang.VirtualThread.run(VirtualThread.java:329) ~[na:na]

2026-10-07T01:18:50.828+08:00  INFO 30560 --- [config-mgr] [         task-1] c.e.c.job.service.AsyncJobExecutor       : Starting job 1 type=EXPORT taskId=2
2026-10-07T01:19:20.209+08:00 ERROR 30560 --- [config-mgr] [cat-handler-191] c.e.c.common.GlobalExceptionHandler      : Unhandled exception

org.springframework.web.context.request.async.AsyncRequestNotUsableException: Servlet container error notification for disconnected client
	at org.springframework.web.context.request.async.WebAsyncManager.lambda$startDeferredResultProcessing$6(WebAsyncManager.java:451) ~[spring-web-6.2.18.jar!/:6.2.18]
	at org.springframework.web.context.request.async.StandardServletAsyncWebRequest.lambda$onError$0(StandardServletAsyncWebRequest.java:195) ~[spring-web-6.2.18.jar!/:6.2.18]
	at java.base/java.util.ArrayList.forEach(ArrayList.java:1596) ~[na:na]
	at org.springframework.web.context.request.async.StandardServletAsyncWebRequest.onError(StandardServletAsyncWebRequest.java:195) ~[spring-web-6.2.18.jar!/:6.2.18]
	at org.apache.catalina.core.AsyncListenerWrapper.fireOnError(AsyncListenerWrapper.java:49) ~[tomcat-embed-core-10.1.54.jar!/:na]
	at org.apache.catalina.core.AsyncContextImpl.setErrorState(AsyncContextImpl.java:413) ~[tomcat-embed-core-10.1.54.jar!/:na]
	at org.apache.catalina.connector.CoyoteAdapter.asyncDispatch(CoyoteAdapter.java:153) ~[tomcat-embed-core-10.1.54.jar!/:na]
	at org.apache.coyote.AbstractProcessor.dispatch(AbstractProcessor.java:243) ~[tomcat-embed-core-10.1.54.jar!/:na]
	at org.apache.coyote.AbstractProcessorLight.process(AbstractProcessorLight.java:57) ~[tomcat-embed-core-10.1.54.jar!/:na]
	at org.apache.coyote.AbstractProtocol$ConnectionHandler.process(AbstractProtocol.java:903) ~[tomcat-embed-core-10.1.54.jar!/:na]
	at org.apache.tomcat.util.net.NioEndpoint$SocketProcessor.doRun(NioEndpoint.java:1797) ~[tomcat-embed-core-10.1.54.jar!/:na]
	at org.apache.tomcat.util.net.SocketProcessorBase.run(SocketProcessorBase.java:52) ~[tomcat-embed-core-10.1.54.jar!/:na]
	at java.base/java.lang.VirtualThread.run(VirtualThread.java:329) ~[na:na]
Caused by: java.io.IOException: Connection reset by peer
	at java.base/sun.nio.ch.SocketDispatcher.write0(Native Method) ~[na:na]
	at java.base/sun.nio.ch.SocketDispatcher.write(SocketDispatcher.java:54) ~[na:na]
	at java.base/sun.nio.ch.IOUtil.writeFromNativeBuffer(IOUtil.java:137) ~[na:na]
	at java.base/sun.nio.ch.IOUtil.write(IOUtil.java:102) ~[na:na]
	at java.base/sun.nio.ch.IOUtil.write(IOUtil.java:58) ~[na:na]
	at java.base/sun.nio.ch.SocketChannelImpl.write(SocketChannelImpl.java:542) ~[na:na]
	at org.apache.tomcat.util.net.NioChannel.write(NioChannel.java:129) ~[tomcat-embed-core-10.1.54.jar!/:na]
	at org.apache.tomcat.util.net.NioEndpoint$NioSocketWrapper.doWrite(NioEndpoint.java:1436) ~[tomcat-embed-core-10.1.54.jar!/:na]
	at org.apache.tomcat.util.net.SocketWrapperBase.doWrite(SocketWrapperBase.java:748) ~[tomcat-embed-core-10.1.54.jar!/:na]
	at org.apache.tomcat.util.net.SocketWrapperBase.flushBlocking(SocketWrapperBase.java:714) ~[tomcat-embed-core-10.1.54.jar!/:na]
	at org.apache.tomcat.util.net.SocketWrapperBase.flush(SocketWrapperBase.java:699) ~[tomcat-embed-core-10.1.54.jar!/:na]
	at org.apache.coyote.http11.Http11OutputBuffer$SocketOutputBuffer.flush(Http11OutputBuffer.java:574) ~[tomcat-embed-core-10.1.54.jar!/:na]
	at org.apache.coyote.http11.filters.ChunkedOutputFilter.flush(ChunkedOutputFilter.java:154) ~[tomcat-embed-core-10.1.54.jar!/:na]
	at org.apache.coyote.http11.Http11OutputBuffer.flush(Http11OutputBuffer.java:216) ~[tomcat-embed-core-10.1.54.jar!/:na]
	at org.apache.coyote.http11.Http11Processor.flush(Http11Processor.java:1283) ~[tomcat-embed-core-10.1.54.jar!/:na]
	at org.apache.coyote.AbstractProcessor.action(AbstractProcessor.java:408) ~[tomcat-embed-core-10.1.54.jar!/:na]
	at org.apache.coyote.Response.action(Response.java:201) ~[tomcat-embed-core-10.1.54.jar!/:na]
	at org.apache.catalina.connector.OutputBuffer.doFlush(OutputBuffer.java:298) ~[tomcat-embed-core-10.1.54.jar!/:na]
	at org.apache.catalina.connector.OutputBuffer.flush(OutputBuffer.java:264) ~[tomcat-embed-core-10.1.54.jar!/:na]
	at org.apache.catalina.connector.CoyoteOutputStream.flush(CoyoteOutputStream.java:130) ~[tomcat-embed-core-10.1.54.jar!/:na]
	at org.springframework.web.context.request.async.StandardServletAsyncWebRequest$LifecycleServletOutputStream.flush(StandardServletAsyncWebRequest.java:415) ~[spring-web-6.2.18.jar!/:6.2.18]
	at org.springframework.util.StreamUtils.copy(StreamUtils.java:137) ~[spring-core-6.2.18.jar!/:6.2.18]
	at org.springframework.http.converter.StringHttpMessageConverter.writeInternal(StringHttpMessageConverter.java:128) ~[spring-web-6.2.18.jar!/:6.2.18]
	at org.springframework.http.converter.StringHttpMessageConverter.writeInternal(StringHttpMessageConverter.java:44) ~[spring-web-6.2.18.jar!/:6.2.18]
	at org.springframework.http.converter.AbstractHttpMessageConverter.write(AbstractHttpMessageConverter.java:234) ~[spring-web-6.2.18.jar!/:6.2.18]
	at org.springframework.web.servlet.mvc.method.annotation.ResponseBodyEmitterReturnValueHandler$DefaultSseEmitterHandler.sendInternal(ResponseBodyEmitterReturnValueHandler.java:315) ~[spring-webmvc-6.2.18.jar!/:6.2.18]
	at org.springframework.web.servlet.mvc.method.annotation.ResponseBodyEmitterReturnValueHandler$DefaultSseEmitterHandler.send(ResponseBodyEmitterReturnValueHandler.java:302) ~[spring-webmvc-6.2.18.jar!/:6.2.18]
	at org.springframework.web.servlet.mvc.method.annotation.ResponseBodyEmitter.sendInternal(ResponseBodyEmitter.java:256) ~[spring-webmvc-6.2.18.jar!/:6.2.18]
	at org.springframework.web.servlet.mvc.method.annotation.ResponseBodyEmitter.send(ResponseBodyEmitter.java:243) ~[spring-webmvc-6.2.18.jar!/:6.2.18]
	at org.springframework.web.servlet.mvc.method.annotation.SseEmitter.send(SseEmitter.java:130) ~[spring-webmvc-6.2.18.jar!/:6.2.18]
	at com.example.configmgr.task.service.TaskSseService.publish(TaskSseService.java:58) ~[!/:1.0.0]
	at com.example.configmgr.task.service.TaskSseService.onTaskChanged(TaskSseService.java:40) ~[!/:1.0.0]
	at java.base/jdk.internal.reflect.DirectMethodHandleAccessor.invoke(DirectMethodHandleAccessor.java:103) ~[na:na]
	at java.base/java.lang.reflect.Method.invoke(Method.java:580) ~[na:na]
	at org.springframework.context.event.ApplicationListenerMethodAdapter.doInvoke(ApplicationListenerMethodAdapter.java:383) ~[spring-context-6.2.18.jar!/:6.2.18]
	at org.springframework.context.event.ApplicationListenerMethodAdapter.processEvent(ApplicationListenerMethodAdapter.java:255) ~[spring-context-6.2.18.jar!/:6.2.18]
	at org.springframework.context.event.ApplicationListenerMethodAdapter.onApplicationEvent(ApplicationListenerMethodAdapter.java:174) ~[spring-context-6.2.18.jar!/:6.2.18]
	at org.springframework.context.event.SimpleApplicationEventMulticaster.doInvokeListener(SimpleApplicationEventMulticaster.java:185) ~[spring-context-6.2.18.jar!/:6.2.18]
	at org.springframework.context.event.SimpleApplicationEventMulticaster.invokeListener(SimpleApplicationEventMulticaster.java:178) ~[spring-context-6.2.18.jar!/:6.2.18]
	at org.springframework.context.event.SimpleApplicationEventMulticaster.multicastEvent(SimpleApplicationEventMulticaster.java:156) ~[spring-context-6.2.18.jar!/:6.2.18]
	at org.springframework.context.support.AbstractApplicationContext.publishEvent(AbstractApplicationContext.java:455) ~[spring-context-6.2.18.jar!/:6.2.18]
	at org.springframework.context.support.AbstractApplicationContext.publishEvent(AbstractApplicationContext.java:388) ~[spring-context-6.2.18.jar!/:6.2.18]
	at com.example.configmgr.task.service.TaskService.publishTaskChanged(TaskService.java:197) ~[!/:1.0.0]
	at com.example.configmgr.task.service.TaskService.setCondition(TaskService.java:104) ~[!/:1.0.0]
	at java.base/jdk.internal.reflect.DirectMethodHandleAccessor.invoke(DirectMethodHandleAccessor.java:103) ~[na:na]
	at java.base/java.lang.reflect.Method.invoke(Method.java:580) ~[na:na]
	at org.springframework.aop.support.AopUtils.invokeJoinpointUsingReflection(AopUtils.java:360) ~[spring-aop-6.2.18.jar!/:6.2.18]
	at org.springframework.aop.framework.ReflectiveMethodInvocation.invokeJoinpoint(ReflectiveMethodInvocation.java:196) ~[spring-aop-6.2.18.jar!/:6.2.18]
	at org.springframework.aop.framework.ReflectiveMethodInvocation.proceed(ReflectiveMethodInvocation.java:163) ~[spring-aop-6.2.18.jar!/:6.2.18]
	at org.springframework.transaction.interceptor.TransactionAspectSupport.invokeWithinTransaction(TransactionAspectSupport.java:380) ~[spring-tx-6.2.18.jar!/:6.2.18]
	at org.springframework.transaction.interceptor.TransactionInterceptor.invoke(TransactionInterceptor.java:119) ~[spring-tx-6.2.18.jar!/:6.2.18]
	at org.springframework.aop.framework.ReflectiveMethodInvocation.proceed(ReflectiveMethodInvocation.java:184) ~[spring-aop-6.2.18.jar!/:6.2.18]
	at org.springframework.aop.framework.CglibAopProxy$DynamicAdvisedInterceptor.intercept(CglibAopProxy.java:728) ~[spring-aop-6.2.18.jar!/:6.2.18]
	at com.example.configmgr.task.service.TaskService$$SpringCGLIB$$0.setCondition(<generated>) ~[!/:1.0.0]
	at com.example.configmgr.task.controller.TaskController.setCondition(TaskController.java:101) ~[!/:1.0.0]
	at java.base/jdk.internal.reflect.DirectMethodHandleAccessor.invoke(DirectMethodHandleAccessor.java:103) ~[na:na]
	at java.base/java.lang.reflect.Method.invoke(Method.java:580) ~[na:na]
	at org.springframework.web.method.support.InvocableHandlerMethod.doInvoke(InvocableHandlerMethod.java:258) ~[spring-web-6.2.18.jar!/:6.2.18]
	at org.springframework.web.method.support.InvocableHandlerMethod.invokeForRequest(InvocableHandlerMethod.java:191) ~[spring-web-6.2.18.jar!/:6.2.18]
	at org.springframework.web.servlet.mvc.method.annotation.ServletInvocableHandlerMethod.invokeAndHandle(ServletInvocableHandlerMethod.java:118) ~[spring-webmvc-6.2.18.jar!/:6.2.18]
	at org.springframework.web.servlet.mvc.method.annotation.RequestMappingHandlerAdapter.invokeHandlerMethod(RequestMappingHandlerAdapter.java:991) ~[spring-webmvc-6.2.18.jar!/:6.2.18]
	at org.springframework.web.servlet.mvc.method.annotation.RequestMappingHandlerAdapter.handleInternal(RequestMappingHandlerAdapter.java:896) ~[spring-webmvc-6.2.18.jar!/:6.2.18]
	at org.springframework.web.servlet.mvc.method.AbstractHandlerMethodAdapter.handle(AbstractHandlerMethodAdapter.java:87) ~[spring-webmvc-6.2.18.jar!/:6.2.18]
	at org.springframework.web.servlet.DispatcherServlet.doDispatch(DispatcherServlet.java:1089) ~[spring-webmvc-6.2.18.jar!/:6.2.18]
	at org.springframework.web.servlet.DispatcherServlet.doService(DispatcherServlet.java:979) ~[spring-webmvc-6.2.18.jar!/:6.2.18]
	at org.springframework.web.servlet.FrameworkServlet.processRequest(FrameworkServlet.java:1014) ~[spring-webmvc-6.2.18.jar!/:6.2.18]
	at org.springframework.web.servlet.FrameworkServlet.doPut(FrameworkServlet.java:925) ~[spring-webmvc-6.2.18.jar!/:6.2.18]
	at jakarta.servlet.http.HttpServlet.service(HttpServlet.java:593) ~[tomcat-embed-core-10.1.54.jar!/:na]
	at org.springframework.web.servlet.FrameworkServlet.service(FrameworkServlet.java:885) ~[spring-webmvc-6.2.18.jar!/:6.2.18]
	at jakarta.servlet.http.HttpServlet.service(HttpServlet.java:658) ~[tomcat-embed-core-10.1.54.jar!/:na]
	at org.apache.catalina.core.ApplicationFilterChain.internalDoFilter(ApplicationFilterChain.java:193) ~[tomcat-embed-core-10.1.54.jar!/:na]
	at org.apache.catalina.core.ApplicationFilterChain.doFilter(ApplicationFilterChain.java:138) ~[tomcat-embed-core-10.1.54.jar!/:na]
	at org.apache.tomcat.websocket.server.WsFilter.doFilter(WsFilter.java:51) ~[tomcat-embed-websocket-10.1.54.jar!/:na]
	at org.apache.catalina.core.ApplicationFilterChain.internalDoFilter(ApplicationFilterChain.java:162) ~[tomcat-embed-core-10.1.54.jar!/:na]
	at org.apache.catalina.core.ApplicationFilterChain.doFilter(ApplicationFilterChain.java:138) ~[tomcat-embed-core-10.1.54.jar!/:na]
	at org.springframework.web.filter.CorsFilter.doFilterInternal(CorsFilter.java:91) ~[spring-web-6.2.18.jar!/:6.2.18]
	at org.springframework.web.filter.OncePerRequestFilter.doFilter(OncePerRequestFilter.java:116) ~[spring-web-6.2.18.jar!/:6.2.18]
	at org.apache.catalina.core.ApplicationFilterChain.internalDoFilter(ApplicationFilterChain.java:162) ~[tomcat-embed-core-10.1.54.jar!/:na]
	at org.apache.catalina.core.ApplicationFilterChain.doFilter(ApplicationFilterChain.java:138) ~[tomcat-embed-core-10.1.54.jar!/:na]
	at org.springframework.web.filter.RequestContextFilter.doFilterInternal(RequestContextFilter.java:100) ~[spring-web-6.2.18.jar!/:6.2.18]
	at org.springframework.web.filter.OncePerRequestFilter.doFilter(OncePerRequestFilter.java:116) ~[spring-web-6.2.18.jar!/:6.2.18]
	at org.apache.catalina.core.ApplicationFilterChain.internalDoFilter(ApplicationFilterChain.java:162) ~[tomcat-embed-core-10.1.54.jar!/:na]
	at org.apache.catalina.core.ApplicationFilterChain.doFilter(ApplicationFilterChain.java:138) ~[tomcat-embed-core-10.1.54.jar!/:na]
	at org.springframework.web.filter.FormContentFilter.doFilterInternal(FormContentFilter.java:93) ~[spring-web-6.2.18.jar!/:6.2.18]
	at org.springframework.web.filter.OncePerRequestFilter.doFilter(OncePerRequestFilter.java:116) ~[spring-web-6.2.18.jar!/:6.2.18]
	at org.apache.catalina.core.ApplicationFilterChain.internalDoFilter(ApplicationFilterChain.java:162) ~[tomcat-embed-core-10.1.54.jar!/:na]
	at org.apache.catalina.core.ApplicationFilterChain.doFilter(ApplicationFilterChain.java:138) ~[tomcat-embed-core-10.1.54.jar!/:na]
	at org.springframework.web.filter.CharacterEncodingFilter.doFilterInternal(CharacterEncodingFilter.java:201) ~[spring-web-6.2.18.jar!/:6.2.18]
	at org.springframework.web.filter.OncePerRequestFilter.doFilter(OncePerRequestFilter.java:116) ~[spring-web-6.2.18.jar!/:6.2.18]
	at org.apache.catalina.core.ApplicationFilterChain.internalDoFilter(ApplicationFilterChain.java:162) ~[tomcat-embed-core-10.1.54.jar!/:na]
	at org.apache.catalina.core.ApplicationFilterChain.doFilter(ApplicationFilterChain.java:138) ~[tomcat-embed-core-10.1.54.jar!/:na]
	at org.apache.catalina.core.StandardWrapperValve.invoke(StandardWrapperValve.java:165) ~[tomcat-embed-core-10.1.54.jar!/:na]
	at org.apache.catalina.core.StandardContextValve.invoke(StandardContextValve.java:88) ~[tomcat-embed-core-10.1.54.jar!/:na]
	at org.apache.catalina.authenticator.AuthenticatorBase.invoke(AuthenticatorBase.java:492) ~[tomcat-embed-core-10.1.54.jar!/:na]
	at org.apache.catalina.core.StandardHostValve.invoke(StandardHostValve.java:113) ~[tomcat-embed-core-10.1.54.jar!/:na]
	at org.apache.catalina.valves.ErrorReportValve.invoke(ErrorReportValve.java:83) ~[tomcat-embed-core-10.1.54.jar!/:na]
	at org.apache.catalina.core.StandardEngineValve.invoke(StandardEngineValve.java:72) ~[tomcat-embed-core-10.1.54.jar!/:na]
	at org.apache.catalina.connector.CoyoteAdapter.service(CoyoteAdapter.java:342) ~[tomcat-embed-core-10.1.54.jar!/:na]
	at org.apache.coyote.http11.Http11Processor.service(Http11Processor.java:399) ~[tomcat-embed-core-10.1.54.jar!/:na]
	at org.apache.coyote.AbstractProcessorLight.process(AbstractProcessorLight.java:63) ~[tomcat-embed-core-10.1.54.jar!/:na]
	... 4 common frames omitted

2026-10-07T01:19:20.211+08:00  WARN 30560 --- [config-mgr] [cat-handler-191] .m.m.a.ExceptionHandlerExceptionResolver : Failure in @ExceptionHandler com.example.configmgr.common.GlobalExceptionHandler#handleGeneral(Exception)

org.springframework.http.converter.HttpMessageNotWritableException: No converter for [class com.example.configmgr.common.ApiResponse] with preset Content-Type 'text/event-stream'
	at org.springframework.web.servlet.mvc.method.annotation.AbstractMessageConverterMethodProcessor.writeWithMessageConverters(AbstractMessageConverterMethodProcessor.java:364) ~[spring-webmvc-6.2.18.jar!/:6.2.18]
	at org.springframework.web.servlet.mvc.method.annotation.HttpEntityMethodProcessor.handleReturnValue(HttpEntityMethodProcessor.java:263) ~[spring-webmvc-6.2.18.jar!/:6.2.18]
	at org.springframework.web.method.support.HandlerMethodReturnValueHandlerComposite.handleReturnValue(HandlerMethodReturnValueHandlerComposite.java:78) ~[spring-web-6.2.18.jar!/:6.2.18]
	at org.springframework.web.servlet.mvc.method.annotation.ServletInvocableHandlerMethod.invokeAndHandle(ServletInvocableHandlerMethod.java:136) ~[spring-webmvc-6.2.18.jar!/:6.2.18]
	at org.springframework.web.servlet.mvc.method.annotation.ExceptionHandlerExceptionResolver.doResolveHandlerMethodException(ExceptionHandlerExceptionResolver.java:471) ~[spring-webmvc-6.2.18.jar!/:6.2.18]
	at org.springframework.web.servlet.handler.AbstractHandlerMethodExceptionResolver.doResolveException(AbstractHandlerMethodExceptionResolver.java:73) ~[spring-webmvc-6.2.18.jar!/:6.2.18]
	at org.springframework.web.servlet.handler.AbstractHandlerExceptionResolver.resolveException(AbstractHandlerExceptionResolver.java:182) ~[spring-webmvc-6.2.18.jar!/:6.2.18]
	at org.springframework.web.servlet.handler.HandlerExceptionResolverComposite.resolveException(HandlerExceptionResolverComposite.java:80) ~[spring-webmvc-6.2.18.jar!/:6.2.18]
	at org.springframework.web.servlet.DispatcherServlet.processHandlerException(DispatcherServlet.java:1360) ~[spring-webmvc-6.2.18.jar!/:6.2.18]
	at org.springframework.web.servlet.DispatcherServlet.processDispatchResult(DispatcherServlet.java:1161) ~[spring-webmvc-6.2.18.jar!/:6.2.18]
	at org.springframework.web.servlet.DispatcherServlet.doDispatch(DispatcherServlet.java:1106) ~[spring-webmvc-6.2.18.jar!/:6.2.18]
	at org.springframework.web.servlet.DispatcherServlet.doService(DispatcherServlet.java:979) ~[spring-webmvc-6.2.18.jar!/:6.2.18]
	at org.springframework.web.servlet.FrameworkServlet.processRequest(FrameworkServlet.java:1014) ~[spring-webmvc-6.2.18.jar!/:6.2.18]
	at org.springframework.web.servlet.FrameworkServlet.doGet(FrameworkServlet.java:903) ~[spring-webmvc-6.2.18.jar!/:6.2.18]
	at jakarta.servlet.http.HttpServlet.service(HttpServlet.java:564) ~[tomcat-embed-core-10.1.54.jar!/:na]
	at org.springframework.web.servlet.FrameworkServlet.service(FrameworkServlet.java:885) ~[spring-webmvc-6.2.18.jar!/:6.2.18]
	at jakarta.servlet.http.HttpServlet.service(HttpServlet.java:658) ~[tomcat-embed-core-10.1.54.jar!/:na]
	at org.apache.catalina.core.ApplicationFilterChain.internalDoFilter(ApplicationFilterChain.java:193) ~[tomcat-embed-core-10.1.54.jar!/:na]
	at org.apache.catalina.core.ApplicationFilterChain.doFilter(ApplicationFilterChain.java:138) ~[tomcat-embed-core-10.1.54.jar!/:na]
	at org.springframework.web.filter.OncePerRequestFilter.doFilter(OncePerRequestFilter.java:101) ~[spring-web-6.2.18.jar!/:6.2.18]
	at org.apache.catalina.core.ApplicationFilterChain.internalDoFilter(ApplicationFilterChain.java:162) ~[tomcat-embed-core-10.1.54.jar!/:na]
	at org.apache.catalina.core.ApplicationFilterChain.doFilter(ApplicationFilterChain.java:138) ~[tomcat-embed-core-10.1.54.jar!/:na]
	at org.springframework.web.filter.RequestContextFilter.doFilterInternal(RequestContextFilter.java:100) ~[spring-web-6.2.18.jar!/:6.2.18]
	at org.springframework.web.filter.OncePerRequestFilter.doFilter(OncePerRequestFilter.java:116) ~[spring-web-6.2.18.jar!/:6.2.18]
	at org.apache.catalina.core.ApplicationFilterChain.internalDoFilter(ApplicationFilterChain.java:162) ~[tomcat-embed-core-10.1.54.jar!/:na]
	at org.apache.catalina.core.ApplicationFilterChain.doFilter(ApplicationFilterChain.java:138) ~[tomcat-embed-core-10.1.54.jar!/:na]
	at org.springframework.web.filter.OncePerRequestFilter.doFilter(OncePerRequestFilter.java:101) ~[spring-web-6.2.18.jar!/:6.2.18]
	at org.apache.catalina.core.ApplicationFilterChain.internalDoFilter(ApplicationFilterChain.java:162) ~[tomcat-embed-core-10.1.54.jar!/:na]
	at org.apache.catalina.core.ApplicationFilterChain.doFilter(ApplicationFilterChain.java:138) ~[tomcat-embed-core-10.1.54.jar!/:na]
	at org.springframework.web.filter.OncePerRequestFilter.doFilter(OncePerRequestFilter.java:101) ~[spring-web-6.2.18.jar!/:6.2.18]
	at org.apache.catalina.core.ApplicationFilterChain.internalDoFilter(ApplicationFilterChain.java:162) ~[tomcat-embed-core-10.1.54.jar!/:na]
	at org.apache.catalina.core.ApplicationFilterChain.doFilter(ApplicationFilterChain.java:138) ~[tomcat-embed-core-10.1.54.jar!/:na]
	at org.apache.catalina.core.ApplicationDispatcher.invoke(ApplicationDispatcher.java:610) ~[tomcat-embed-core-10.1.54.jar!/:na]
	at org.apache.catalina.core.ApplicationDispatcher.doDispatch(ApplicationDispatcher.java:538) ~[tomcat-embed-core-10.1.54.jar!/:na]
	at org.apache.catalina.core.ApplicationDispatcher.dispatch(ApplicationDispatcher.java:509) ~[tomcat-embed-core-10.1.54.jar!/:na]
	at org.apache.catalina.core.AsyncContextImpl$AsyncRunnable.run(AsyncContextImpl.java:599) ~[tomcat-embed-core-10.1.54.jar!/:na]
	at org.apache.catalina.core.AsyncContextImpl.doInternalDispatch(AsyncContextImpl.java:342) ~[tomcat-embed-core-10.1.54.jar!/:na]
	at org.apache.catalina.core.StandardWrapperValve.invoke(StandardWrapperValve.java:163) ~[tomcat-embed-core-10.1.54.jar!/:na]
	at org.apache.catalina.core.StandardContextValve.invoke(StandardContextValve.java:88) ~[tomcat-embed-core-10.1.54.jar!/:na]
	at org.apache.catalina.authenticator.AuthenticatorBase.invoke(AuthenticatorBase.java:492) ~[tomcat-embed-core-10.1.54.jar!/:na]
	at org.apache.catalina.core.StandardHostValve.invoke(StandardHostValve.java:113) ~[tomcat-embed-core-10.1.54.jar!/:na]
	at org.apache.catalina.valves.ErrorReportValve.invoke(ErrorReportValve.java:83) ~[tomcat-embed-core-10.1.54.jar!/:na]
	at org.apache.catalina.core.StandardEngineValve.invoke(StandardEngineValve.java:72) ~[tomcat-embed-core-10.1.54.jar!/:na]
	at org.apache.catalina.connector.CoyoteAdapter.asyncDispatch(CoyoteAdapter.java:237) ~[tomcat-embed-core-10.1.54.jar!/:na]
	at org.apache.coyote.AbstractProcessor.dispatch(AbstractProcessor.java:243) ~[tomcat-embed-core-10.1.54.jar!/:na]
	at org.apache.coyote.AbstractProcessorLight.process(AbstractProcessorLight.java:57) ~[tomcat-embed-core-10.1.54.jar!/:na]
	at org.apache.coyote.AbstractProtocol$ConnectionHandler.process(AbstractProtocol.java:903) ~[tomcat-embed-core-10.1.54.jar!/:na]
	at org.apache.tomcat.util.net.NioEndpoint$SocketProcessor.doRun(NioEndpoint.java:1797) ~[tomcat-embed-core-10.1.54.jar!/:na]
	at org.apache.tomcat.util.net.SocketProcessorBase.run(SocketProcessorBase.java:52) ~[tomcat-embed-core-10.1.54.jar!/:na]
	at java.base/java.lang.VirtualThread.run(VirtualThread.java:329) ~[na:na]

2026-10-07T01:19:24.364+08:00  INFO 30560 --- [config-mgr] [         task-2] c.e.c.job.service.AsyncJobExecutor       : Starting job 2 type=EXPORT taskId=2
2026-10-07T01:20:21.615+08:00 DEBUG 30560 --- [config-mgr] [cat-handler-247] c.e.configmgr.file.FileStorageService    : Stored file currency_Сдƥ��.xlsx -> .\data\files\183cb6a5-5c63-425e-8491-2ca41d40f51a.xlsx
2026-10-07T01:20:21.794+08:00 DEBUG 30560 --- [config-mgr] [cat-handler-248] c.e.configmgr.file.FileStorageService    : Stored file CURRENCY-���ַ�ƥ��.xlsx -> .\data\files\0369de8e-5e1d-4d8c-9c39-d0566d392724.xlsx
2026-10-07T01:20:21.967+08:00 DEBUG 30560 --- [config-mgr] [cat-handler-249] c.e.configmgr.file.FileStorageService    : Stored file CURRENCY_����2026.xlsx -> .\data\files\447a70c1-a1c2-43a0-8997-1709c75b2bb2.xlsx
2026-10-07T01:20:22.154+08:00 DEBUG 30560 --- [config-mgr] [cat-handler-251] c.e.configmgr.file.FileStorageService    : Stored file CURRENCY.xlsx -> .\data\files\947367cd-0a0c-4d5e-b946-6ee97459d60b.xlsx
2026-10-07T01:20:22.299+08:00 DEBUG 30560 --- [config-mgr] [cat-handler-252] c.e.configmgr.file.FileStorageService    : Stored file CURRENCY_汇率2026.xlsx -> .\data\files\94f8fca3-1387-44a8-a84a-76d6ab6a5866.xlsx
2026-10-07T01:20:22.302+08:00 DEBUG 30560 --- [config-mgr] [cat-handler-252] c.e.configmgr.file.FileStorageService    : Stored file DOC_TYPE_枚举探针.xlsx -> .\data\files\88bf7b9d-fe14-40be-8022-a05319d8dc7d.xlsx
2026-10-07T01:20:32.032+08:00 DEBUG 30560 --- [config-mgr] [cat-handler-255] c.e.configmgr.file.FileStorageService    : Stored file CURRENCY_汇率2026.xlsx -> .\data\files\4556dffe-9bcb-4699-a63b-8f63f35ebf6c.xlsx
2026-10-07T01:20:32.239+08:00 DEBUG 30560 --- [config-mgr] [cat-handler-256] c.e.configmgr.file.FileStorageService    : Stored file CURRENCY_货币字典_带缺陷.xlsx -> .\data\files\7cb22298-3fe3-40b7-8069-06eb181400e5.xlsx
2026-10-07T01:20:32.260+08:00 DEBUG 30560 --- [config-mgr] [cat-handler-257] c.e.configmgr.file.FileStorageService    : Stored file DOC_TYPE_枚举探针.xlsx -> .\data\files\8468da97-3fd5-403d-bafa-accc75938b35.xlsx
2026-10-07T01:20:32.282+08:00 DEBUG 30560 --- [config-mgr] [cat-handler-258] c.e.configmgr.file.FileStorageService    : Stored file APPROVE_ROLE_新增行.xlsx -> .\data\files\35737c50-dac5-4f5a-817c-f6475fdc639a.xlsx
2026-10-07T01:20:32.302+08:00 DEBUG 30560 --- [config-mgr] [cat-handler-259] c.e.configmgr.file.FileStorageService    : Stored file PROJ_APPROVE_引用缺陷.xlsx -> .\data\files\f46553f5-7bbd-4f4b-928f-5623ac0c470e.xlsx
2026-10-07T01:20:38.537+08:00  INFO 30560 --- [config-mgr] [         task-3] c.e.c.job.service.AsyncJobExecutor       : Starting job 3 type=PRECHECK taskId=3
2026-10-07T01:20:50.922+08:00 ERROR 30560 --- [config-mgr] [cat-handler-306] c.e.c.common.GlobalExceptionHandler      : Unhandled exception

org.springframework.web.context.request.async.AsyncRequestNotUsableException: Servlet container error notification for disconnected client
	at org.springframework.web.context.request.async.WebAsyncManager.lambda$startDeferredResultProcessing$6(WebAsyncManager.java:451) ~[spring-web-6.2.18.jar!/:6.2.18]
	at org.springframework.web.context.request.async.StandardServletAsyncWebRequest.lambda$onError$0(StandardServletAsyncWebRequest.java:195) ~[spring-web-6.2.18.jar!/:6.2.18]
	at java.base/java.util.ArrayList.forEach(ArrayList.java:1596) ~[na:na]
	at org.springframework.web.context.request.async.StandardServletAsyncWebRequest.onError(StandardServletAsyncWebRequest.java:195) ~[spring-web-6.2.18.jar!/:6.2.18]
	at org.apache.catalina.core.AsyncListenerWrapper.fireOnError(AsyncListenerWrapper.java:49) ~[tomcat-embed-core-10.1.54.jar!/:na]
	at org.apache.catalina.core.AsyncContextImpl.setErrorState(AsyncContextImpl.java:413) ~[tomcat-embed-core-10.1.54.jar!/:na]
	at org.apache.catalina.connector.CoyoteAdapter.asyncDispatch(CoyoteAdapter.java:153) ~[tomcat-embed-core-10.1.54.jar!/:na]
	at org.apache.coyote.AbstractProcessor.dispatch(AbstractProcessor.java:243) ~[tomcat-embed-core-10.1.54.jar!/:na]
	at org.apache.coyote.AbstractProcessorLight.process(AbstractProcessorLight.java:57) ~[tomcat-embed-core-10.1.54.jar!/:na]
	at org.apache.coyote.AbstractProtocol$ConnectionHandler.process(AbstractProtocol.java:903) ~[tomcat-embed-core-10.1.54.jar!/:na]
	at org.apache.tomcat.util.net.NioEndpoint$SocketProcessor.doRun(NioEndpoint.java:1797) ~[tomcat-embed-core-10.1.54.jar!/:na]
	at org.apache.tomcat.util.net.SocketProcessorBase.run(SocketProcessorBase.java:52) ~[tomcat-embed-core-10.1.54.jar!/:na]
	at java.base/java.lang.VirtualThread.run(VirtualThread.java:329) ~[na:na]
Caused by: java.io.IOException: Connection reset by peer
	at java.base/sun.nio.ch.SocketDispatcher.write0(Native Method) ~[na:na]
	at java.base/sun.nio.ch.SocketDispatcher.write(SocketDispatcher.java:54) ~[na:na]
	at java.base/sun.nio.ch.IOUtil.writeFromNativeBuffer(IOUtil.java:137) ~[na:na]
	at java.base/sun.nio.ch.IOUtil.write(IOUtil.java:102) ~[na:na]
	at java.base/sun.nio.ch.IOUtil.write(IOUtil.java:58) ~[na:na]
	at java.base/sun.nio.ch.SocketChannelImpl.write(SocketChannelImpl.java:542) ~[na:na]
	at org.apache.tomcat.util.net.NioChannel.write(NioChannel.java:129) ~[tomcat-embed-core-10.1.54.jar!/:na]
	at org.apache.tomcat.util.net.NioEndpoint$NioSocketWrapper.doWrite(NioEndpoint.java:1436) ~[tomcat-embed-core-10.1.54.jar!/:na]
	at org.apache.tomcat.util.net.SocketWrapperBase.doWrite(SocketWrapperBase.java:748) ~[tomcat-embed-core-10.1.54.jar!/:na]
	at org.apache.tomcat.util.net.SocketWrapperBase.flushBlocking(SocketWrapperBase.java:714) ~[tomcat-embed-core-10.1.54.jar!/:na]
	at org.apache.tomcat.util.net.SocketWrapperBase.flush(SocketWrapperBase.java:699) ~[tomcat-embed-core-10.1.54.jar!/:na]
	at org.apache.coyote.http11.Http11OutputBuffer$SocketOutputBuffer.flush(Http11OutputBuffer.java:574) ~[tomcat-embed-core-10.1.54.jar!/:na]
	at org.apache.coyote.http11.filters.ChunkedOutputFilter.flush(ChunkedOutputFilter.java:154) ~[tomcat-embed-core-10.1.54.jar!/:na]
	at org.apache.coyote.http11.Http11OutputBuffer.flush(Http11OutputBuffer.java:216) ~[tomcat-embed-core-10.1.54.jar!/:na]
	at org.apache.coyote.http11.Http11Processor.flush(Http11Processor.java:1283) ~[tomcat-embed-core-10.1.54.jar!/:na]
	at org.apache.coyote.AbstractProcessor.action(AbstractProcessor.java:408) ~[tomcat-embed-core-10.1.54.jar!/:na]
	at org.apache.coyote.Response.action(Response.java:201) ~[tomcat-embed-core-10.1.54.jar!/:na]
	at org.apache.catalina.connector.OutputBuffer.doFlush(OutputBuffer.java:298) ~[tomcat-embed-core-10.1.54.jar!/:na]
	at org.apache.catalina.connector.OutputBuffer.flush(OutputBuffer.java:264) ~[tomcat-embed-core-10.1.54.jar!/:na]
	at org.apache.catalina.connector.CoyoteOutputStream.flush(CoyoteOutputStream.java:130) ~[tomcat-embed-core-10.1.54.jar!/:na]
	at org.springframework.web.context.request.async.StandardServletAsyncWebRequest$LifecycleServletOutputStream.flush(StandardServletAsyncWebRequest.java:415) ~[spring-web-6.2.18.jar!/:6.2.18]
	at org.springframework.util.StreamUtils.copy(StreamUtils.java:137) ~[spring-core-6.2.18.jar!/:6.2.18]
	at org.springframework.http.converter.StringHttpMessageConverter.writeInternal(StringHttpMessageConverter.java:128) ~[spring-web-6.2.18.jar!/:6.2.18]
	at org.springframework.http.converter.StringHttpMessageConverter.writeInternal(StringHttpMessageConverter.java:44) ~[spring-web-6.2.18.jar!/:6.2.18]
	at org.springframework.http.converter.AbstractHttpMessageConverter.write(AbstractHttpMessageConverter.java:234) ~[spring-web-6.2.18.jar!/:6.2.18]
	at org.springframework.web.servlet.mvc.method.annotation.ResponseBodyEmitterReturnValueHandler$DefaultSseEmitterHandler.sendInternal(ResponseBodyEmitterReturnValueHandler.java:315) ~[spring-webmvc-6.2.18.jar!/:6.2.18]
	at org.springframework.web.servlet.mvc.method.annotation.ResponseBodyEmitterReturnValueHandler$DefaultSseEmitterHandler.send(ResponseBodyEmitterReturnValueHandler.java:302) ~[spring-webmvc-6.2.18.jar!/:6.2.18]
	at org.springframework.web.servlet.mvc.method.annotation.ResponseBodyEmitter.sendInternal(ResponseBodyEmitter.java:256) ~[spring-webmvc-6.2.18.jar!/:6.2.18]
	at org.springframework.web.servlet.mvc.method.annotation.ResponseBodyEmitter.send(ResponseBodyEmitter.java:243) ~[spring-webmvc-6.2.18.jar!/:6.2.18]
	at org.springframework.web.servlet.mvc.method.annotation.SseEmitter.send(SseEmitter.java:130) ~[spring-webmvc-6.2.18.jar!/:6.2.18]
	at com.example.configmgr.task.service.TaskSseService.publish(TaskSseService.java:58) ~[!/:1.0.0]
	at com.example.configmgr.task.service.TaskSseService.onTaskChanged(TaskSseService.java:40) ~[!/:1.0.0]
	at java.base/jdk.internal.reflect.DirectMethodHandleAccessor.invoke(DirectMethodHandleAccessor.java:103) ~[na:na]
	at java.base/java.lang.reflect.Method.invoke(Method.java:580) ~[na:na]
	at org.springframework.context.event.ApplicationListenerMethodAdapter.doInvoke(ApplicationListenerMethodAdapter.java:383) ~[spring-context-6.2.18.jar!/:6.2.18]
	at org.springframework.context.event.ApplicationListenerMethodAdapter.processEvent(ApplicationListenerMethodAdapter.java:255) ~[spring-context-6.2.18.jar!/:6.2.18]
	at org.springframework.context.event.ApplicationListenerMethodAdapter.onApplicationEvent(ApplicationListenerMethodAdapter.java:174) ~[spring-context-6.2.18.jar!/:6.2.18]
	at org.springframework.context.event.SimpleApplicationEventMulticaster.doInvokeListener(SimpleApplicationEventMulticaster.java:185) ~[spring-context-6.2.18.jar!/:6.2.18]
	at org.springframework.context.event.SimpleApplicationEventMulticaster.invokeListener(SimpleApplicationEventMulticaster.java:178) ~[spring-context-6.2.18.jar!/:6.2.18]
	at org.springframework.context.event.SimpleApplicationEventMulticaster.multicastEvent(SimpleApplicationEventMulticaster.java:156) ~[spring-context-6.2.18.jar!/:6.2.18]
	at org.springframework.context.support.AbstractApplicationContext.publishEvent(AbstractApplicationContext.java:455) ~[spring-context-6.2.18.jar!/:6.2.18]
	at org.springframework.context.support.AbstractApplicationContext.publishEvent(AbstractApplicationContext.java:388) ~[spring-context-6.2.18.jar!/:6.2.18]
	at com.example.configmgr.task.service.TaskService.publishTaskChanged(TaskService.java:197) ~[!/:1.0.0]
	at com.example.configmgr.task.service.TaskService.goToStep(TaskService.java:113) ~[!/:1.0.0]
	at java.base/jdk.internal.reflect.DirectMethodHandleAccessor.invoke(DirectMethodHandleAccessor.java:103) ~[na:na]
	at java.base/java.lang.reflect.Method.invoke(Method.java:580) ~[na:na]
	at org.springframework.aop.support.AopUtils.invokeJoinpointUsingReflection(AopUtils.java:360) ~[spring-aop-6.2.18.jar!/:6.2.18]
	at org.springframework.aop.framework.ReflectiveMethodInvocation.invokeJoinpoint(ReflectiveMethodInvocation.java:196) ~[spring-aop-6.2.18.jar!/:6.2.18]
	at org.springframework.aop.framework.ReflectiveMethodInvocation.proceed(ReflectiveMethodInvocation.java:163) ~[spring-aop-6.2.18.jar!/:6.2.18]
	at org.springframework.transaction.interceptor.TransactionAspectSupport.invokeWithinTransaction(TransactionAspectSupport.java:380) ~[spring-tx-6.2.18.jar!/:6.2.18]
	at org.springframework.transaction.interceptor.TransactionInterceptor.invoke(TransactionInterceptor.java:119) ~[spring-tx-6.2.18.jar!/:6.2.18]
	at org.springframework.aop.framework.ReflectiveMethodInvocation.proceed(ReflectiveMethodInvocation.java:184) ~[spring-aop-6.2.18.jar!/:6.2.18]
	at org.springframework.aop.framework.CglibAopProxy$DynamicAdvisedInterceptor.intercept(CglibAopProxy.java:728) ~[spring-aop-6.2.18.jar!/:6.2.18]
	at com.example.configmgr.task.service.TaskService$$SpringCGLIB$$0.goToStep(<generated>) ~[!/:1.0.0]
	at com.example.configmgr.task.controller.TaskController.goToStep(TaskController.java:107) ~[!/:1.0.0]
	at java.base/jdk.internal.reflect.DirectMethodHandleAccessor.invoke(DirectMethodHandleAccessor.java:103) ~[na:na]
	at java.base/java.lang.reflect.Method.invoke(Method.java:580) ~[na:na]
	at org.springframework.web.method.support.InvocableHandlerMethod.doInvoke(InvocableHandlerMethod.java:258) ~[spring-web-6.2.18.jar!/:6.2.18]
	at org.springframework.web.method.support.InvocableHandlerMethod.invokeForRequest(InvocableHandlerMethod.java:191) ~[spring-web-6.2.18.jar!/:6.2.18]
	at org.springframework.web.servlet.mvc.method.annotation.ServletInvocableHandlerMethod.invokeAndHandle(ServletInvocableHandlerMethod.java:118) ~[spring-webmvc-6.2.18.jar!/:6.2.18]
	at org.springframework.web.servlet.mvc.method.annotation.RequestMappingHandlerAdapter.invokeHandlerMethod(RequestMappingHandlerAdapter.java:991) ~[spring-webmvc-6.2.18.jar!/:6.2.18]
	at org.springframework.web.servlet.mvc.method.annotation.RequestMappingHandlerAdapter.handleInternal(RequestMappingHandlerAdapter.java:896) ~[spring-webmvc-6.2.18.jar!/:6.2.18]
	at org.springframework.web.servlet.mvc.method.AbstractHandlerMethodAdapter.handle(AbstractHandlerMethodAdapter.java:87) ~[spring-webmvc-6.2.18.jar!/:6.2.18]
	at org.springframework.web.servlet.DispatcherServlet.doDispatch(DispatcherServlet.java:1089) ~[spring-webmvc-6.2.18.jar!/:6.2.18]
	at org.springframework.web.servlet.DispatcherServlet.doService(DispatcherServlet.java:979) ~[spring-webmvc-6.2.18.jar!/:6.2.18]
	at org.springframework.web.servlet.FrameworkServlet.processRequest(FrameworkServlet.java:1014) ~[spring-webmvc-6.2.18.jar!/:6.2.18]
	at org.springframework.web.servlet.FrameworkServlet.doPut(FrameworkServlet.java:925) ~[spring-webmvc-6.2.18.jar!/:6.2.18]
	at jakarta.servlet.http.HttpServlet.service(HttpServlet.java:593) ~[tomcat-embed-core-10.1.54.jar!/:na]
	at org.springframework.web.servlet.FrameworkServlet.service(FrameworkServlet.java:885) ~[spring-webmvc-6.2.18.jar!/:6.2.18]
	at jakarta.servlet.http.HttpServlet.service(HttpServlet.java:658) ~[tomcat-embed-core-10.1.54.jar!/:na]
	at org.apache.catalina.core.ApplicationFilterChain.internalDoFilter(ApplicationFilterChain.java:193) ~[tomcat-embed-core-10.1.54.jar!/:na]
	at org.apache.catalina.core.ApplicationFilterChain.doFilter(ApplicationFilterChain.java:138) ~[tomcat-embed-core-10.1.54.jar!/:na]
	at org.apache.tomcat.websocket.server.WsFilter.doFilter(WsFilter.java:51) ~[tomcat-embed-websocket-10.1.54.jar!/:na]
	at org.apache.catalina.core.ApplicationFilterChain.internalDoFilter(ApplicationFilterChain.java:162) ~[tomcat-embed-core-10.1.54.jar!/:na]
	at org.apache.catalina.core.ApplicationFilterChain.doFilter(ApplicationFilterChain.java:138) ~[tomcat-embed-core-10.1.54.jar!/:na]
	at org.springframework.web.filter.CorsFilter.doFilterInternal(CorsFilter.java:91) ~[spring-web-6.2.18.jar!/:6.2.18]
	at org.springframework.web.filter.OncePerRequestFilter.doFilter(OncePerRequestFilter.java:116) ~[spring-web-6.2.18.jar!/:6.2.18]
	at org.apache.catalina.core.ApplicationFilterChain.internalDoFilter(ApplicationFilterChain.java:162) ~[tomcat-embed-core-10.1.54.jar!/:na]
	at org.apache.catalina.core.ApplicationFilterChain.doFilter(ApplicationFilterChain.java:138) ~[tomcat-embed-core-10.1.54.jar!/:na]
	at org.springframework.web.filter.RequestContextFilter.doFilterInternal(RequestContextFilter.java:100) ~[spring-web-6.2.18.jar!/:6.2.18]
	at org.springframework.web.filter.OncePerRequestFilter.doFilter(OncePerRequestFilter.java:116) ~[spring-web-6.2.18.jar!/:6.2.18]
	at org.apache.catalina.core.ApplicationFilterChain.internalDoFilter(ApplicationFilterChain.java:162) ~[tomcat-embed-core-10.1.54.jar!/:na]
	at org.apache.catalina.core.ApplicationFilterChain.doFilter(ApplicationFilterChain.java:138) ~[tomcat-embed-core-10.1.54.jar!/:na]
	at org.springframework.web.filter.FormContentFilter.doFilterInternal(FormContentFilter.java:93) ~[spring-web-6.2.18.jar!/:6.2.18]
	at org.springframework.web.filter.OncePerRequestFilter.doFilter(OncePerRequestFilter.java:116) ~[spring-web-6.2.18.jar!/:6.2.18]
	at org.apache.catalina.core.ApplicationFilterChain.internalDoFilter(ApplicationFilterChain.java:162) ~[tomcat-embed-core-10.1.54.jar!/:na]
	at org.apache.catalina.core.ApplicationFilterChain.doFilter(ApplicationFilterChain.java:138) ~[tomcat-embed-core-10.1.54.jar!/:na]
	at org.springframework.web.filter.CharacterEncodingFilter.doFilterInternal(CharacterEncodingFilter.java:201) ~[spring-web-6.2.18.jar!/:6.2.18]
	at org.springframework.web.filter.OncePerRequestFilter.doFilter(OncePerRequestFilter.java:116) ~[spring-web-6.2.18.jar!/:6.2.18]
	at org.apache.catalina.core.ApplicationFilterChain.internalDoFilter(ApplicationFilterChain.java:162) ~[tomcat-embed-core-10.1.54.jar!/:na]
	at org.apache.catalina.core.ApplicationFilterChain.doFilter(ApplicationFilterChain.java:138) ~[tomcat-embed-core-10.1.54.jar!/:na]
	at org.apache.catalina.core.StandardWrapperValve.invoke(StandardWrapperValve.java:165) ~[tomcat-embed-core-10.1.54.jar!/:na]
	at org.apache.catalina.core.StandardContextValve.invoke(StandardContextValve.java:88) ~[tomcat-embed-core-10.1.54.jar!/:na]
	at org.apache.catalina.authenticator.AuthenticatorBase.invoke(AuthenticatorBase.java:492) ~[tomcat-embed-core-10.1.54.jar!/:na]
	at org.apache.catalina.core.StandardHostValve.invoke(StandardHostValve.java:113) ~[tomcat-embed-core-10.1.54.jar!/:na]
	at org.apache.catalina.valves.ErrorReportValve.invoke(ErrorReportValve.java:83) ~[tomcat-embed-core-10.1.54.jar!/:na]
	at org.apache.catalina.core.StandardEngineValve.invoke(StandardEngineValve.java:72) ~[tomcat-embed-core-10.1.54.jar!/:na]
	at org.apache.catalina.connector.CoyoteAdapter.service(CoyoteAdapter.java:342) ~[tomcat-embed-core-10.1.54.jar!/:na]
	at org.apache.coyote.http11.Http11Processor.service(Http11Processor.java:399) ~[tomcat-embed-core-10.1.54.jar!/:na]
	at org.apache.coyote.AbstractProcessorLight.process(AbstractProcessorLight.java:63) ~[tomcat-embed-core-10.1.54.jar!/:na]
	... 4 common frames omitted

2026-10-07T01:20:50.923+08:00  WARN 30560 --- [config-mgr] [cat-handler-306] .m.m.a.ExceptionHandlerExceptionResolver : Failure in @ExceptionHandler com.example.configmgr.common.GlobalExceptionHandler#handleGeneral(Exception)

org.springframework.http.converter.HttpMessageNotWritableException: No converter for [class com.example.configmgr.common.ApiResponse] with preset Content-Type 'text/event-stream'
	at org.springframework.web.servlet.mvc.method.annotation.AbstractMessageConverterMethodProcessor.writeWithMessageConverters(AbstractMessageConverterMethodProcessor.java:364) ~[spring-webmvc-6.2.18.jar!/:6.2.18]
	at org.springframework.web.servlet.mvc.method.annotation.HttpEntityMethodProcessor.handleReturnValue(HttpEntityMethodProcessor.java:263) ~[spring-webmvc-6.2.18.jar!/:6.2.18]
	at org.springframework.web.method.support.HandlerMethodReturnValueHandlerComposite.handleReturnValue(HandlerMethodReturnValueHandlerComposite.java:78) ~[spring-web-6.2.18.jar!/:6.2.18]
	at org.springframework.web.servlet.mvc.method.annotation.ServletInvocableHandlerMethod.invokeAndHandle(ServletInvocableHandlerMethod.java:136) ~[spring-webmvc-6.2.18.jar!/:6.2.18]
	at org.springframework.web.servlet.mvc.method.annotation.ExceptionHandlerExceptionResolver.doResolveHandlerMethodException(ExceptionHandlerExceptionResolver.java:471) ~[spring-webmvc-6.2.18.jar!/:6.2.18]
	at org.springframework.web.servlet.handler.AbstractHandlerMethodExceptionResolver.doResolveException(AbstractHandlerMethodExceptionResolver.java:73) ~[spring-webmvc-6.2.18.jar!/:6.2.18]
	at org.springframework.web.servlet.handler.AbstractHandlerExceptionResolver.resolveException(AbstractHandlerExceptionResolver.java:182) ~[spring-webmvc-6.2.18.jar!/:6.2.18]
	at org.springframework.web.servlet.handler.HandlerExceptionResolverComposite.resolveException(HandlerExceptionResolverComposite.java:80) ~[spring-webmvc-6.2.18.jar!/:6.2.18]
	at org.springframework.web.servlet.DispatcherServlet.processHandlerException(DispatcherServlet.java:1360) ~[spring-webmvc-6.2.18.jar!/:6.2.18]
	at org.springframework.web.servlet.DispatcherServlet.processDispatchResult(DispatcherServlet.java:1161) ~[spring-webmvc-6.2.18.jar!/:6.2.18]
	at org.springframework.web.servlet.DispatcherServlet.doDispatch(DispatcherServlet.java:1106) ~[spring-webmvc-6.2.18.jar!/:6.2.18]
	at org.springframework.web.servlet.DispatcherServlet.doService(DispatcherServlet.java:979) ~[spring-webmvc-6.2.18.jar!/:6.2.18]
	at org.springframework.web.servlet.FrameworkServlet.processRequest(FrameworkServlet.java:1014) ~[spring-webmvc-6.2.18.jar!/:6.2.18]
	at org.springframework.web.servlet.FrameworkServlet.doGet(FrameworkServlet.java:903) ~[spring-webmvc-6.2.18.jar!/:6.2.18]
	at jakarta.servlet.http.HttpServlet.service(HttpServlet.java:564) ~[tomcat-embed-core-10.1.54.jar!/:na]
	at org.springframework.web.servlet.FrameworkServlet.service(FrameworkServlet.java:885) ~[spring-webmvc-6.2.18.jar!/:6.2.18]
	at jakarta.servlet.http.HttpServlet.service(HttpServlet.java:658) ~[tomcat-embed-core-10.1.54.jar!/:na]
	at org.apache.catalina.core.ApplicationFilterChain.internalDoFilter(ApplicationFilterChain.java:193) ~[tomcat-embed-core-10.1.54.jar!/:na]
	at org.apache.catalina.core.ApplicationFilterChain.doFilter(ApplicationFilterChain.java:138) ~[tomcat-embed-core-10.1.54.jar!/:na]
	at org.springframework.web.filter.OncePerRequestFilter.doFilter(OncePerRequestFilter.java:101) ~[spring-web-6.2.18.jar!/:6.2.18]
	at org.apache.catalina.core.ApplicationFilterChain.internalDoFilter(ApplicationFilterChain.java:162) ~[tomcat-embed-core-10.1.54.jar!/:na]
	at org.apache.catalina.core.ApplicationFilterChain.doFilter(ApplicationFilterChain.java:138) ~[tomcat-embed-core-10.1.54.jar!/:na]
	at org.springframework.web.filter.RequestContextFilter.doFilterInternal(RequestContextFilter.java:100) ~[spring-web-6.2.18.jar!/:6.2.18]
	at org.springframework.web.filter.OncePerRequestFilter.doFilter(OncePerRequestFilter.java:116) ~[spring-web-6.2.18.jar!/:6.2.18]
	at org.apache.catalina.core.ApplicationFilterChain.internalDoFilter(ApplicationFilterChain.java:162) ~[tomcat-embed-core-10.1.54.jar!/:na]
	at org.apache.catalina.core.ApplicationFilterChain.doFilter(ApplicationFilterChain.java:138) ~[tomcat-embed-core-10.1.54.jar!/:na]
	at org.springframework.web.filter.OncePerRequestFilter.doFilter(OncePerRequestFilter.java:101) ~[spring-web-6.2.18.jar!/:6.2.18]
	at org.apache.catalina.core.ApplicationFilterChain.internalDoFilter(ApplicationFilterChain.java:162) ~[tomcat-embed-core-10.1.54.jar!/:na]
	at org.apache.catalina.core.ApplicationFilterChain.doFilter(ApplicationFilterChain.java:138) ~[tomcat-embed-core-10.1.54.jar!/:na]
	at org.springframework.web.filter.OncePerRequestFilter.doFilter(OncePerRequestFilter.java:101) ~[spring-web-6.2.18.jar!/:6.2.18]
	at org.apache.catalina.core.ApplicationFilterChain.internalDoFilter(ApplicationFilterChain.java:162) ~[tomcat-embed-core-10.1.54.jar!/:na]
	at org.apache.catalina.core.ApplicationFilterChain.doFilter(ApplicationFilterChain.java:138) ~[tomcat-embed-core-10.1.54.jar!/:na]
	at org.apache.catalina.core.ApplicationDispatcher.invoke(ApplicationDispatcher.java:610) ~[tomcat-embed-core-10.1.54.jar!/:na]
	at org.apache.catalina.core.ApplicationDispatcher.doDispatch(ApplicationDispatcher.java:538) ~[tomcat-embed-core-10.1.54.jar!/:na]
	at org.apache.catalina.core.ApplicationDispatcher.dispatch(ApplicationDispatcher.java:509) ~[tomcat-embed-core-10.1.54.jar!/:na]
	at org.apache.catalina.core.AsyncContextImpl$AsyncRunnable.run(AsyncContextImpl.java:599) ~[tomcat-embed-core-10.1.54.jar!/:na]
	at org.apache.catalina.core.AsyncContextImpl.doInternalDispatch(AsyncContextImpl.java:342) ~[tomcat-embed-core-10.1.54.jar!/:na]
	at org.apache.catalina.core.StandardWrapperValve.invoke(StandardWrapperValve.java:163) ~[tomcat-embed-core-10.1.54.jar!/:na]
	at org.apache.catalina.core.StandardContextValve.invoke(StandardContextValve.java:88) ~[tomcat-embed-core-10.1.54.jar!/:na]
	at org.apache.catalina.authenticator.AuthenticatorBase.invoke(AuthenticatorBase.java:492) ~[tomcat-embed-core-10.1.54.jar!/:na]
	at org.apache.catalina.core.StandardHostValve.invoke(StandardHostValve.java:113) ~[tomcat-embed-core-10.1.54.jar!/:na]
	at org.apache.catalina.valves.ErrorReportValve.invoke(ErrorReportValve.java:83) ~[tomcat-embed-core-10.1.54.jar!/:na]
	at org.apache.catalina.core.StandardEngineValve.invoke(StandardEngineValve.java:72) ~[tomcat-embed-core-10.1.54.jar!/:na]
	at org.apache.catalina.connector.CoyoteAdapter.asyncDispatch(CoyoteAdapter.java:237) ~[tomcat-embed-core-10.1.54.jar!/:na]
	at org.apache.coyote.AbstractProcessor.dispatch(AbstractProcessor.java:243) ~[tomcat-embed-core-10.1.54.jar!/:na]
	at org.apache.coyote.AbstractProcessorLight.process(AbstractProcessorLight.java:57) ~[tomcat-embed-core-10.1.54.jar!/:na]
	at org.apache.coyote.AbstractProtocol$ConnectionHandler.process(AbstractProtocol.java:903) ~[tomcat-embed-core-10.1.54.jar!/:na]
	at org.apache.tomcat.util.net.NioEndpoint$SocketProcessor.doRun(NioEndpoint.java:1797) ~[tomcat-embed-core-10.1.54.jar!/:na]
	at org.apache.tomcat.util.net.SocketProcessorBase.run(SocketProcessorBase.java:52) ~[tomcat-embed-core-10.1.54.jar!/:na]
	at java.base/java.lang.VirtualThread.run(VirtualThread.java:329) ~[na:na]

2026-10-07T01:20:52.425+08:00  INFO 30560 --- [config-mgr] [         task-4] c.e.c.job.service.AsyncJobExecutor       : Starting job 4 type=IMPORT taskId=3
2026-10-07T01:21:01.780+08:00 ERROR 30560 --- [config-mgr] [cat-handler-340] c.e.c.common.GlobalExceptionHandler      : Unhandled exception

org.springframework.web.context.request.async.AsyncRequestNotUsableException: Servlet container error notification for disconnected client
	at org.springframework.web.context.request.async.WebAsyncManager.lambda$startDeferredResultProcessing$6(WebAsyncManager.java:451) ~[spring-web-6.2.18.jar!/:6.2.18]
	at org.springframework.web.context.request.async.StandardServletAsyncWebRequest.lambda$onError$0(StandardServletAsyncWebRequest.java:195) ~[spring-web-6.2.18.jar!/:6.2.18]
	at java.base/java.util.ArrayList.forEach(ArrayList.java:1596) ~[na:na]
	at org.springframework.web.context.request.async.StandardServletAsyncWebRequest.onError(StandardServletAsyncWebRequest.java:195) ~[spring-web-6.2.18.jar!/:6.2.18]
	at org.apache.catalina.core.AsyncListenerWrapper.fireOnError(AsyncListenerWrapper.java:49) ~[tomcat-embed-core-10.1.54.jar!/:na]
	at org.apache.catalina.core.AsyncContextImpl.setErrorState(AsyncContextImpl.java:413) ~[tomcat-embed-core-10.1.54.jar!/:na]
	at org.apache.catalina.connector.CoyoteAdapter.asyncDispatch(CoyoteAdapter.java:153) ~[tomcat-embed-core-10.1.54.jar!/:na]
	at org.apache.coyote.AbstractProcessor.dispatch(AbstractProcessor.java:243) ~[tomcat-embed-core-10.1.54.jar!/:na]
	at org.apache.coyote.AbstractProcessorLight.process(AbstractProcessorLight.java:57) ~[tomcat-embed-core-10.1.54.jar!/:na]
	at org.apache.coyote.AbstractProtocol$ConnectionHandler.process(AbstractProtocol.java:903) ~[tomcat-embed-core-10.1.54.jar!/:na]
	at org.apache.tomcat.util.net.NioEndpoint$SocketProcessor.doRun(NioEndpoint.java:1797) ~[tomcat-embed-core-10.1.54.jar!/:na]
	at org.apache.tomcat.util.net.SocketProcessorBase.run(SocketProcessorBase.java:52) ~[tomcat-embed-core-10.1.54.jar!/:na]
	at java.base/java.lang.VirtualThread.run(VirtualThread.java:329) ~[na:na]
Caused by: java.io.IOException: Connection reset by peer
	at java.base/sun.nio.ch.SocketDispatcher.write0(Native Method) ~[na:na]
	at java.base/sun.nio.ch.SocketDispatcher.write(SocketDispatcher.java:54) ~[na:na]
	at java.base/sun.nio.ch.IOUtil.writeFromNativeBuffer(IOUtil.java:137) ~[na:na]
	at java.base/sun.nio.ch.IOUtil.write(IOUtil.java:102) ~[na:na]
	at java.base/sun.nio.ch.IOUtil.write(IOUtil.java:58) ~[na:na]
	at java.base/sun.nio.ch.SocketChannelImpl.write(SocketChannelImpl.java:542) ~[na:na]
	at org.apache.tomcat.util.net.NioChannel.write(NioChannel.java:129) ~[tomcat-embed-core-10.1.54.jar!/:na]
	at org.apache.tomcat.util.net.NioEndpoint$NioSocketWrapper.doWrite(NioEndpoint.java:1436) ~[tomcat-embed-core-10.1.54.jar!/:na]
	at org.apache.tomcat.util.net.SocketWrapperBase.doWrite(SocketWrapperBase.java:748) ~[tomcat-embed-core-10.1.54.jar!/:na]
	at org.apache.tomcat.util.net.SocketWrapperBase.flushBlocking(SocketWrapperBase.java:714) ~[tomcat-embed-core-10.1.54.jar!/:na]
	at org.apache.tomcat.util.net.SocketWrapperBase.flush(SocketWrapperBase.java:699) ~[tomcat-embed-core-10.1.54.jar!/:na]
	at org.apache.coyote.http11.Http11OutputBuffer$SocketOutputBuffer.flush(Http11OutputBuffer.java:574) ~[tomcat-embed-core-10.1.54.jar!/:na]
	at org.apache.coyote.http11.filters.ChunkedOutputFilter.flush(ChunkedOutputFilter.java:154) ~[tomcat-embed-core-10.1.54.jar!/:na]
	at org.apache.coyote.http11.Http11OutputBuffer.flush(Http11OutputBuffer.java:216) ~[tomcat-embed-core-10.1.54.jar!/:na]
	at org.apache.coyote.http11.Http11Processor.flush(Http11Processor.java:1283) ~[tomcat-embed-core-10.1.54.jar!/:na]
	at org.apache.coyote.AbstractProcessor.action(AbstractProcessor.java:408) ~[tomcat-embed-core-10.1.54.jar!/:na]
	at org.apache.coyote.Response.action(Response.java:201) ~[tomcat-embed-core-10.1.54.jar!/:na]
	at org.apache.catalina.connector.OutputBuffer.doFlush(OutputBuffer.java:298) ~[tomcat-embed-core-10.1.54.jar!/:na]
	at org.apache.catalina.connector.OutputBuffer.flush(OutputBuffer.java:264) ~[tomcat-embed-core-10.1.54.jar!/:na]
	at org.apache.catalina.connector.CoyoteOutputStream.flush(CoyoteOutputStream.java:130) ~[tomcat-embed-core-10.1.54.jar!/:na]
	at org.springframework.web.context.request.async.StandardServletAsyncWebRequest$LifecycleServletOutputStream.flush(StandardServletAsyncWebRequest.java:415) ~[spring-web-6.2.18.jar!/:6.2.18]
	at org.springframework.util.StreamUtils.copy(StreamUtils.java:137) ~[spring-core-6.2.18.jar!/:6.2.18]
	at org.springframework.http.converter.StringHttpMessageConverter.writeInternal(StringHttpMessageConverter.java:128) ~[spring-web-6.2.18.jar!/:6.2.18]
	at org.springframework.http.converter.StringHttpMessageConverter.writeInternal(StringHttpMessageConverter.java:44) ~[spring-web-6.2.18.jar!/:6.2.18]
	at org.springframework.http.converter.AbstractHttpMessageConverter.write(AbstractHttpMessageConverter.java:234) ~[spring-web-6.2.18.jar!/:6.2.18]
	at org.springframework.web.servlet.mvc.method.annotation.ResponseBodyEmitterReturnValueHandler$DefaultSseEmitterHandler.sendInternal(ResponseBodyEmitterReturnValueHandler.java:315) ~[spring-webmvc-6.2.18.jar!/:6.2.18]
	at org.springframework.web.servlet.mvc.method.annotation.ResponseBodyEmitterReturnValueHandler$DefaultSseEmitterHandler.send(ResponseBodyEmitterReturnValueHandler.java:302) ~[spring-webmvc-6.2.18.jar!/:6.2.18]
	at org.springframework.web.servlet.mvc.method.annotation.ResponseBodyEmitter.sendInternal(ResponseBodyEmitter.java:256) ~[spring-webmvc-6.2.18.jar!/:6.2.18]
	at org.springframework.web.servlet.mvc.method.annotation.ResponseBodyEmitter.send(ResponseBodyEmitter.java:243) ~[spring-webmvc-6.2.18.jar!/:6.2.18]
	at org.springframework.web.servlet.mvc.method.annotation.SseEmitter.send(SseEmitter.java:130) ~[spring-webmvc-6.2.18.jar!/:6.2.18]
	at com.example.configmgr.task.service.TaskSseService.publish(TaskSseService.java:58) ~[!/:1.0.0]
	at com.example.configmgr.task.service.TaskSseService.onTaskChanged(TaskSseService.java:40) ~[!/:1.0.0]
	at java.base/jdk.internal.reflect.DirectMethodHandleAccessor.invoke(DirectMethodHandleAccessor.java:103) ~[na:na]
	at java.base/java.lang.reflect.Method.invoke(Method.java:580) ~[na:na]
	at org.springframework.context.event.ApplicationListenerMethodAdapter.doInvoke(ApplicationListenerMethodAdapter.java:383) ~[spring-context-6.2.18.jar!/:6.2.18]
	at org.springframework.context.event.ApplicationListenerMethodAdapter.processEvent(ApplicationListenerMethodAdapter.java:255) ~[spring-context-6.2.18.jar!/:6.2.18]
	at org.springframework.context.event.ApplicationListenerMethodAdapter.onApplicationEvent(ApplicationListenerMethodAdapter.java:174) ~[spring-context-6.2.18.jar!/:6.2.18]
	at org.springframework.context.event.SimpleApplicationEventMulticaster.doInvokeListener(SimpleApplicationEventMulticaster.java:185) ~[spring-context-6.2.18.jar!/:6.2.18]
	at org.springframework.context.event.SimpleApplicationEventMulticaster.invokeListener(SimpleApplicationEventMulticaster.java:178) ~[spring-context-6.2.18.jar!/:6.2.18]
	at org.springframework.context.event.SimpleApplicationEventMulticaster.multicastEvent(SimpleApplicationEventMulticaster.java:156) ~[spring-context-6.2.18.jar!/:6.2.18]
	at org.springframework.context.support.AbstractApplicationContext.publishEvent(AbstractApplicationContext.java:455) ~[spring-context-6.2.18.jar!/:6.2.18]
	at org.springframework.context.support.AbstractApplicationContext.publishEvent(AbstractApplicationContext.java:388) ~[spring-context-6.2.18.jar!/:6.2.18]
	at com.example.configmgr.task.service.TaskService.publishTaskChanged(TaskService.java:197) ~[!/:1.0.0]
	at com.example.configmgr.task.service.TaskService.goToStep(TaskService.java:113) ~[!/:1.0.0]
	at java.base/jdk.internal.reflect.DirectMethodHandleAccessor.invoke(DirectMethodHandleAccessor.java:103) ~[na:na]
	at java.base/java.lang.reflect.Method.invoke(Method.java:580) ~[na:na]
	at org.springframework.aop.support.AopUtils.invokeJoinpointUsingReflection(AopUtils.java:360) ~[spring-aop-6.2.18.jar!/:6.2.18]
	at org.springframework.aop.framework.ReflectiveMethodInvocation.invokeJoinpoint(ReflectiveMethodInvocation.java:196) ~[spring-aop-6.2.18.jar!/:6.2.18]
	at org.springframework.aop.framework.ReflectiveMethodInvocation.proceed(ReflectiveMethodInvocation.java:163) ~[spring-aop-6.2.18.jar!/:6.2.18]
	at org.springframework.transaction.interceptor.TransactionAspectSupport.invokeWithinTransaction(TransactionAspectSupport.java:380) ~[spring-tx-6.2.18.jar!/:6.2.18]
	at org.springframework.transaction.interceptor.TransactionInterceptor.invoke(TransactionInterceptor.java:119) ~[spring-tx-6.2.18.jar!/:6.2.18]
	at org.springframework.aop.framework.ReflectiveMethodInvocation.proceed(ReflectiveMethodInvocation.java:184) ~[spring-aop-6.2.18.jar!/:6.2.18]
	at org.springframework.aop.framework.CglibAopProxy$DynamicAdvisedInterceptor.intercept(CglibAopProxy.java:728) ~[spring-aop-6.2.18.jar!/:6.2.18]
	at com.example.configmgr.task.service.TaskService$$SpringCGLIB$$0.goToStep(<generated>) ~[!/:1.0.0]
	at com.example.configmgr.task.controller.TaskController.goToStep(TaskController.java:107) ~[!/:1.0.0]
	at java.base/jdk.internal.reflect.DirectMethodHandleAccessor.invoke(DirectMethodHandleAccessor.java:103) ~[na:na]
	at java.base/java.lang.reflect.Method.invoke(Method.java:580) ~[na:na]
	at org.springframework.web.method.support.InvocableHandlerMethod.doInvoke(InvocableHandlerMethod.java:258) ~[spring-web-6.2.18.jar!/:6.2.18]
	at org.springframework.web.method.support.InvocableHandlerMethod.invokeForRequest(InvocableHandlerMethod.java:191) ~[spring-web-6.2.18.jar!/:6.2.18]
	at org.springframework.web.servlet.mvc.method.annotation.ServletInvocableHandlerMethod.invokeAndHandle(ServletInvocableHandlerMethod.java:118) ~[spring-webmvc-6.2.18.jar!/:6.2.18]
	at org.springframework.web.servlet.mvc.method.annotation.RequestMappingHandlerAdapter.invokeHandlerMethod(RequestMappingHandlerAdapter.java:991) ~[spring-webmvc-6.2.18.jar!/:6.2.18]
	at org.springframework.web.servlet.mvc.method.annotation.RequestMappingHandlerAdapter.handleInternal(RequestMappingHandlerAdapter.java:896) ~[spring-webmvc-6.2.18.jar!/:6.2.18]
	at org.springframework.web.servlet.mvc.method.AbstractHandlerMethodAdapter.handle(AbstractHandlerMethodAdapter.java:87) ~[spring-webmvc-6.2.18.jar!/:6.2.18]
	at org.springframework.web.servlet.DispatcherServlet.doDispatch(DispatcherServlet.java:1089) ~[spring-webmvc-6.2.18.jar!/:6.2.18]
	at org.springframework.web.servlet.DispatcherServlet.doService(DispatcherServlet.java:979) ~[spring-webmvc-6.2.18.jar!/:6.2.18]
	at org.springframework.web.servlet.FrameworkServlet.processRequest(FrameworkServlet.java:1014) ~[spring-webmvc-6.2.18.jar!/:6.2.18]
	at org.springframework.web.servlet.FrameworkServlet.doPut(FrameworkServlet.java:925) ~[spring-webmvc-6.2.18.jar!/:6.2.18]
	at jakarta.servlet.http.HttpServlet.service(HttpServlet.java:593) ~[tomcat-embed-core-10.1.54.jar!/:na]
	at org.springframework.web.servlet.FrameworkServlet.service(FrameworkServlet.java:885) ~[spring-webmvc-6.2.18.jar!/:6.2.18]
	at jakarta.servlet.http.HttpServlet.service(HttpServlet.java:658) ~[tomcat-embed-core-10.1.54.jar!/:na]
	at org.apache.catalina.core.ApplicationFilterChain.internalDoFilter(ApplicationFilterChain.java:193) ~[tomcat-embed-core-10.1.54.jar!/:na]
	at org.apache.catalina.core.ApplicationFilterChain.doFilter(ApplicationFilterChain.java:138) ~[tomcat-embed-core-10.1.54.jar!/:na]
	at org.apache.tomcat.websocket.server.WsFilter.doFilter(WsFilter.java:51) ~[tomcat-embed-websocket-10.1.54.jar!/:na]
	at org.apache.catalina.core.ApplicationFilterChain.internalDoFilter(ApplicationFilterChain.java:162) ~[tomcat-embed-core-10.1.54.jar!/:na]
	at org.apache.catalina.core.ApplicationFilterChain.doFilter(ApplicationFilterChain.java:138) ~[tomcat-embed-core-10.1.54.jar!/:na]
	at org.springframework.web.filter.CorsFilter.doFilterInternal(CorsFilter.java:91) ~[spring-web-6.2.18.jar!/:6.2.18]
	at org.springframework.web.filter.OncePerRequestFilter.doFilter(OncePerRequestFilter.java:116) ~[spring-web-6.2.18.jar!/:6.2.18]
	at org.apache.catalina.core.ApplicationFilterChain.internalDoFilter(ApplicationFilterChain.java:162) ~[tomcat-embed-core-10.1.54.jar!/:na]
	at org.apache.catalina.core.ApplicationFilterChain.doFilter(ApplicationFilterChain.java:138) ~[tomcat-embed-core-10.1.54.jar!/:na]
	at org.springframework.web.filter.RequestContextFilter.doFilterInternal(RequestContextFilter.java:100) ~[spring-web-6.2.18.jar!/:6.2.18]
	at org.springframework.web.filter.OncePerRequestFilter.doFilter(OncePerRequestFilter.java:116) ~[spring-web-6.2.18.jar!/:6.2.18]
	at org.apache.catalina.core.ApplicationFilterChain.internalDoFilter(ApplicationFilterChain.java:162) ~[tomcat-embed-core-10.1.54.jar!/:na]
	at org.apache.catalina.core.ApplicationFilterChain.doFilter(ApplicationFilterChain.java:138) ~[tomcat-embed-core-10.1.54.jar!/:na]
	at org.springframework.web.filter.FormContentFilter.doFilterInternal(FormContentFilter.java:93) ~[spring-web-6.2.18.jar!/:6.2.18]
	at org.springframework.web.filter.OncePerRequestFilter.doFilter(OncePerRequestFilter.java:116) ~[spring-web-6.2.18.jar!/:6.2.18]
	at org.apache.catalina.core.ApplicationFilterChain.internalDoFilter(ApplicationFilterChain.java:162) ~[tomcat-embed-core-10.1.54.jar!/:na]
	at org.apache.catalina.core.ApplicationFilterChain.doFilter(ApplicationFilterChain.java:138) ~[tomcat-embed-core-10.1.54.jar!/:na]
	at org.springframework.web.filter.CharacterEncodingFilter.doFilterInternal(CharacterEncodingFilter.java:201) ~[spring-web-6.2.18.jar!/:6.2.18]
	at org.springframework.web.filter.OncePerRequestFilter.doFilter(OncePerRequestFilter.java:116) ~[spring-web-6.2.18.jar!/:6.2.18]
	at org.apache.catalina.core.ApplicationFilterChain.internalDoFilter(ApplicationFilterChain.java:162) ~[tomcat-embed-core-10.1.54.jar!/:na]
	at org.apache.catalina.core.ApplicationFilterChain.doFilter(ApplicationFilterChain.java:138) ~[tomcat-embed-core-10.1.54.jar!/:na]
	at org.apache.catalina.core.StandardWrapperValve.invoke(StandardWrapperValve.java:165) ~[tomcat-embed-core-10.1.54.jar!/:na]
	at org.apache.catalina.core.StandardContextValve.invoke(StandardContextValve.java:88) ~[tomcat-embed-core-10.1.54.jar!/:na]
	at org.apache.catalina.authenticator.AuthenticatorBase.invoke(AuthenticatorBase.java:492) ~[tomcat-embed-core-10.1.54.jar!/:na]
	at org.apache.catalina.core.StandardHostValve.invoke(StandardHostValve.java:113) ~[tomcat-embed-core-10.1.54.jar!/:na]
	at org.apache.catalina.valves.ErrorReportValve.invoke(ErrorReportValve.java:83) ~[tomcat-embed-core-10.1.54.jar!/:na]
	at org.apache.catalina.core.StandardEngineValve.invoke(StandardEngineValve.java:72) ~[tomcat-embed-core-10.1.54.jar!/:na]
	at org.apache.catalina.connector.CoyoteAdapter.service(CoyoteAdapter.java:342) ~[tomcat-embed-core-10.1.54.jar!/:na]
	at org.apache.coyote.http11.Http11Processor.service(Http11Processor.java:399) ~[tomcat-embed-core-10.1.54.jar!/:na]
	at org.apache.coyote.AbstractProcessorLight.process(AbstractProcessorLight.java:63) ~[tomcat-embed-core-10.1.54.jar!/:na]
	... 4 common frames omitted

2026-10-07T01:21:01.781+08:00  WARN 30560 --- [config-mgr] [cat-handler-340] .m.m.a.ExceptionHandlerExceptionResolver : Failure in @ExceptionHandler com.example.configmgr.common.GlobalExceptionHandler#handleGeneral(Exception)

org.springframework.http.converter.HttpMessageNotWritableException: No converter for [class com.example.configmgr.common.ApiResponse] with preset Content-Type 'text/event-stream'
	at org.springframework.web.servlet.mvc.method.annotation.AbstractMessageConverterMethodProcessor.writeWithMessageConverters(AbstractMessageConverterMethodProcessor.java:364) ~[spring-webmvc-6.2.18.jar!/:6.2.18]
	at org.springframework.web.servlet.mvc.method.annotation.HttpEntityMethodProcessor.handleReturnValue(HttpEntityMethodProcessor.java:263) ~[spring-webmvc-6.2.18.jar!/:6.2.18]
	at org.springframework.web.method.support.HandlerMethodReturnValueHandlerComposite.handleReturnValue(HandlerMethodReturnValueHandlerComposite.java:78) ~[spring-web-6.2.18.jar!/:6.2.18]
	at org.springframework.web.servlet.mvc.method.annotation.ServletInvocableHandlerMethod.invokeAndHandle(ServletInvocableHandlerMethod.java:136) ~[spring-webmvc-6.2.18.jar!/:6.2.18]
	at org.springframework.web.servlet.mvc.method.annotation.ExceptionHandlerExceptionResolver.doResolveHandlerMethodException(ExceptionHandlerExceptionResolver.java:471) ~[spring-webmvc-6.2.18.jar!/:6.2.18]
	at org.springframework.web.servlet.handler.AbstractHandlerMethodExceptionResolver.doResolveException(AbstractHandlerMethodExceptionResolver.java:73) ~[spring-webmvc-6.2.18.jar!/:6.2.18]
	at org.springframework.web.servlet.handler.AbstractHandlerExceptionResolver.resolveException(AbstractHandlerExceptionResolver.java:182) ~[spring-webmvc-6.2.18.jar!/:6.2.18]
	at org.springframework.web.servlet.handler.HandlerExceptionResolverComposite.resolveException(HandlerExceptionResolverComposite.java:80) ~[spring-webmvc-6.2.18.jar!/:6.2.18]
	at org.springframework.web.servlet.DispatcherServlet.processHandlerException(DispatcherServlet.java:1360) ~[spring-webmvc-6.2.18.jar!/:6.2.18]
	at org.springframework.web.servlet.DispatcherServlet.processDispatchResult(DispatcherServlet.java:1161) ~[spring-webmvc-6.2.18.jar!/:6.2.18]
	at org.springframework.web.servlet.DispatcherServlet.doDispatch(DispatcherServlet.java:1106) ~[spring-webmvc-6.2.18.jar!/:6.2.18]
	at org.springframework.web.servlet.DispatcherServlet.doService(DispatcherServlet.java:979) ~[spring-webmvc-6.2.18.jar!/:6.2.18]
	at org.springframework.web.servlet.FrameworkServlet.processRequest(FrameworkServlet.java:1014) ~[spring-webmvc-6.2.18.jar!/:6.2.18]
	at org.springframework.web.servlet.FrameworkServlet.doGet(FrameworkServlet.java:903) ~[spring-webmvc-6.2.18.jar!/:6.2.18]
	at jakarta.servlet.http.HttpServlet.service(HttpServlet.java:564) ~[tomcat-embed-core-10.1.54.jar!/:na]
	at org.springframework.web.servlet.FrameworkServlet.service(FrameworkServlet.java:885) ~[spring-webmvc-6.2.18.jar!/:6.2.18]
	at jakarta.servlet.http.HttpServlet.service(HttpServlet.java:658) ~[tomcat-embed-core-10.1.54.jar!/:na]
	at org.apache.catalina.core.ApplicationFilterChain.internalDoFilter(ApplicationFilterChain.java:193) ~[tomcat-embed-core-10.1.54.jar!/:na]
	at org.apache.catalina.core.ApplicationFilterChain.doFilter(ApplicationFilterChain.java:138) ~[tomcat-embed-core-10.1.54.jar!/:na]
	at org.springframework.web.filter.OncePerRequestFilter.doFilter(OncePerRequestFilter.java:101) ~[spring-web-6.2.18.jar!/:6.2.18]
	at org.apache.catalina.core.ApplicationFilterChain.internalDoFilter(ApplicationFilterChain.java:162) ~[tomcat-embed-core-10.1.54.jar!/:na]
	at org.apache.catalina.core.ApplicationFilterChain.doFilter(ApplicationFilterChain.java:138) ~[tomcat-embed-core-10.1.54.jar!/:na]
	at org.springframework.web.filter.RequestContextFilter.doFilterInternal(RequestContextFilter.java:100) ~[spring-web-6.2.18.jar!/:6.2.18]
	at org.springframework.web.filter.OncePerRequestFilter.doFilter(OncePerRequestFilter.java:116) ~[spring-web-6.2.18.jar!/:6.2.18]
	at org.apache.catalina.core.ApplicationFilterChain.internalDoFilter(ApplicationFilterChain.java:162) ~[tomcat-embed-core-10.1.54.jar!/:na]
	at org.apache.catalina.core.ApplicationFilterChain.doFilter(ApplicationFilterChain.java:138) ~[tomcat-embed-core-10.1.54.jar!/:na]
	at org.springframework.web.filter.OncePerRequestFilter.doFilter(OncePerRequestFilter.java:101) ~[spring-web-6.2.18.jar!/:6.2.18]
	at org.apache.catalina.core.ApplicationFilterChain.internalDoFilter(ApplicationFilterChain.java:162) ~[tomcat-embed-core-10.1.54.jar!/:na]
	at org.apache.catalina.core.ApplicationFilterChain.doFilter(ApplicationFilterChain.java:138) ~[tomcat-embed-core-10.1.54.jar!/:na]
	at org.springframework.web.filter.OncePerRequestFilter.doFilter(OncePerRequestFilter.java:101) ~[spring-web-6.2.18.jar!/:6.2.18]
	at org.apache.catalina.core.ApplicationFilterChain.internalDoFilter(ApplicationFilterChain.java:162) ~[tomcat-embed-core-10.1.54.jar!/:na]
	at org.apache.catalina.core.ApplicationFilterChain.doFilter(ApplicationFilterChain.java:138) ~[tomcat-embed-core-10.1.54.jar!/:na]
	at org.apache.catalina.core.ApplicationDispatcher.invoke(ApplicationDispatcher.java:610) ~[tomcat-embed-core-10.1.54.jar!/:na]
	at org.apache.catalina.core.ApplicationDispatcher.doDispatch(ApplicationDispatcher.java:538) ~[tomcat-embed-core-10.1.54.jar!/:na]
	at org.apache.catalina.core.ApplicationDispatcher.dispatch(ApplicationDispatcher.java:509) ~[tomcat-embed-core-10.1.54.jar!/:na]
	at org.apache.catalina.core.AsyncContextImpl$AsyncRunnable.run(AsyncContextImpl.java:599) ~[tomcat-embed-core-10.1.54.jar!/:na]
	at org.apache.catalina.core.AsyncContextImpl.doInternalDispatch(AsyncContextImpl.java:342) ~[tomcat-embed-core-10.1.54.jar!/:na]
	at org.apache.catalina.core.StandardWrapperValve.invoke(StandardWrapperValve.java:163) ~[tomcat-embed-core-10.1.54.jar!/:na]
	at org.apache.catalina.core.StandardContextValve.invoke(StandardContextValve.java:88) ~[tomcat-embed-core-10.1.54.jar!/:na]
	at org.apache.catalina.authenticator.AuthenticatorBase.invoke(AuthenticatorBase.java:492) ~[tomcat-embed-core-10.1.54.jar!/:na]
	at org.apache.catalina.core.StandardHostValve.invoke(StandardHostValve.java:113) ~[tomcat-embed-core-10.1.54.jar!/:na]
	at org.apache.catalina.valves.ErrorReportValve.invoke(ErrorReportValve.java:83) ~[tomcat-embed-core-10.1.54.jar!/:na]
	at org.apache.catalina.core.StandardEngineValve.invoke(StandardEngineValve.java:72) ~[tomcat-embed-core-10.1.54.jar!/:na]
	at org.apache.catalina.connector.CoyoteAdapter.asyncDispatch(CoyoteAdapter.java:237) ~[tomcat-embed-core-10.1.54.jar!/:na]
	at org.apache.coyote.AbstractProcessor.dispatch(AbstractProcessor.java:243) ~[tomcat-embed-core-10.1.54.jar!/:na]
	at org.apache.coyote.AbstractProcessorLight.process(AbstractProcessorLight.java:57) ~[tomcat-embed-core-10.1.54.jar!/:na]
	at org.apache.coyote.AbstractProtocol$ConnectionHandler.process(AbstractProtocol.java:903) ~[tomcat-embed-core-10.1.54.jar!/:na]
	at org.apache.tomcat.util.net.NioEndpoint$SocketProcessor.doRun(NioEndpoint.java:1797) ~[tomcat-embed-core-10.1.54.jar!/:na]
	at org.apache.tomcat.util.net.SocketProcessorBase.run(SocketProcessorBase.java:52) ~[tomcat-embed-core-10.1.54.jar!/:na]
	at java.base/java.lang.VirtualThread.run(VirtualThread.java:329) ~[na:na]

2026-10-07T01:21:03.258+08:00  INFO 30560 --- [config-mgr] [         task-5] c.e.c.job.service.AsyncJobExecutor       : Starting job 5 type=PUBLISH taskId=3
2026-10-07T01:21:45.115+08:00 DEBUG 30560 --- [config-mgr] [    virtual-518] c.e.configmgr.ai.runtime.AgentRuntime    : Iter 0 with 8 tools
2026-10-07T01:21:45.116+08:00 DEBUG 30560 --- [config-mgr] [    virtual-518] c.e.configmgr.ai.runtime.AgentRuntime    : Request msgs: [SYSTEM, SYSTEM, USER]
2026-10-07T01:21:46.169+08:00 DEBUG 30560 --- [config-mgr] [    virtual-518] c.e.configmgr.ai.runtime.AgentRuntime    : Iter 1 with 8 tools
2026-10-07T01:21:46.170+08:00 DEBUG 30560 --- [config-mgr] [    virtual-518] c.e.configmgr.ai.runtime.AgentRuntime    : Request msgs: [SYSTEM, SYSTEM, USER, A[tc=[call_00_1d7uznirUtjTcgiEOo2X6943, call_01_l2AGKAnp93ifdJ0lKMUR9197]], T[r=[call_00_1d7uznirUtjTcgiEOo2X6943]], T[r=[call_01_l2AGKAnp93ifdJ0lKMUR9197]]]
2026-10-07T01:21:53.674+08:00 DEBUG 30560 --- [config-mgr] [    virtual-523] c.e.configmgr.ai.runtime.AgentRuntime    : Iter 0 with 8 tools
2026-10-07T01:21:53.674+08:00 DEBUG 30560 --- [config-mgr] [    virtual-523] c.e.configmgr.ai.runtime.AgentRuntime    : Request msgs: [SYSTEM, SYSTEM, USER, A[tc=[call_00_1d7uznirUtjTcgiEOo2X6943, call_01_l2AGKAnp93ifdJ0lKMUR9197]], T[r=[call_00_1d7uznirUtjTcgiEOo2X6943]], T[r=[call_01_l2AGKAnp93ifdJ0lKMUR9197]], A[tc=[]], USER]
2026-10-07T01:22:36.724+08:00 DEBUG 30560 --- [config-mgr] [    virtual-526] c.e.configmgr.ai.runtime.AgentRuntime    : Iter 0 with 8 tools
2026-10-07T01:22:36.724+08:00 DEBUG 30560 --- [config-mgr] [    virtual-526] c.e.configmgr.ai.runtime.AgentRuntime    : Request msgs: [SYSTEM, SYSTEM, USER, A[tc=[call_00_1d7uznirUtjTcgiEOo2X6943, call_01_l2AGKAnp93ifdJ0lKMUR9197]], T[r=[call_00_1d7uznirUtjTcgiEOo2X6943]], T[r=[call_01_l2AGKAnp93ifdJ0lKMUR9197]], A[tc=[]], USER, A[tc=[]], USER]
2026-10-07T01:23:40.563+08:00 DEBUG 30560 --- [config-mgr] [    virtual-532] c.e.configmgr.ai.runtime.AgentRuntime    : Iter 0 with 8 tools
2026-10-07T01:23:40.564+08:00 DEBUG 30560 --- [config-mgr] [    virtual-532] c.e.configmgr.ai.runtime.AgentRuntime    : Request msgs: [SYSTEM, SYSTEM, USER, A[tc=[call_00_1d7uznirUtjTcgiEOo2X6943, call_01_l2AGKAnp93ifdJ0lKMUR9197]], T[r=[call_00_1d7uznirUtjTcgiEOo2X6943]], T[r=[call_01_l2AGKAnp93ifdJ0lKMUR9197]], A[tc=[]], USER, A[tc=[]], USER, A[tc=[]], USER]
2026-10-07T01:23:41.489+08:00 DEBUG 30560 --- [config-mgr] [    virtual-532] c.e.configmgr.ai.runtime.AgentRuntime    : Iter 1 with 8 tools
2026-10-07T01:23:41.490+08:00 DEBUG 30560 --- [config-mgr] [    virtual-532] c.e.configmgr.ai.runtime.AgentRuntime    : Request msgs: [SYSTEM, SYSTEM, USER, A[tc=[call_00_1d7uznirUtjTcgiEOo2X6943, call_01_l2AGKAnp93ifdJ0lKMUR9197]], T[r=[call_00_1d7uznirUtjTcgiEOo2X6943]], T[r=[call_01_l2AGKAnp93ifdJ0lKMUR9197]], A[tc=[]], USER, A[tc=[]], USER, A[tc=[]], USER, A[tc=[call_00_zxEJQSyk1yP4mDWSDUx86103, call_01_90WKdm7FX8meEho22dch1431]], T[r=[call_00_zxEJQSyk1yP4mDWSDUx86103]], T[r=[call_01_90WKdm7FX8meEho22dch1431]]]
2026-10-07T01:23:46.199+08:00  INFO 30560 --- [config-mgr] [         task-6] c.e.c.job.service.AsyncJobExecutor       : Starting job 6 type=PUBLISH taskId=3
2026-10-07T01:23:46.199+08:00 DEBUG 30560 --- [config-mgr] [    virtual-532] c.e.configmgr.ai.runtime.AgentRuntime    : Iter 2 with 8 tools
2026-10-07T01:23:46.199+08:00 DEBUG 30560 --- [config-mgr] [    virtual-532] c.e.configmgr.ai.runtime.AgentRuntime    : Request msgs: [SYSTEM, SYSTEM, USER, A[tc=[call_00_1d7uznirUtjTcgiEOo2X6943, call_01_l2AGKAnp93ifdJ0lKMUR9197]], T[r=[call_00_1d7uznirUtjTcgiEOo2X6943]], T[r=[call_01_l2AGKAnp93ifdJ0lKMUR9197]], A[tc=[]], USER, A[tc=[]], USER, A[tc=[]], USER, A[tc=[call_00_zxEJQSyk1yP4mDWSDUx86103, call_01_90WKdm7FX8meEho22dch1431]], T[r=[call_00_zxEJQSyk1yP4mDWSDUx86103]], T[r=[call_01_90WKdm7FX8meEho22dch1431]], A[tc=[call_00_uevkSFbfbYK7Uopv3kmG4512]], T[r=[call_00_uevkSFbfbYK7Uopv3kmG4512]]]
2026-10-07T01:23:46.250+08:00 ERROR 30560 --- [config-mgr] [cat-handler-443] c.e.c.common.GlobalExceptionHandler      : Unhandled exception

org.springframework.web.context.request.async.AsyncRequestNotUsableException: Servlet container error notification for disconnected client
	at org.springframework.web.context.request.async.WebAsyncManager.lambda$startDeferredResultProcessing$6(WebAsyncManager.java:451) ~[spring-web-6.2.18.jar!/:6.2.18]
	at org.springframework.web.context.request.async.StandardServletAsyncWebRequest.lambda$onError$0(StandardServletAsyncWebRequest.java:195) ~[spring-web-6.2.18.jar!/:6.2.18]
	at java.base/java.util.ArrayList.forEach(ArrayList.java:1596) ~[na:na]
	at org.springframework.web.context.request.async.StandardServletAsyncWebRequest.onError(StandardServletAsyncWebRequest.java:195) ~[spring-web-6.2.18.jar!/:6.2.18]
	at org.apache.catalina.core.AsyncListenerWrapper.fireOnError(AsyncListenerWrapper.java:49) ~[tomcat-embed-core-10.1.54.jar!/:na]
	at org.apache.catalina.core.AsyncContextImpl.setErrorState(AsyncContextImpl.java:413) ~[tomcat-embed-core-10.1.54.jar!/:na]
	at org.apache.catalina.connector.CoyoteAdapter.asyncDispatch(CoyoteAdapter.java:153) ~[tomcat-embed-core-10.1.54.jar!/:na]
	at org.apache.coyote.AbstractProcessor.dispatch(AbstractProcessor.java:243) ~[tomcat-embed-core-10.1.54.jar!/:na]
	at org.apache.coyote.AbstractProcessorLight.process(AbstractProcessorLight.java:57) ~[tomcat-embed-core-10.1.54.jar!/:na]
	at org.apache.coyote.AbstractProtocol$ConnectionHandler.process(AbstractProtocol.java:903) ~[tomcat-embed-core-10.1.54.jar!/:na]
	at org.apache.tomcat.util.net.NioEndpoint$SocketProcessor.doRun(NioEndpoint.java:1797) ~[tomcat-embed-core-10.1.54.jar!/:na]
	at org.apache.tomcat.util.net.SocketProcessorBase.run(SocketProcessorBase.java:52) ~[tomcat-embed-core-10.1.54.jar!/:na]
	at java.base/java.lang.VirtualThread.run(VirtualThread.java:329) ~[na:na]
Caused by: java.io.IOException: Connection reset by peer
	at java.base/sun.nio.ch.SocketDispatcher.write0(Native Method) ~[na:na]
	at java.base/sun.nio.ch.SocketDispatcher.write(SocketDispatcher.java:54) ~[na:na]
	at java.base/sun.nio.ch.IOUtil.writeFromNativeBuffer(IOUtil.java:137) ~[na:na]
	at java.base/sun.nio.ch.IOUtil.write(IOUtil.java:102) ~[na:na]
	at java.base/sun.nio.ch.IOUtil.write(IOUtil.java:58) ~[na:na]
	at java.base/sun.nio.ch.SocketChannelImpl.write(SocketChannelImpl.java:542) ~[na:na]
	at org.apache.tomcat.util.net.NioChannel.write(NioChannel.java:129) ~[tomcat-embed-core-10.1.54.jar!/:na]
	at org.apache.tomcat.util.net.NioEndpoint$NioSocketWrapper.doWrite(NioEndpoint.java:1436) ~[tomcat-embed-core-10.1.54.jar!/:na]
	at org.apache.tomcat.util.net.SocketWrapperBase.doWrite(SocketWrapperBase.java:748) ~[tomcat-embed-core-10.1.54.jar!/:na]
	at org.apache.tomcat.util.net.SocketWrapperBase.flushBlocking(SocketWrapperBase.java:714) ~[tomcat-embed-core-10.1.54.jar!/:na]
	at org.apache.tomcat.util.net.SocketWrapperBase.flush(SocketWrapperBase.java:699) ~[tomcat-embed-core-10.1.54.jar!/:na]
	at org.apache.coyote.http11.Http11OutputBuffer$SocketOutputBuffer.flush(Http11OutputBuffer.java:574) ~[tomcat-embed-core-10.1.54.jar!/:na]
	at org.apache.coyote.http11.filters.ChunkedOutputFilter.flush(ChunkedOutputFilter.java:154) ~[tomcat-embed-core-10.1.54.jar!/:na]
	at org.apache.coyote.http11.Http11OutputBuffer.flush(Http11OutputBuffer.java:216) ~[tomcat-embed-core-10.1.54.jar!/:na]
	at org.apache.coyote.http11.Http11Processor.flush(Http11Processor.java:1283) ~[tomcat-embed-core-10.1.54.jar!/:na]
	at org.apache.coyote.AbstractProcessor.action(AbstractProcessor.java:408) ~[tomcat-embed-core-10.1.54.jar!/:na]
	at org.apache.coyote.Response.action(Response.java:201) ~[tomcat-embed-core-10.1.54.jar!/:na]
	at org.apache.catalina.connector.OutputBuffer.doFlush(OutputBuffer.java:298) ~[tomcat-embed-core-10.1.54.jar!/:na]
	at org.apache.catalina.connector.OutputBuffer.flush(OutputBuffer.java:264) ~[tomcat-embed-core-10.1.54.jar!/:na]
	at org.apache.catalina.connector.CoyoteOutputStream.flush(CoyoteOutputStream.java:130) ~[tomcat-embed-core-10.1.54.jar!/:na]
	at org.springframework.web.context.request.async.StandardServletAsyncWebRequest$LifecycleServletOutputStream.flush(StandardServletAsyncWebRequest.java:415) ~[spring-web-6.2.18.jar!/:6.2.18]
	at org.springframework.util.StreamUtils.copy(StreamUtils.java:137) ~[spring-core-6.2.18.jar!/:6.2.18]
	at org.springframework.http.converter.StringHttpMessageConverter.writeInternal(StringHttpMessageConverter.java:128) ~[spring-web-6.2.18.jar!/:6.2.18]
	at org.springframework.http.converter.StringHttpMessageConverter.writeInternal(StringHttpMessageConverter.java:44) ~[spring-web-6.2.18.jar!/:6.2.18]
	at org.springframework.http.converter.AbstractHttpMessageConverter.write(AbstractHttpMessageConverter.java:234) ~[spring-web-6.2.18.jar!/:6.2.18]
	at org.springframework.web.servlet.mvc.method.annotation.ResponseBodyEmitterReturnValueHandler$DefaultSseEmitterHandler.sendInternal(ResponseBodyEmitterReturnValueHandler.java:315) ~[spring-webmvc-6.2.18.jar!/:6.2.18]
	at org.springframework.web.servlet.mvc.method.annotation.ResponseBodyEmitterReturnValueHandler$DefaultSseEmitterHandler.send(ResponseBodyEmitterReturnValueHandler.java:302) ~[spring-webmvc-6.2.18.jar!/:6.2.18]
	at org.springframework.web.servlet.mvc.method.annotation.ResponseBodyEmitter.sendInternal(ResponseBodyEmitter.java:256) ~[spring-webmvc-6.2.18.jar!/:6.2.18]
	at org.springframework.web.servlet.mvc.method.annotation.ResponseBodyEmitter.send(ResponseBodyEmitter.java:243) ~[spring-webmvc-6.2.18.jar!/:6.2.18]
	at org.springframework.web.servlet.mvc.method.annotation.SseEmitter.send(SseEmitter.java:130) ~[spring-webmvc-6.2.18.jar!/:6.2.18]
	at com.example.configmgr.task.service.TaskSseService.publish(TaskSseService.java:58) ~[!/:1.0.0]
	at com.example.configmgr.job.service.PublishJobRunner.run(PublishJobRunner.java:209) ~[!/:1.0.0]
	at java.base/jdk.internal.reflect.DirectMethodHandleAccessor.invoke(DirectMethodHandleAccessor.java:103) ~[na:na]
	at java.base/java.lang.reflect.Method.invoke(Method.java:580) ~[na:na]
	at org.springframework.aop.support.AopUtils.invokeJoinpointUsingReflection(AopUtils.java:360) ~[spring-aop-6.2.18.jar!/:6.2.18]
	at org.springframework.aop.framework.ReflectiveMethodInvocation.invokeJoinpoint(ReflectiveMethodInvocation.java:196) ~[spring-aop-6.2.18.jar!/:6.2.18]
	at org.springframework.aop.framework.ReflectiveMethodInvocation.proceed(ReflectiveMethodInvocation.java:163) ~[spring-aop-6.2.18.jar!/:6.2.18]
	at org.springframework.transaction.interceptor.TransactionAspectSupport.invokeWithinTransaction(TransactionAspectSupport.java:380) ~[spring-tx-6.2.18.jar!/:6.2.18]
	at org.springframework.transaction.interceptor.TransactionInterceptor.invoke(TransactionInterceptor.java:119) ~[spring-tx-6.2.18.jar!/:6.2.18]
	at org.springframework.aop.framework.ReflectiveMethodInvocation.proceed(ReflectiveMethodInvocation.java:184) ~[spring-aop-6.2.18.jar!/:6.2.18]
	at org.springframework.aop.framework.CglibAopProxy$DynamicAdvisedInterceptor.intercept(CglibAopProxy.java:728) ~[spring-aop-6.2.18.jar!/:6.2.18]
	at com.example.configmgr.job.service.PublishJobRunner$$SpringCGLIB$$0.run(<generated>) ~[!/:1.0.0]
	at com.example.configmgr.job.service.AsyncJobExecutor.execute(AsyncJobExecutor.java:35) ~[!/:1.0.0]
	at java.base/jdk.internal.reflect.DirectMethodHandleAccessor.invoke(DirectMethodHandleAccessor.java:103) ~[na:na]
	at java.base/java.lang.reflect.Method.invoke(Method.java:580) ~[na:na]
	at org.springframework.aop.support.AopUtils.invokeJoinpointUsingReflection(AopUtils.java:360) ~[spring-aop-6.2.18.jar!/:6.2.18]
	at org.springframework.aop.framework.ReflectiveMethodInvocation.invokeJoinpoint(ReflectiveMethodInvocation.java:196) ~[spring-aop-6.2.18.jar!/:6.2.18]
	at org.springframework.aop.framework.ReflectiveMethodInvocation.proceed(ReflectiveMethodInvocation.java:163) ~[spring-aop-6.2.18.jar!/:6.2.18]
	at org.springframework.aop.interceptor.AsyncExecutionInterceptor.lambda$invoke$0(AsyncExecutionInterceptor.java:114) ~[spring-aop-6.2.18.jar!/:6.2.18]
	at java.base/java.util.concurrent.FutureTask.run(FutureTask.java:317) ~[na:na]
	... 1 common frames omitted

2026-10-07T01:23:46.252+08:00  WARN 30560 --- [config-mgr] [cat-handler-443] .m.m.a.ExceptionHandlerExceptionResolver : Failure in @ExceptionHandler com.example.configmgr.common.GlobalExceptionHandler#handleGeneral(Exception)

org.springframework.http.converter.HttpMessageNotWritableException: No converter for [class com.example.configmgr.common.ApiResponse] with preset Content-Type 'text/event-stream'
	at org.springframework.web.servlet.mvc.method.annotation.AbstractMessageConverterMethodProcessor.writeWithMessageConverters(AbstractMessageConverterMethodProcessor.java:364) ~[spring-webmvc-6.2.18.jar!/:6.2.18]
	at org.springframework.web.servlet.mvc.method.annotation.HttpEntityMethodProcessor.handleReturnValue(HttpEntityMethodProcessor.java:263) ~[spring-webmvc-6.2.18.jar!/:6.2.18]
	at org.springframework.web.method.support.HandlerMethodReturnValueHandlerComposite.handleReturnValue(HandlerMethodReturnValueHandlerComposite.java:78) ~[spring-web-6.2.18.jar!/:6.2.18]
	at org.springframework.web.servlet.mvc.method.annotation.ServletInvocableHandlerMethod.invokeAndHandle(ServletInvocableHandlerMethod.java:136) ~[spring-webmvc-6.2.18.jar!/:6.2.18]
	at org.springframework.web.servlet.mvc.method.annotation.ExceptionHandlerExceptionResolver.doResolveHandlerMethodException(ExceptionHandlerExceptionResolver.java:471) ~[spring-webmvc-6.2.18.jar!/:6.2.18]
	at org.springframework.web.servlet.handler.AbstractHandlerMethodExceptionResolver.doResolveException(AbstractHandlerMethodExceptionResolver.java:73) ~[spring-webmvc-6.2.18.jar!/:6.2.18]
	at org.springframework.web.servlet.handler.AbstractHandlerExceptionResolver.resolveException(AbstractHandlerExceptionResolver.java:182) ~[spring-webmvc-6.2.18.jar!/:6.2.18]
	at org.springframework.web.servlet.handler.HandlerExceptionResolverComposite.resolveException(HandlerExceptionResolverComposite.java:80) ~[spring-webmvc-6.2.18.jar!/:6.2.18]
	at org.springframework.web.servlet.DispatcherServlet.processHandlerException(DispatcherServlet.java:1360) ~[spring-webmvc-6.2.18.jar!/:6.2.18]
	at org.springframework.web.servlet.DispatcherServlet.processDispatchResult(DispatcherServlet.java:1161) ~[spring-webmvc-6.2.18.jar!/:6.2.18]
	at org.springframework.web.servlet.DispatcherServlet.doDispatch(DispatcherServlet.java:1106) ~[spring-webmvc-6.2.18.jar!/:6.2.18]
	at org.springframework.web.servlet.DispatcherServlet.doService(DispatcherServlet.java:979) ~[spring-webmvc-6.2.18.jar!/:6.2.18]
	at org.springframework.web.servlet.FrameworkServlet.processRequest(FrameworkServlet.java:1014) ~[spring-webmvc-6.2.18.jar!/:6.2.18]
	at org.springframework.web.servlet.FrameworkServlet.doGet(FrameworkServlet.java:903) ~[spring-webmvc-6.2.18.jar!/:6.2.18]
	at jakarta.servlet.http.HttpServlet.service(HttpServlet.java:564) ~[tomcat-embed-core-10.1.54.jar!/:na]
	at org.springframework.web.servlet.FrameworkServlet.service(FrameworkServlet.java:885) ~[spring-webmvc-6.2.18.jar!/:6.2.18]
	at jakarta.servlet.http.HttpServlet.service(HttpServlet.java:658) ~[tomcat-embed-core-10.1.54.jar!/:na]
	at org.apache.catalina.core.ApplicationFilterChain.internalDoFilter(ApplicationFilterChain.java:193) ~[tomcat-embed-core-10.1.54.jar!/:na]
	at org.apache.catalina.core.ApplicationFilterChain.doFilter(ApplicationFilterChain.java:138) ~[tomcat-embed-core-10.1.54.jar!/:na]
	at org.springframework.web.filter.OncePerRequestFilter.doFilter(OncePerRequestFilter.java:101) ~[spring-web-6.2.18.jar!/:6.2.18]
	at org.apache.catalina.core.ApplicationFilterChain.internalDoFilter(ApplicationFilterChain.java:162) ~[tomcat-embed-core-10.1.54.jar!/:na]
	at org.apache.catalina.core.ApplicationFilterChain.doFilter(ApplicationFilterChain.java:138) ~[tomcat-embed-core-10.1.54.jar!/:na]
	at org.springframework.web.filter.RequestContextFilter.doFilterInternal(RequestContextFilter.java:100) ~[spring-web-6.2.18.jar!/:6.2.18]
	at org.springframework.web.filter.OncePerRequestFilter.doFilter(OncePerRequestFilter.java:116) ~[spring-web-6.2.18.jar!/:6.2.18]
	at org.apache.catalina.core.ApplicationFilterChain.internalDoFilter(ApplicationFilterChain.java:162) ~[tomcat-embed-core-10.1.54.jar!/:na]
	at org.apache.catalina.core.ApplicationFilterChain.doFilter(ApplicationFilterChain.java:138) ~[tomcat-embed-core-10.1.54.jar!/:na]
	at org.springframework.web.filter.OncePerRequestFilter.doFilter(OncePerRequestFilter.java:101) ~[spring-web-6.2.18.jar!/:6.2.18]
	at org.apache.catalina.core.ApplicationFilterChain.internalDoFilter(ApplicationFilterChain.java:162) ~[tomcat-embed-core-10.1.54.jar!/:na]
	at org.apache.catalina.core.ApplicationFilterChain.doFilter(ApplicationFilterChain.java:138) ~[tomcat-embed-core-10.1.54.jar!/:na]
	at org.springframework.web.filter.OncePerRequestFilter.doFilter(OncePerRequestFilter.java:101) ~[spring-web-6.2.18.jar!/:6.2.18]
	at org.apache.catalina.core.ApplicationFilterChain.internalDoFilter(ApplicationFilterChain.java:162) ~[tomcat-embed-core-10.1.54.jar!/:na]
	at org.apache.catalina.core.ApplicationFilterChain.doFilter(ApplicationFilterChain.java:138) ~[tomcat-embed-core-10.1.54.jar!/:na]
	at org.apache.catalina.core.ApplicationDispatcher.invoke(ApplicationDispatcher.java:610) ~[tomcat-embed-core-10.1.54.jar!/:na]
	at org.apache.catalina.core.ApplicationDispatcher.doDispatch(ApplicationDispatcher.java:538) ~[tomcat-embed-core-10.1.54.jar!/:na]
	at org.apache.catalina.core.ApplicationDispatcher.dispatch(ApplicationDispatcher.java:509) ~[tomcat-embed-core-10.1.54.jar!/:na]
	at org.apache.catalina.core.AsyncContextImpl$AsyncRunnable.run(AsyncContextImpl.java:599) ~[tomcat-embed-core-10.1.54.jar!/:na]
	at org.apache.catalina.core.AsyncContextImpl.doInternalDispatch(AsyncContextImpl.java:342) ~[tomcat-embed-core-10.1.54.jar!/:na]
	at org.apache.catalina.core.StandardWrapperValve.invoke(StandardWrapperValve.java:163) ~[tomcat-embed-core-10.1.54.jar!/:na]
	at org.apache.catalina.core.StandardContextValve.invoke(StandardContextValve.java:88) ~[tomcat-embed-core-10.1.54.jar!/:na]
	at org.apache.catalina.authenticator.AuthenticatorBase.invoke(AuthenticatorBase.java:492) ~[tomcat-embed-core-10.1.54.jar!/:na]
	at org.apache.catalina.core.StandardHostValve.invoke(StandardHostValve.java:113) ~[tomcat-embed-core-10.1.54.jar!/:na]
	at org.apache.catalina.valves.ErrorReportValve.invoke(ErrorReportValve.java:83) ~[tomcat-embed-core-10.1.54.jar!/:na]
	at org.apache.catalina.core.StandardEngineValve.invoke(StandardEngineValve.java:72) ~[tomcat-embed-core-10.1.54.jar!/:na]
	at org.apache.catalina.connector.CoyoteAdapter.asyncDispatch(CoyoteAdapter.java:237) ~[tomcat-embed-core-10.1.54.jar!/:na]
	at org.apache.coyote.AbstractProcessor.dispatch(AbstractProcessor.java:243) ~[tomcat-embed-core-10.1.54.jar!/:na]
	at org.apache.coyote.AbstractProcessorLight.process(AbstractProcessorLight.java:57) ~[tomcat-embed-core-10.1.54.jar!/:na]
	at org.apache.coyote.AbstractProtocol$ConnectionHandler.process(AbstractProtocol.java:903) ~[tomcat-embed-core-10.1.54.jar!/:na]
	at org.apache.tomcat.util.net.NioEndpoint$SocketProcessor.doRun(NioEndpoint.java:1797) ~[tomcat-embed-core-10.1.54.jar!/:na]
	at org.apache.tomcat.util.net.SocketProcessorBase.run(SocketProcessorBase.java:52) ~[tomcat-embed-core-10.1.54.jar!/:na]
	at java.base/java.lang.VirtualThread.run(VirtualThread.java:329) ~[na:na]

