
  .   ____          _            __ _ _
 /\\ / ___'_ __ _ _(_)_ __  __ _ \ \ \ \
( ( )\___ | '_ | '_| | '_ \/ _` | \ \ \ \
 \\/  ___)| |_)| | | | | || (_| |  ) ) ) )
  '  |____| .__|_| |_|_| |_\__, | / / / /
 =========|_|==============|___/=/_/_/_/

 :: Spring Boot ::               (v3.5.14)

2026-10-06T21:31:14.266+08:00  INFO 26792 --- [sp01d-resilience] [           main] com.example.spike.SpikeApplication       : Starting SpikeApplication v0.0.1-SNAPSHOT using Java 21.0.12 with PID 26792 (<REPO_ROOT>\spike\sp01d\target\sp01d-resilience-0.0.1-SNAPSHOT.jar started by <USER> in <REPO_ROOT>\spike\sp01d)
2026-10-06T21:31:14.269+08:00 DEBUG 26792 --- [sp01d-resilience] [           main] com.example.spike.SpikeApplication       : Running with Spring Boot v3.5.14, Spring v6.2.18
2026-10-06T21:31:14.298+08:00  INFO 26792 --- [sp01d-resilience] [           main] com.example.spike.SpikeApplication       : The following 1 profile is active: "verbose"
2026-10-06T21:31:15.457+08:00  INFO 26792 --- [sp01d-resilience] [           main] o.s.b.w.embedded.tomcat.TomcatWebServer  : Tomcat initialized with port 18303 (http)
2026-10-06T21:31:15.468+08:00  INFO 26792 --- [sp01d-resilience] [           main] o.apache.catalina.core.StandardService   : Starting service [Tomcat]
2026-10-06T21:31:15.468+08:00  INFO 26792 --- [sp01d-resilience] [           main] o.apache.catalina.core.StandardEngine    : Starting Servlet engine: [Apache Tomcat/10.1.54]
2026-10-06T21:31:15.498+08:00  INFO 26792 --- [sp01d-resilience] [           main] o.a.c.c.C.[Tomcat].[localhost].[/]       : Initializing Spring embedded WebApplicationContext
2026-10-06T21:31:15.499+08:00  INFO 26792 --- [sp01d-resilience] [           main] w.s.c.ServletWebServerApplicationContext : Root WebApplicationContext: initialization completed in 1146 ms
2026-10-06T21:31:16.092+08:00 DEBUG 26792 --- [sp01d-resilience] [           main] o.s.a.m.t.a.ToolCallingAutoConfiguration : Cannot load class: org.springframework.security.oauth2.client.ClientAuthorizationException
2026-10-06T21:31:17.218+08:00  INFO 26792 --- [sp01d-resilience] [           main] o.s.b.w.embedded.tomcat.TomcatWebServer  : Tomcat started on port 18303 (http) with context path '/'
2026-10-06T21:31:17.261+08:00  INFO 26792 --- [sp01d-resilience] [           main] com.example.spike.SpikeApplication       : Started SpikeApplication in 3.484 seconds (process running for 4.006)
2026-10-06T21:31:35.394+08:00  INFO 26792 --- [sp01d-resilience] [io-18303-exec-1] o.a.c.c.C.[Tomcat].[localhost].[/]       : Initializing Spring DispatcherServlet 'dispatcherServlet'
2026-10-06T21:31:35.394+08:00  INFO 26792 --- [sp01d-resilience] [io-18303-exec-1] o.s.web.servlet.DispatcherServlet        : Initializing Servlet 'dispatcherServlet'
2026-10-06T21:31:35.395+08:00  INFO 26792 --- [sp01d-resilience] [io-18303-exec-1] o.s.web.servlet.DispatcherServlet        : Completed initialization in 1 ms
2026-10-06T21:31:52.372+08:00  INFO 26792 --- [sp01d-resilience] [oundedElastic-2] c.e.spike.core.ResilientChatService      : STREAM_ITEM sessionId=vd1-baseline runId=vd1-baseline#1791293511374 tsOffset=996ms textLen=-1 hasToolCalls=false
2026-10-06T21:31:52.429+08:00  INFO 26792 --- [sp01d-resilience] [oundedElastic-2] c.e.spike.core.ResilientChatService      : STREAM_ITEM sessionId=vd1-baseline runId=vd1-baseline#1791293511374 tsOffset=1053ms textLen=-1 hasToolCalls=false
2026-10-06T21:31:52.439+08:00  INFO 26792 --- [sp01d-resilience] [oundedElastic-2] c.e.spike.core.ResilientChatService      : STREAM_ITEM sessionId=vd1-baseline runId=vd1-baseline#1791293511374 tsOffset=1063ms textLen=-1 hasToolCalls=false
2026-10-06T21:31:52.440+08:00  INFO 26792 --- [sp01d-resilience] [oundedElastic-2] c.e.spike.core.ResilientChatService      : STREAM_ITEM sessionId=vd1-baseline runId=vd1-baseline#1791293511374 tsOffset=1064ms textLen=-1 hasToolCalls=false
2026-10-06T21:31:52.461+08:00  INFO 26792 --- [sp01d-resilience] [oundedElastic-2] c.e.spike.core.ResilientChatService      : STREAM_ITEM sessionId=vd1-baseline runId=vd1-baseline#1791293511374 tsOffset=1085ms textLen=-1 hasToolCalls=false
2026-10-06T21:31:52.465+08:00  INFO 26792 --- [sp01d-resilience] [oundedElastic-2] c.e.spike.core.ResilientChatService      : STREAM_ITEM sessionId=vd1-baseline runId=vd1-baseline#1791293511374 tsOffset=1089ms textLen=-1 hasToolCalls=false
2026-10-06T21:31:52.466+08:00  INFO 26792 --- [sp01d-resilience] [oundedElastic-2] c.e.spike.core.ResilientChatService      : STREAM_ITEM sessionId=vd1-baseline runId=vd1-baseline#1791293511374 tsOffset=1090ms textLen=-1 hasToolCalls=false
2026-10-06T21:31:52.466+08:00  INFO 26792 --- [sp01d-resilience] [oundedElastic-2] c.e.spike.core.ResilientChatService      : STREAM_ITEM sessionId=vd1-baseline runId=vd1-baseline#1791293511374 tsOffset=1090ms textLen=-1 hasToolCalls=false
2026-10-06T21:31:52.467+08:00  INFO 26792 --- [sp01d-resilience] [oundedElastic-2] c.e.spike.core.ResilientChatService      : STREAM_ITEM sessionId=vd1-baseline runId=vd1-baseline#1791293511374 tsOffset=1091ms textLen=-1 hasToolCalls=false
2026-10-06T21:31:52.468+08:00  INFO 26792 --- [sp01d-resilience] [oundedElastic-2] c.e.spike.core.ResilientChatService      : STREAM_ITEM sessionId=vd1-baseline runId=vd1-baseline#1791293511374 tsOffset=1092ms textLen=-1 hasToolCalls=false
2026-10-06T21:31:52.469+08:00  INFO 26792 --- [sp01d-resilience] [oundedElastic-2] c.e.spike.core.ResilientChatService      : STREAM_ITEM sessionId=vd1-baseline runId=vd1-baseline#1791293511374 tsOffset=1093ms textLen=-1 hasToolCalls=false
2026-10-06T21:31:52.470+08:00  INFO 26792 --- [sp01d-resilience] [oundedElastic-2] c.e.spike.core.ResilientChatService      : STREAM_ITEM sessionId=vd1-baseline runId=vd1-baseline#1791293511374 tsOffset=1094ms textLen=-1 hasToolCalls=false
2026-10-06T21:31:52.471+08:00  INFO 26792 --- [sp01d-resilience] [oundedElastic-2] c.e.spike.core.ResilientChatService      : STREAM_ITEM sessionId=vd1-baseline runId=vd1-baseline#1791293511374 tsOffset=1095ms textLen=-1 hasToolCalls=false
2026-10-06T21:31:52.472+08:00  INFO 26792 --- [sp01d-resilience] [oundedElastic-2] c.e.spike.core.ResilientChatService      : STREAM_ITEM sessionId=vd1-baseline runId=vd1-baseline#1791293511374 tsOffset=1095ms textLen=-1 hasToolCalls=false
2026-10-06T21:31:52.482+08:00  INFO 26792 --- [sp01d-resilience] [oundedElastic-2] c.e.spike.core.ResilientChatService      : STREAM_ITEM sessionId=vd1-baseline runId=vd1-baseline#1791293511374 tsOffset=1106ms textLen=-1 hasToolCalls=false
2026-10-06T21:31:52.482+08:00  INFO 26792 --- [sp01d-resilience] [oundedElastic-2] c.e.spike.core.ResilientChatService      : STREAM_ITEM sessionId=vd1-baseline runId=vd1-baseline#1791293511374 tsOffset=1106ms textLen=-1 hasToolCalls=false
2026-10-06T21:31:52.544+08:00  INFO 26792 --- [sp01d-resilience] [oundedElastic-2] c.e.spike.core.ResilientChatService      : STREAM_ITEM sessionId=vd1-baseline runId=vd1-baseline#1791293511374 tsOffset=1168ms textLen=-1 hasToolCalls=false
2026-10-06T21:31:52.547+08:00 DEBUG 26792 --- [sp01d-resilience] [oundedElastic-1] o.s.a.m.tool.DefaultToolCallingManager   : Executing tool call: getServerTime
2026-10-06T21:31:52.551+08:00  INFO 26792 --- [sp01d-resilience] [oundedElastic-1] com.example.spike.tools.SpikeTools       : TOOL_EXEC source=INTERNAL_LOOP runId=vd1-baseline#1791293511374 name=getServerTime
2026-10-06T21:31:53.401+08:00  INFO 26792 --- [sp01d-resilience] [oundedElastic-2] c.e.spike.core.ResilientChatService      : STREAM_ITEM sessionId=vd1-baseline runId=vd1-baseline#1791293511374 tsOffset=2025ms textLen=-1 hasToolCalls=false
2026-10-06T21:31:53.403+08:00  INFO 26792 --- [sp01d-resilience] [oundedElastic-2] c.e.spike.core.ResilientChatService      : STREAM_ITEM sessionId=vd1-baseline runId=vd1-baseline#1791293511374 tsOffset=2027ms textLen=2 hasToolCalls=false
2026-10-06T21:31:53.407+08:00  INFO 26792 --- [sp01d-resilience] [oundedElastic-2] c.e.spike.core.ResilientChatService      : STREAM_ITEM sessionId=vd1-baseline runId=vd1-baseline#1791293511374 tsOffset=2031ms textLen=3 hasToolCalls=false
2026-10-06T21:31:53.409+08:00  INFO 26792 --- [sp01d-resilience] [oundedElastic-2] c.e.spike.core.ResilientChatService      : STREAM_ITEM sessionId=vd1-baseline runId=vd1-baseline#1791293511374 tsOffset=2033ms textLen=2 hasToolCalls=false
2026-10-06T21:31:53.410+08:00  INFO 26792 --- [sp01d-resilience] [oundedElastic-2] c.e.spike.core.ResilientChatService      : STREAM_ITEM sessionId=vd1-baseline runId=vd1-baseline#1791293511374 tsOffset=2034ms textLen=1 hasToolCalls=false
2026-10-06T21:31:53.412+08:00  INFO 26792 --- [sp01d-resilience] [oundedElastic-2] c.e.spike.core.ResilientChatService      : STREAM_ITEM sessionId=vd1-baseline runId=vd1-baseline#1791293511374 tsOffset=2036ms textLen=3 hasToolCalls=false
2026-10-06T21:31:53.413+08:00  INFO 26792 --- [sp01d-resilience] [oundedElastic-2] c.e.spike.core.ResilientChatService      : STREAM_ITEM sessionId=vd1-baseline runId=vd1-baseline#1791293511374 tsOffset=2037ms textLen=1 hasToolCalls=false
2026-10-06T21:31:53.415+08:00  INFO 26792 --- [sp01d-resilience] [oundedElastic-2] c.e.spike.core.ResilientChatService      : STREAM_ITEM sessionId=vd1-baseline runId=vd1-baseline#1791293511374 tsOffset=2039ms textLen=1 hasToolCalls=false
2026-10-06T21:31:53.416+08:00  INFO 26792 --- [sp01d-resilience] [oundedElastic-2] c.e.spike.core.ResilientChatService      : STREAM_ITEM sessionId=vd1-baseline runId=vd1-baseline#1791293511374 tsOffset=2040ms textLen=2 hasToolCalls=false
2026-10-06T21:31:53.417+08:00  INFO 26792 --- [sp01d-resilience] [oundedElastic-2] c.e.spike.core.ResilientChatService      : STREAM_ITEM sessionId=vd1-baseline runId=vd1-baseline#1791293511374 tsOffset=2041ms textLen=1 hasToolCalls=false
2026-10-06T21:31:53.419+08:00  INFO 26792 --- [sp01d-resilience] [oundedElastic-2] c.e.spike.core.ResilientChatService      : STREAM_ITEM sessionId=vd1-baseline runId=vd1-baseline#1791293511374 tsOffset=2043ms textLen=2 hasToolCalls=false
2026-10-06T21:31:53.420+08:00  INFO 26792 --- [sp01d-resilience] [oundedElastic-2] c.e.spike.core.ResilientChatService      : STREAM_ITEM sessionId=vd1-baseline runId=vd1-baseline#1791293511374 tsOffset=2044ms textLen=1 hasToolCalls=false
2026-10-06T21:31:53.423+08:00  INFO 26792 --- [sp01d-resilience] [oundedElastic-2] c.e.spike.core.ResilientChatService      : STREAM_ITEM sessionId=vd1-baseline runId=vd1-baseline#1791293511374 tsOffset=2047ms textLen=2 hasToolCalls=false
2026-10-06T21:31:53.424+08:00  INFO 26792 --- [sp01d-resilience] [oundedElastic-2] c.e.spike.core.ResilientChatService      : STREAM_ITEM sessionId=vd1-baseline runId=vd1-baseline#1791293511374 tsOffset=2048ms textLen=1 hasToolCalls=false
2026-10-06T21:31:53.425+08:00  INFO 26792 --- [sp01d-resilience] [oundedElastic-2] c.e.spike.core.ResilientChatService      : STREAM_ITEM sessionId=vd1-baseline runId=vd1-baseline#1791293511374 tsOffset=2049ms textLen=2 hasToolCalls=false
2026-10-06T21:31:53.427+08:00  INFO 26792 --- [sp01d-resilience] [oundedElastic-2] c.e.spike.core.ResilientChatService      : STREAM_ITEM sessionId=vd1-baseline runId=vd1-baseline#1791293511374 tsOffset=2051ms textLen=1 hasToolCalls=false
2026-10-06T21:31:53.428+08:00  INFO 26792 --- [sp01d-resilience] [oundedElastic-2] c.e.spike.core.ResilientChatService      : STREAM_ITEM sessionId=vd1-baseline runId=vd1-baseline#1791293511374 tsOffset=2052ms textLen=2 hasToolCalls=false
2026-10-06T21:31:53.428+08:00  INFO 26792 --- [sp01d-resilience] [oundedElastic-2] c.e.spike.core.ResilientChatService      : STREAM_ITEM sessionId=vd1-baseline runId=vd1-baseline#1791293511374 tsOffset=2052ms textLen=1 hasToolCalls=false
2026-10-06T21:31:53.429+08:00  INFO 26792 --- [sp01d-resilience] [oundedElastic-2] c.e.spike.core.ResilientChatService      : STREAM_ITEM sessionId=vd1-baseline runId=vd1-baseline#1791293511374 tsOffset=2053ms textLen=0 hasToolCalls=false
2026-10-06T21:31:53.433+08:00  INFO 26792 --- [sp01d-resilience] [    spike-run-1] c.e.spike.core.ResilientChatService      : RUN_END sessionId=vd1-baseline runId=vd1-baseline#1791293511374 terminal=OK attempts=1 elapsedMs=2054 deltas=17 emittedChars=28 contentLen=28
2026-10-06T21:31:58.586+08:00  WARN 26792 --- [sp01d-resilience] [    spike-run-2] c.e.spike.core.ResilientChatService      : ATTEMPT_FAILED sessionId=vd1-guarded-first attempt=1 costMs=5014 emittedAny=false sideEffect=false overBudget=false hasNext=true retryable=true reason=TimeoutException: Did not observe any item or terminal signal within first signal from a Publisher in 'handle' (and no fallback has been configured)
2026-10-06T21:31:58.577+08:00 ERROR 26792 --- [sp01d-resilience] [onPool-worker-1] reactor.core.publisher.Operators         : Operator called default onErrorDropped

java.util.concurrent.CompletionException: java.util.concurrent.CancellationException: Request cancelled
	at java.base/java.util.concurrent.CompletableFuture.encodeRelay(CompletableFuture.java:368) ~[na:na]
	at java.base/java.util.concurrent.CompletableFuture.completeRelay(CompletableFuture.java:377) ~[na:na]
	at java.base/java.util.concurrent.CompletableFuture$UniComposeExceptionally.tryFire(CompletableFuture.java:1042) ~[na:na]
	at java.base/java.util.concurrent.CompletableFuture.postComplete(CompletableFuture.java:510) ~[na:na]
	at java.base/java.util.concurrent.CompletableFuture.completeExceptionally(CompletableFuture.java:2194) ~[na:na]
	at java.net.http/jdk.internal.net.http.Http1Exchange.lambda$cancelImpl$9(Http1Exchange.java:592) ~[java.net.http:na]
	at java.net.http/jdk.internal.net.http.Http1Exchange.runInline(Http1Exchange.java:611) ~[java.net.http:na]
	at java.net.http/jdk.internal.net.http.Http1Exchange.cancelImpl(Http1Exchange.java:591) ~[java.net.http:na]
	at java.net.http/jdk.internal.net.http.Http1Exchange.cancel(Http1Exchange.java:505) ~[java.net.http:na]
	at java.net.http/jdk.internal.net.http.Exchange.cancel(Exchange.java:260) ~[java.net.http:na]
	at java.net.http/jdk.internal.net.http.MultiExchange.cancel(MultiExchange.java:299) ~[java.net.http:na]
	at java.net.http/jdk.internal.net.http.MultiExchange$CancelableRef.cancel(MultiExchange.java:194) ~[java.net.http:na]
	at java.net.http/jdk.internal.net.http.common.MinimalFuture.cancel(MinimalFuture.java:107) ~[java.net.http:na]
	at reactor.core.publisher.MonoCompletionStage$MonoCompletionStageSubscription.cancel(MonoCompletionStage.java:156) ~[reactor-core-3.7.18.jar!/:3.7.18]
	at reactor.core.publisher.FluxMap$MapSubscriber.cancel(FluxMap.java:169) ~[reactor-core-3.7.18.jar!/:3.7.18]
	at reactor.core.publisher.MonoIgnoreThen$ThenIgnoreMain.cancel(MonoIgnoreThen.java:144) ~[reactor-core-3.7.18.jar!/:3.7.18]
	at reactor.core.publisher.FluxPeek$PeekSubscriber.cancel(FluxPeek.java:153) ~[reactor-core-3.7.18.jar!/:3.7.18]
	at reactor.core.publisher.FluxPeek$PeekSubscriber.cancel(FluxPeek.java:153) ~[reactor-core-3.7.18.jar!/:3.7.18]
	at reactor.core.publisher.Operators$MultiSubscriptionSubscriber.drainLoop(Operators.java:2424) ~[reactor-core-3.7.18.jar!/:3.7.18]
	at reactor.core.publisher.Operators$MultiSubscriptionSubscriber.drain(Operators.java:2392) ~[reactor-core-3.7.18.jar!/:3.7.18]
	at reactor.core.publisher.Operators$MultiSubscriptionSubscriber.cancel(Operators.java:2204) ~[reactor-core-3.7.18.jar!/:3.7.18]
	at reactor.core.publisher.FluxMap$MapSubscriber.cancel(FluxMap.java:169) ~[reactor-core-3.7.18.jar!/:3.7.18]
	at reactor.core.publisher.FluxOnAssembly$OnAssemblySubscriber.cancel(FluxOnAssembly.java:654) ~[reactor-core-3.7.18.jar!/:3.7.18]
	at reactor.core.publisher.Operators$MultiSubscriptionSubscriber.drainLoop(Operators.java:2424) ~[reactor-core-3.7.18.jar!/:3.7.18]
	at reactor.core.publisher.Operators$MultiSubscriptionSubscriber.drain(Operators.java:2392) ~[reactor-core-3.7.18.jar!/:3.7.18]
	at reactor.core.publisher.Operators$MultiSubscriptionSubscriber.cancel(Operators.java:2204) ~[reactor-core-3.7.18.jar!/:3.7.18]
	at reactor.core.publisher.FluxPeekFuseable$PeekConditionalSubscriber.cancel(FluxPeekFuseable.java:798) ~[reactor-core-3.7.18.jar!/:3.7.18]
	at reactor.core.publisher.MonoPeekTerminal$MonoTerminalPeekSubscriber.cancel(MonoPeekTerminal.java:144) ~[reactor-core-3.7.18.jar!/:3.7.18]
	at reactor.core.publisher.FluxDoFinally$DoFinallySubscriber.cancel(FluxDoFinally.java:134) ~[reactor-core-3.7.18.jar!/:3.7.18]
	at reactor.core.publisher.FluxContextWrite$ContextWriteSubscriber.cancel(FluxContextWrite.java:141) ~[reactor-core-3.7.18.jar!/:3.7.18]
	at reactor.core.publisher.MonoFlatMapMany$FlatMapManyMain.cancel(MonoFlatMapMany.java:130) ~[reactor-core-3.7.18.jar!/:3.7.18]
	at reactor.core.publisher.FluxTakeUntil$TakeUntilPredicateSubscriber.cancel(FluxTakeUntil.java:147) ~[reactor-core-3.7.18.jar!/:3.7.18]
	at reactor.core.publisher.FluxFilter$FilterSubscriber.cancel(FluxFilter.java:191) ~[reactor-core-3.7.18.jar!/:3.7.18]
	at reactor.core.publisher.FluxMap$MapSubscriber.cancel(FluxMap.java:169) ~[reactor-core-3.7.18.jar!/:3.7.18]
	at reactor.core.publisher.FluxMap$MapSubscriber.cancel(FluxMap.java:169) ~[reactor-core-3.7.18.jar!/:3.7.18]
	at reactor.core.publisher.FluxWindowPredicate$WindowPredicateMain.cancel(FluxWindowPredicate.java:387) ~[reactor-core-3.7.18.jar!/:3.7.18]
	at reactor.core.publisher.FluxConcatMapNoPrefetch$FluxConcatMapNoPrefetchSubscriber.cancel(FluxConcatMapNoPrefetch.java:352) ~[reactor-core-3.7.18.jar!/:3.7.18]
	at reactor.core.publisher.FluxMap$MapSubscriber.cancel(FluxMap.java:169) ~[reactor-core-3.7.18.jar!/:3.7.18]
	at reactor.core.publisher.FluxMap$MapSubscriber.cancel(FluxMap.java:169) ~[reactor-core-3.7.18.jar!/:3.7.18]
	at reactor.core.publisher.FluxBuffer$BufferOverlappingSubscriber.cancel(FluxBuffer.java:463) ~[reactor-core-3.7.18.jar!/:3.7.18]
	at reactor.core.publisher.FluxMap$MapSubscriber.cancel(FluxMap.java:169) ~[reactor-core-3.7.18.jar!/:3.7.18]
	at reactor.core.publisher.FluxConcatMapNoPrefetch$FluxConcatMapNoPrefetchSubscriber.cancel(FluxConcatMapNoPrefetch.java:352) ~[reactor-core-3.7.18.jar!/:3.7.18]
	at reactor.core.publisher.FluxPeekFuseable$PeekConditionalSubscriber.cancel(FluxPeekFuseable.java:798) ~[reactor-core-3.7.18.jar!/:3.7.18]
	at reactor.core.publisher.FluxDoFinally$DoFinallySubscriber.cancel(FluxDoFinally.java:134) ~[reactor-core-3.7.18.jar!/:3.7.18]
	at reactor.core.publisher.FluxContextWrite$ContextWriteSubscriber.cancel(FluxContextWrite.java:141) ~[reactor-core-3.7.18.jar!/:3.7.18]
	at reactor.core.publisher.FluxPeekFuseable$PeekFuseableSubscriber.cancel(FluxPeekFuseable.java:159) ~[reactor-core-3.7.18.jar!/:3.7.18]
	at reactor.core.publisher.FluxPeekFuseable$PeekFuseableSubscriber.cancel(FluxPeekFuseable.java:159) ~[reactor-core-3.7.18.jar!/:3.7.18]
	at reactor.core.publisher.FluxPeekFuseable$PeekFuseableSubscriber.cancel(FluxPeekFuseable.java:159) ~[reactor-core-3.7.18.jar!/:3.7.18]
	at reactor.core.publisher.FluxPeekFuseable$PeekFuseableSubscriber.cancel(FluxPeekFuseable.java:159) ~[reactor-core-3.7.18.jar!/:3.7.18]
	at reactor.core.publisher.FluxMap$MapSubscriber.cancel(FluxMap.java:169) ~[reactor-core-3.7.18.jar!/:3.7.18]
	at reactor.core.publisher.FluxPublishOn$PublishOnConditionalSubscriber.cancel(FluxPublishOn.java:843) ~[reactor-core-3.7.18.jar!/:3.7.18]
	at reactor.core.publisher.FluxPeekFuseable$PeekFuseableConditionalSubscriber.cancel(FluxPeekFuseable.java:452) ~[reactor-core-3.7.18.jar!/:3.7.18]
	at reactor.core.publisher.FluxDoFinally$DoFinallySubscriber.cancel(FluxDoFinally.java:134) ~[reactor-core-3.7.18.jar!/:3.7.18]
	at reactor.core.publisher.FluxContextWrite$ContextWriteSubscriber.cancel(FluxContextWrite.java:141) ~[reactor-core-3.7.18.jar!/:3.7.18]
	at reactor.core.publisher.FluxHandle$HandleSubscriber.cancel(FluxHandle.java:277) ~[reactor-core-3.7.18.jar!/:3.7.18]
	at reactor.core.publisher.FluxPeek$PeekSubscriber.cancel(FluxPeek.java:153) ~[reactor-core-3.7.18.jar!/:3.7.18]
	at reactor.core.publisher.FluxPeek$PeekSubscriber.cancel(FluxPeek.java:153) ~[reactor-core-3.7.18.jar!/:3.7.18]
	at reactor.core.publisher.FluxPeek$PeekSubscriber.cancel(FluxPeek.java:153) ~[reactor-core-3.7.18.jar!/:3.7.18]
	at reactor.core.publisher.FluxPeek$PeekSubscriber.cancel(FluxPeek.java:153) ~[reactor-core-3.7.18.jar!/:3.7.18]
	at reactor.core.publisher.FluxMap$MapSubscriber.cancel(FluxMap.java:169) ~[reactor-core-3.7.18.jar!/:3.7.18]
	at reactor.core.publisher.Operators.terminate(Operators.java:1329) ~[reactor-core-3.7.18.jar!/:3.7.18]
	at reactor.core.publisher.MonoFlatMapMany$FlatMapManyMain.cancel(MonoFlatMapMany.java:131) ~[reactor-core-3.7.18.jar!/:3.7.18]
	at reactor.core.publisher.FluxHandle$HandleConditionalSubscriber.cancel(FluxHandle.java:483) ~[reactor-core-3.7.18.jar!/:3.7.18]
	at reactor.core.publisher.FluxPeekFuseable$PeekConditionalSubscriber.cancel(FluxPeekFuseable.java:798) ~[reactor-core-3.7.18.jar!/:3.7.18]
	at reactor.core.publisher.FluxPeekFuseable$PeekConditionalSubscriber.cancel(FluxPeekFuseable.java:798) ~[reactor-core-3.7.18.jar!/:3.7.18]
	at reactor.core.publisher.FluxPeekFuseable$PeekConditionalSubscriber.cancel(FluxPeekFuseable.java:798) ~[reactor-core-3.7.18.jar!/:3.7.18]
	at reactor.core.publisher.FluxPeekFuseable$PeekConditionalSubscriber.cancel(FluxPeekFuseable.java:798) ~[reactor-core-3.7.18.jar!/:3.7.18]
	at reactor.core.publisher.FluxMap$MapConditionalSubscriber.cancel(FluxMap.java:300) ~[reactor-core-3.7.18.jar!/:3.7.18]
	at reactor.core.publisher.FluxPeekFuseable$PeekConditionalSubscriber.cancel(FluxPeekFuseable.java:798) ~[reactor-core-3.7.18.jar!/:3.7.18]
	at reactor.core.publisher.FluxDoFinally$DoFinallySubscriber.cancel(FluxDoFinally.java:134) ~[reactor-core-3.7.18.jar!/:3.7.18]
	at reactor.core.publisher.FluxContextWrite$ContextWriteSubscriber.cancel(FluxContextWrite.java:141) ~[reactor-core-3.7.18.jar!/:3.7.18]
	at reactor.core.publisher.FluxHandle$HandleConditionalSubscriber.cancel(FluxHandle.java:483) ~[reactor-core-3.7.18.jar!/:3.7.18]
	at reactor.core.publisher.FluxPeekFuseable$PeekConditionalSubscriber.cancel(FluxPeekFuseable.java:798) ~[reactor-core-3.7.18.jar!/:3.7.18]
	at reactor.core.publisher.FluxPeekFuseable$PeekConditionalSubscriber.cancel(FluxPeekFuseable.java:798) ~[reactor-core-3.7.18.jar!/:3.7.18]
	at reactor.core.publisher.FluxPeekFuseable$PeekConditionalSubscriber.cancel(FluxPeekFuseable.java:798) ~[reactor-core-3.7.18.jar!/:3.7.18]
	at reactor.core.publisher.FluxPeekFuseable$PeekConditionalSubscriber.cancel(FluxPeekFuseable.java:798) ~[reactor-core-3.7.18.jar!/:3.7.18]
	at reactor.core.publisher.FluxMap$MapConditionalSubscriber.cancel(FluxMap.java:300) ~[reactor-core-3.7.18.jar!/:3.7.18]
	at reactor.core.publisher.FluxPeekFuseable$PeekConditionalSubscriber.cancel(FluxPeekFuseable.java:798) ~[reactor-core-3.7.18.jar!/:3.7.18]
	at reactor.core.publisher.FluxDoFinally$DoFinallySubscriber.cancel(FluxDoFinally.java:134) ~[reactor-core-3.7.18.jar!/:3.7.18]
	at reactor.core.publisher.FluxContextWrite$ContextWriteSubscriber.cancel(FluxContextWrite.java:141) ~[reactor-core-3.7.18.jar!/:3.7.18]
	at reactor.core.publisher.FluxHandleFuseable$HandleFuseableConditionalSubscriber.cancel(FluxHandleFuseable.java:659) ~[reactor-core-3.7.18.jar!/:3.7.18]
	at reactor.core.publisher.FluxPeekFuseable$PeekFuseableConditionalSubscriber.cancel(FluxPeekFuseable.java:452) ~[reactor-core-3.7.18.jar!/:3.7.18]
	at reactor.core.publisher.FluxPeekFuseable$PeekFuseableConditionalSubscriber.cancel(FluxPeekFuseable.java:452) ~[reactor-core-3.7.18.jar!/:3.7.18]
	at reactor.core.publisher.FluxPeekFuseable$PeekFuseableConditionalSubscriber.cancel(FluxPeekFuseable.java:452) ~[reactor-core-3.7.18.jar!/:3.7.18]
	at reactor.core.publisher.FluxPeekFuseable$PeekFuseableConditionalSubscriber.cancel(FluxPeekFuseable.java:452) ~[reactor-core-3.7.18.jar!/:3.7.18]
	at reactor.core.publisher.FluxMapFuseable$MapFuseableConditionalSubscriber.cancel(FluxMapFuseable.java:365) ~[reactor-core-3.7.18.jar!/:3.7.18]
	at reactor.core.publisher.FluxHandle$HandleSubscriber.cancel(FluxHandle.java:277) ~[reactor-core-3.7.18.jar!/:3.7.18]
	at reactor.core.publisher.Operators$MultiSubscriptionSubscriber.drainLoop(Operators.java:2424) ~[reactor-core-3.7.18.jar!/:3.7.18]
	at reactor.core.publisher.Operators$MultiSubscriptionSubscriber.drain(Operators.java:2392) ~[reactor-core-3.7.18.jar!/:3.7.18]
	at reactor.core.publisher.Operators$MultiSubscriptionSubscriber.cancel(Operators.java:2204) ~[reactor-core-3.7.18.jar!/:3.7.18]
	at reactor.core.publisher.FluxTimeout$TimeoutMainSubscriber.handleTimeout(FluxTimeout.java:295) ~[reactor-core-3.7.18.jar!/:3.7.18]
	at reactor.core.publisher.FluxTimeout$TimeoutMainSubscriber.doTimeout(FluxTimeout.java:281) ~[reactor-core-3.7.18.jar!/:3.7.18]
	at reactor.core.publisher.FluxTimeout$TimeoutTimeoutSubscriber.onNext(FluxTimeout.java:420) ~[reactor-core-3.7.18.jar!/:3.7.18]
	at reactor.core.publisher.MonoDelay$MonoDelayRunnable.propagateDelay(MonoDelay.java:270) ~[reactor-core-3.7.18.jar!/:3.7.18]
	at reactor.core.publisher.MonoDelay$MonoDelayRunnable.run(MonoDelay.java:285) ~[reactor-core-3.7.18.jar!/:3.7.18]
	at reactor.core.scheduler.SchedulerTask.call(SchedulerTask.java:68) ~[reactor-core-3.7.18.jar!/:3.7.18]
	at reactor.core.scheduler.SchedulerTask.call(SchedulerTask.java:28) ~[reactor-core-3.7.18.jar!/:3.7.18]
	at java.base/java.util.concurrent.FutureTask.run(FutureTask.java:317) ~[na:na]
	at java.base/java.util.concurrent.ScheduledThreadPoolExecutor$ScheduledFutureTask.run(ScheduledThreadPoolExecutor.java:304) ~[na:na]
	at java.base/java.util.concurrent.ThreadPoolExecutor.runWorker(ThreadPoolExecutor.java:1144) ~[na:na]
	at java.base/java.util.concurrent.ThreadPoolExecutor$Worker.run(ThreadPoolExecutor.java:642) ~[na:na]
	at java.base/java.lang.Thread.run(Thread.java:1583) ~[na:na]
Caused by: java.util.concurrent.CancellationException: Request cancelled
	at java.net.http/jdk.internal.net.http.MultiExchange.cancel(MultiExchange.java:285) ~[java.net.http:na]
	... 91 common frames omitted
Caused by: java.io.IOException: Request cancelled
	at java.net.http/jdk.internal.net.http.Http1Exchange.cancel(Http1Exchange.java:505) ~[java.net.http:na]
	at java.net.http/jdk.internal.net.http.Exchange.cancel(Exchange.java:260) ~[java.net.http:na]
	at java.net.http/jdk.internal.net.http.MultiExchange.cancel(MultiExchange.java:299) ~[java.net.http:na]
	... 91 common frames omitted

2026-10-06T21:32:03.591+08:00  WARN 26792 --- [sp01d-resilience] [    spike-run-2] c.e.spike.core.ResilientChatService      : ATTEMPT_FAILED sessionId=vd1-guarded-first attempt=2 costMs=5003 emittedAny=false sideEffect=false overBudget=false hasNext=false retryable=false reason=TimeoutException: Did not observe any item or terminal signal within first signal from a Publisher in 'handle' (and no fallback has been configured)
2026-10-06T21:32:03.590+08:00 ERROR 26792 --- [sp01d-resilience] [onPool-worker-1] reactor.core.publisher.Operators         : Operator called default onErrorDropped

java.util.concurrent.CompletionException: java.util.concurrent.CancellationException: Request cancelled
	at java.base/java.util.concurrent.CompletableFuture.encodeRelay(CompletableFuture.java:368) ~[na:na]
	at java.base/java.util.concurrent.CompletableFuture.completeRelay(CompletableFuture.java:377) ~[na:na]
	at java.base/java.util.concurrent.CompletableFuture$UniComposeExceptionally.tryFire(CompletableFuture.java:1042) ~[na:na]
	at java.base/java.util.concurrent.CompletableFuture.postComplete(CompletableFuture.java:510) ~[na:na]
	at java.base/java.util.concurrent.CompletableFuture.completeExceptionally(CompletableFuture.java:2194) ~[na:na]
	at java.net.http/jdk.internal.net.http.Http1Exchange.lambda$cancelImpl$9(Http1Exchange.java:592) ~[java.net.http:na]
	at java.net.http/jdk.internal.net.http.Http1Exchange.runInline(Http1Exchange.java:611) ~[java.net.http:na]
	at java.net.http/jdk.internal.net.http.Http1Exchange.cancelImpl(Http1Exchange.java:591) ~[java.net.http:na]
	at java.net.http/jdk.internal.net.http.Http1Exchange.cancel(Http1Exchange.java:505) ~[java.net.http:na]
	at java.net.http/jdk.internal.net.http.Exchange.cancel(Exchange.java:260) ~[java.net.http:na]
	at java.net.http/jdk.internal.net.http.MultiExchange.cancel(MultiExchange.java:299) ~[java.net.http:na]
	at java.net.http/jdk.internal.net.http.MultiExchange$CancelableRef.cancel(MultiExchange.java:194) ~[java.net.http:na]
	at java.net.http/jdk.internal.net.http.common.MinimalFuture.cancel(MinimalFuture.java:107) ~[java.net.http:na]
	at reactor.core.publisher.MonoCompletionStage$MonoCompletionStageSubscription.cancel(MonoCompletionStage.java:156) ~[reactor-core-3.7.18.jar!/:3.7.18]
	at reactor.core.publisher.FluxMap$MapSubscriber.cancel(FluxMap.java:169) ~[reactor-core-3.7.18.jar!/:3.7.18]
	at reactor.core.publisher.MonoIgnoreThen$ThenIgnoreMain.cancel(MonoIgnoreThen.java:144) ~[reactor-core-3.7.18.jar!/:3.7.18]
	at reactor.core.publisher.FluxPeek$PeekSubscriber.cancel(FluxPeek.java:153) ~[reactor-core-3.7.18.jar!/:3.7.18]
	at reactor.core.publisher.FluxPeek$PeekSubscriber.cancel(FluxPeek.java:153) ~[reactor-core-3.7.18.jar!/:3.7.18]
	at reactor.core.publisher.Operators$MultiSubscriptionSubscriber.drainLoop(Operators.java:2424) ~[reactor-core-3.7.18.jar!/:3.7.18]
	at reactor.core.publisher.Operators$MultiSubscriptionSubscriber.drain(Operators.java:2392) ~[reactor-core-3.7.18.jar!/:3.7.18]
	at reactor.core.publisher.Operators$MultiSubscriptionSubscriber.cancel(Operators.java:2204) ~[reactor-core-3.7.18.jar!/:3.7.18]
	at reactor.core.publisher.FluxMap$MapSubscriber.cancel(FluxMap.java:169) ~[reactor-core-3.7.18.jar!/:3.7.18]
	at reactor.core.publisher.FluxOnAssembly$OnAssemblySubscriber.cancel(FluxOnAssembly.java:654) ~[reactor-core-3.7.18.jar!/:3.7.18]
	at reactor.core.publisher.Operators$MultiSubscriptionSubscriber.drainLoop(Operators.java:2424) ~[reactor-core-3.7.18.jar!/:3.7.18]
	at reactor.core.publisher.Operators$MultiSubscriptionSubscriber.drain(Operators.java:2392) ~[reactor-core-3.7.18.jar!/:3.7.18]
	at reactor.core.publisher.Operators$MultiSubscriptionSubscriber.cancel(Operators.java:2204) ~[reactor-core-3.7.18.jar!/:3.7.18]
	at reactor.core.publisher.FluxPeekFuseable$PeekConditionalSubscriber.cancel(FluxPeekFuseable.java:798) ~[reactor-core-3.7.18.jar!/:3.7.18]
	at reactor.core.publisher.MonoPeekTerminal$MonoTerminalPeekSubscriber.cancel(MonoPeekTerminal.java:144) ~[reactor-core-3.7.18.jar!/:3.7.18]
	at reactor.core.publisher.FluxDoFinally$DoFinallySubscriber.cancel(FluxDoFinally.java:134) ~[reactor-core-3.7.18.jar!/:3.7.18]
	at reactor.core.publisher.FluxContextWrite$ContextWriteSubscriber.cancel(FluxContextWrite.java:141) ~[reactor-core-3.7.18.jar!/:3.7.18]
	at reactor.core.publisher.MonoFlatMapMany$FlatMapManyMain.cancel(MonoFlatMapMany.java:130) ~[reactor-core-3.7.18.jar!/:3.7.18]
	at reactor.core.publisher.FluxTakeUntil$TakeUntilPredicateSubscriber.cancel(FluxTakeUntil.java:147) ~[reactor-core-3.7.18.jar!/:3.7.18]
	at reactor.core.publisher.FluxFilter$FilterSubscriber.cancel(FluxFilter.java:191) ~[reactor-core-3.7.18.jar!/:3.7.18]
	at reactor.core.publisher.FluxMap$MapSubscriber.cancel(FluxMap.java:169) ~[reactor-core-3.7.18.jar!/:3.7.18]
	at reactor.core.publisher.FluxMap$MapSubscriber.cancel(FluxMap.java:169) ~[reactor-core-3.7.18.jar!/:3.7.18]
	at reactor.core.publisher.FluxWindowPredicate$WindowPredicateMain.cancel(FluxWindowPredicate.java:387) ~[reactor-core-3.7.18.jar!/:3.7.18]
	at reactor.core.publisher.FluxConcatMapNoPrefetch$FluxConcatMapNoPrefetchSubscriber.cancel(FluxConcatMapNoPrefetch.java:352) ~[reactor-core-3.7.18.jar!/:3.7.18]
	at reactor.core.publisher.FluxMap$MapSubscriber.cancel(FluxMap.java:169) ~[reactor-core-3.7.18.jar!/:3.7.18]
	at reactor.core.publisher.FluxMap$MapSubscriber.cancel(FluxMap.java:169) ~[reactor-core-3.7.18.jar!/:3.7.18]
	at reactor.core.publisher.FluxBuffer$BufferOverlappingSubscriber.cancel(FluxBuffer.java:463) ~[reactor-core-3.7.18.jar!/:3.7.18]
	at reactor.core.publisher.FluxMap$MapSubscriber.cancel(FluxMap.java:169) ~[reactor-core-3.7.18.jar!/:3.7.18]
	at reactor.core.publisher.FluxConcatMapNoPrefetch$FluxConcatMapNoPrefetchSubscriber.cancel(FluxConcatMapNoPrefetch.java:352) ~[reactor-core-3.7.18.jar!/:3.7.18]
	at reactor.core.publisher.FluxPeekFuseable$PeekConditionalSubscriber.cancel(FluxPeekFuseable.java:798) ~[reactor-core-3.7.18.jar!/:3.7.18]
	at reactor.core.publisher.FluxDoFinally$DoFinallySubscriber.cancel(FluxDoFinally.java:134) ~[reactor-core-3.7.18.jar!/:3.7.18]
	at reactor.core.publisher.FluxContextWrite$ContextWriteSubscriber.cancel(FluxContextWrite.java:141) ~[reactor-core-3.7.18.jar!/:3.7.18]
	at reactor.core.publisher.FluxPeekFuseable$PeekFuseableSubscriber.cancel(FluxPeekFuseable.java:159) ~[reactor-core-3.7.18.jar!/:3.7.18]
	at reactor.core.publisher.FluxPeekFuseable$PeekFuseableSubscriber.cancel(FluxPeekFuseable.java:159) ~[reactor-core-3.7.18.jar!/:3.7.18]
	at reactor.core.publisher.FluxPeekFuseable$PeekFuseableSubscriber.cancel(FluxPeekFuseable.java:159) ~[reactor-core-3.7.18.jar!/:3.7.18]
	at reactor.core.publisher.FluxPeekFuseable$PeekFuseableSubscriber.cancel(FluxPeekFuseable.java:159) ~[reactor-core-3.7.18.jar!/:3.7.18]
	at reactor.core.publisher.FluxMap$MapSubscriber.cancel(FluxMap.java:169) ~[reactor-core-3.7.18.jar!/:3.7.18]
	at reactor.core.publisher.FluxPublishOn$PublishOnConditionalSubscriber.cancel(FluxPublishOn.java:843) ~[reactor-core-3.7.18.jar!/:3.7.18]
	at reactor.core.publisher.FluxPeekFuseable$PeekFuseableConditionalSubscriber.cancel(FluxPeekFuseable.java:452) ~[reactor-core-3.7.18.jar!/:3.7.18]
	at reactor.core.publisher.FluxDoFinally$DoFinallySubscriber.cancel(FluxDoFinally.java:134) ~[reactor-core-3.7.18.jar!/:3.7.18]
	at reactor.core.publisher.FluxContextWrite$ContextWriteSubscriber.cancel(FluxContextWrite.java:141) ~[reactor-core-3.7.18.jar!/:3.7.18]
	at reactor.core.publisher.FluxHandle$HandleSubscriber.cancel(FluxHandle.java:277) ~[reactor-core-3.7.18.jar!/:3.7.18]
	at reactor.core.publisher.FluxPeek$PeekSubscriber.cancel(FluxPeek.java:153) ~[reactor-core-3.7.18.jar!/:3.7.18]
	at reactor.core.publisher.FluxPeek$PeekSubscriber.cancel(FluxPeek.java:153) ~[reactor-core-3.7.18.jar!/:3.7.18]
	at reactor.core.publisher.FluxPeek$PeekSubscriber.cancel(FluxPeek.java:153) ~[reactor-core-3.7.18.jar!/:3.7.18]
	at reactor.core.publisher.FluxPeek$PeekSubscriber.cancel(FluxPeek.java:153) ~[reactor-core-3.7.18.jar!/:3.7.18]
	at reactor.core.publisher.FluxMap$MapSubscriber.cancel(FluxMap.java:169) ~[reactor-core-3.7.18.jar!/:3.7.18]
	at reactor.core.publisher.Operators.terminate(Operators.java:1329) ~[reactor-core-3.7.18.jar!/:3.7.18]
	at reactor.core.publisher.MonoFlatMapMany$FlatMapManyMain.cancel(MonoFlatMapMany.java:131) ~[reactor-core-3.7.18.jar!/:3.7.18]
	at reactor.core.publisher.FluxHandle$HandleConditionalSubscriber.cancel(FluxHandle.java:483) ~[reactor-core-3.7.18.jar!/:3.7.18]
	at reactor.core.publisher.FluxPeekFuseable$PeekConditionalSubscriber.cancel(FluxPeekFuseable.java:798) ~[reactor-core-3.7.18.jar!/:3.7.18]
	at reactor.core.publisher.FluxPeekFuseable$PeekConditionalSubscriber.cancel(FluxPeekFuseable.java:798) ~[reactor-core-3.7.18.jar!/:3.7.18]
	at reactor.core.publisher.FluxPeekFuseable$PeekConditionalSubscriber.cancel(FluxPeekFuseable.java:798) ~[reactor-core-3.7.18.jar!/:3.7.18]
	at reactor.core.publisher.FluxPeekFuseable$PeekConditionalSubscriber.cancel(FluxPeekFuseable.java:798) ~[reactor-core-3.7.18.jar!/:3.7.18]
	at reactor.core.publisher.FluxMap$MapConditionalSubscriber.cancel(FluxMap.java:300) ~[reactor-core-3.7.18.jar!/:3.7.18]
	at reactor.core.publisher.FluxPeekFuseable$PeekConditionalSubscriber.cancel(FluxPeekFuseable.java:798) ~[reactor-core-3.7.18.jar!/:3.7.18]
	at reactor.core.publisher.FluxDoFinally$DoFinallySubscriber.cancel(FluxDoFinally.java:134) ~[reactor-core-3.7.18.jar!/:3.7.18]
	at reactor.core.publisher.FluxContextWrite$ContextWriteSubscriber.cancel(FluxContextWrite.java:141) ~[reactor-core-3.7.18.jar!/:3.7.18]
	at reactor.core.publisher.FluxHandle$HandleConditionalSubscriber.cancel(FluxHandle.java:483) ~[reactor-core-3.7.18.jar!/:3.7.18]
	at reactor.core.publisher.FluxPeekFuseable$PeekConditionalSubscriber.cancel(FluxPeekFuseable.java:798) ~[reactor-core-3.7.18.jar!/:3.7.18]
	at reactor.core.publisher.FluxPeekFuseable$PeekConditionalSubscriber.cancel(FluxPeekFuseable.java:798) ~[reactor-core-3.7.18.jar!/:3.7.18]
	at reactor.core.publisher.FluxPeekFuseable$PeekConditionalSubscriber.cancel(FluxPeekFuseable.java:798) ~[reactor-core-3.7.18.jar!/:3.7.18]
	at reactor.core.publisher.FluxPeekFuseable$PeekConditionalSubscriber.cancel(FluxPeekFuseable.java:798) ~[reactor-core-3.7.18.jar!/:3.7.18]
	at reactor.core.publisher.FluxMap$MapConditionalSubscriber.cancel(FluxMap.java:300) ~[reactor-core-3.7.18.jar!/:3.7.18]
	at reactor.core.publisher.FluxPeekFuseable$PeekConditionalSubscriber.cancel(FluxPeekFuseable.java:798) ~[reactor-core-3.7.18.jar!/:3.7.18]
	at reactor.core.publisher.FluxDoFinally$DoFinallySubscriber.cancel(FluxDoFinally.java:134) ~[reactor-core-3.7.18.jar!/:3.7.18]
	at reactor.core.publisher.FluxContextWrite$ContextWriteSubscriber.cancel(FluxContextWrite.java:141) ~[reactor-core-3.7.18.jar!/:3.7.18]
	at reactor.core.publisher.FluxHandleFuseable$HandleFuseableConditionalSubscriber.cancel(FluxHandleFuseable.java:659) ~[reactor-core-3.7.18.jar!/:3.7.18]
	at reactor.core.publisher.FluxPeekFuseable$PeekFuseableConditionalSubscriber.cancel(FluxPeekFuseable.java:452) ~[reactor-core-3.7.18.jar!/:3.7.18]
	at reactor.core.publisher.FluxPeekFuseable$PeekFuseableConditionalSubscriber.cancel(FluxPeekFuseable.java:452) ~[reactor-core-3.7.18.jar!/:3.7.18]
	at reactor.core.publisher.FluxPeekFuseable$PeekFuseableConditionalSubscriber.cancel(FluxPeekFuseable.java:452) ~[reactor-core-3.7.18.jar!/:3.7.18]
	at reactor.core.publisher.FluxPeekFuseable$PeekFuseableConditionalSubscriber.cancel(FluxPeekFuseable.java:452) ~[reactor-core-3.7.18.jar!/:3.7.18]
	at reactor.core.publisher.FluxMapFuseable$MapFuseableConditionalSubscriber.cancel(FluxMapFuseable.java:365) ~[reactor-core-3.7.18.jar!/:3.7.18]
	at reactor.core.publisher.FluxHandle$HandleSubscriber.cancel(FluxHandle.java:277) ~[reactor-core-3.7.18.jar!/:3.7.18]
	at reactor.core.publisher.Operators$MultiSubscriptionSubscriber.drainLoop(Operators.java:2424) ~[reactor-core-3.7.18.jar!/:3.7.18]
	at reactor.core.publisher.Operators$MultiSubscriptionSubscriber.drain(Operators.java:2392) ~[reactor-core-3.7.18.jar!/:3.7.18]
	at reactor.core.publisher.Operators$MultiSubscriptionSubscriber.cancel(Operators.java:2204) ~[reactor-core-3.7.18.jar!/:3.7.18]
	at reactor.core.publisher.FluxTimeout$TimeoutMainSubscriber.handleTimeout(FluxTimeout.java:295) ~[reactor-core-3.7.18.jar!/:3.7.18]
	at reactor.core.publisher.FluxTimeout$TimeoutMainSubscriber.doTimeout(FluxTimeout.java:281) ~[reactor-core-3.7.18.jar!/:3.7.18]
	at reactor.core.publisher.FluxTimeout$TimeoutTimeoutSubscriber.onNext(FluxTimeout.java:420) ~[reactor-core-3.7.18.jar!/:3.7.18]
	at reactor.core.publisher.MonoDelay$MonoDelayRunnable.propagateDelay(MonoDelay.java:270) ~[reactor-core-3.7.18.jar!/:3.7.18]
	at reactor.core.publisher.MonoDelay$MonoDelayRunnable.run(MonoDelay.java:285) ~[reactor-core-3.7.18.jar!/:3.7.18]
	at reactor.core.scheduler.SchedulerTask.call(SchedulerTask.java:68) ~[reactor-core-3.7.18.jar!/:3.7.18]
	at reactor.core.scheduler.SchedulerTask.call(SchedulerTask.java:28) ~[reactor-core-3.7.18.jar!/:3.7.18]
	at java.base/java.util.concurrent.FutureTask.run(FutureTask.java:317) ~[na:na]
	at java.base/java.util.concurrent.ScheduledThreadPoolExecutor$ScheduledFutureTask.run(ScheduledThreadPoolExecutor.java:304) ~[na:na]
	at java.base/java.util.concurrent.ThreadPoolExecutor.runWorker(ThreadPoolExecutor.java:1144) ~[na:na]
	at java.base/java.util.concurrent.ThreadPoolExecutor$Worker.run(ThreadPoolExecutor.java:642) ~[na:na]
	at java.base/java.lang.Thread.run(Thread.java:1583) ~[na:na]
Caused by: java.util.concurrent.CancellationException: Request cancelled
	at java.net.http/jdk.internal.net.http.MultiExchange.cancel(MultiExchange.java:285) ~[java.net.http:na]
	... 91 common frames omitted
Caused by: java.io.IOException: Request cancelled
	at java.net.http/jdk.internal.net.http.Http1Exchange.cancel(Http1Exchange.java:505) ~[java.net.http:na]
	at java.net.http/jdk.internal.net.http.Exchange.cancel(Exchange.java:260) ~[java.net.http:na]
	at java.net.http/jdk.internal.net.http.MultiExchange.cancel(MultiExchange.java:299) ~[java.net.http:na]
	... 91 common frames omitted

2026-10-06T21:32:03.594+08:00  INFO 26792 --- [sp01d-resilience] [    spike-run-2] c.e.spike.core.ResilientChatService      : RUN_END sessionId=vd1-guarded-first runId=vd1-guarded-first#1791293513570 terminal=FAILED attempts=2 elapsedMs=10024 deltas=0 emittedChars=0 contentLen=0
2026-10-06T21:32:04.423+08:00  INFO 26792 --- [sp01d-resilience] [oundedElastic-1] c.e.spike.core.ResilientChatService      : STREAM_ITEM sessionId=vd1-guarded-mid runId=vd1-guarded-mid#1791293523738 tsOffset=685ms textLen=-1 hasToolCalls=false
2026-10-06T21:32:04.544+08:00  INFO 26792 --- [sp01d-resilience] [oundedElastic-1] c.e.spike.core.ResilientChatService      : STREAM_ITEM sessionId=vd1-guarded-mid runId=vd1-guarded-mid#1791293523738 tsOffset=806ms textLen=-1 hasToolCalls=false
2026-10-06T21:32:04.561+08:00  INFO 26792 --- [sp01d-resilience] [oundedElastic-1] c.e.spike.core.ResilientChatService      : STREAM_ITEM sessionId=vd1-guarded-mid runId=vd1-guarded-mid#1791293523738 tsOffset=823ms textLen=-1 hasToolCalls=false
2026-10-06T21:32:04.563+08:00  INFO 26792 --- [sp01d-resilience] [oundedElastic-1] c.e.spike.core.ResilientChatService      : STREAM_ITEM sessionId=vd1-guarded-mid runId=vd1-guarded-mid#1791293523738 tsOffset=825ms textLen=-1 hasToolCalls=false
2026-10-06T21:32:04.564+08:00  INFO 26792 --- [sp01d-resilience] [oundedElastic-1] c.e.spike.core.ResilientChatService      : STREAM_ITEM sessionId=vd1-guarded-mid runId=vd1-guarded-mid#1791293523738 tsOffset=826ms textLen=-1 hasToolCalls=false
2026-10-06T21:32:04.566+08:00  INFO 26792 --- [sp01d-resilience] [oundedElastic-1] c.e.spike.core.ResilientChatService      : STREAM_ITEM sessionId=vd1-guarded-mid runId=vd1-guarded-mid#1791293523738 tsOffset=827ms textLen=-1 hasToolCalls=false
2026-10-06T21:32:04.568+08:00  INFO 26792 --- [sp01d-resilience] [oundedElastic-1] c.e.spike.core.ResilientChatService      : STREAM_ITEM sessionId=vd1-guarded-mid runId=vd1-guarded-mid#1791293523738 tsOffset=830ms textLen=-1 hasToolCalls=false
2026-10-06T21:32:04.569+08:00  INFO 26792 --- [sp01d-resilience] [oundedElastic-1] c.e.spike.core.ResilientChatService      : STREAM_ITEM sessionId=vd1-guarded-mid runId=vd1-guarded-mid#1791293523738 tsOffset=831ms textLen=-1 hasToolCalls=false
2026-10-06T21:32:04.574+08:00  INFO 26792 --- [sp01d-resilience] [oundedElastic-1] c.e.spike.core.ResilientChatService      : STREAM_ITEM sessionId=vd1-guarded-mid runId=vd1-guarded-mid#1791293523738 tsOffset=836ms textLen=-1 hasToolCalls=false
2026-10-06T21:32:04.586+08:00  INFO 26792 --- [sp01d-resilience] [oundedElastic-1] c.e.spike.core.ResilientChatService      : STREAM_ITEM sessionId=vd1-guarded-mid runId=vd1-guarded-mid#1791293523738 tsOffset=848ms textLen=-1 hasToolCalls=false
2026-10-06T21:32:04.599+08:00  INFO 26792 --- [sp01d-resilience] [oundedElastic-1] c.e.spike.core.ResilientChatService      : STREAM_ITEM sessionId=vd1-guarded-mid runId=vd1-guarded-mid#1791293523738 tsOffset=861ms textLen=-1 hasToolCalls=false
2026-10-06T21:32:04.600+08:00  INFO 26792 --- [sp01d-resilience] [oundedElastic-1] c.e.spike.core.ResilientChatService      : STREAM_ITEM sessionId=vd1-guarded-mid runId=vd1-guarded-mid#1791293523738 tsOffset=862ms textLen=-1 hasToolCalls=false
2026-10-06T21:32:04.601+08:00  INFO 26792 --- [sp01d-resilience] [oundedElastic-1] c.e.spike.core.ResilientChatService      : STREAM_ITEM sessionId=vd1-guarded-mid runId=vd1-guarded-mid#1791293523738 tsOffset=863ms textLen=-1 hasToolCalls=false
2026-10-06T21:32:04.613+08:00  INFO 26792 --- [sp01d-resilience] [oundedElastic-1] c.e.spike.core.ResilientChatService      : STREAM_ITEM sessionId=vd1-guarded-mid runId=vd1-guarded-mid#1791293523738 tsOffset=875ms textLen=-1 hasToolCalls=false
2026-10-06T21:32:04.614+08:00  INFO 26792 --- [sp01d-resilience] [oundedElastic-1] c.e.spike.core.ResilientChatService      : STREAM_ITEM sessionId=vd1-guarded-mid runId=vd1-guarded-mid#1791293523738 tsOffset=876ms textLen=-1 hasToolCalls=false
2026-10-06T21:32:04.614+08:00  INFO 26792 --- [sp01d-resilience] [oundedElastic-1] c.e.spike.core.ResilientChatService      : STREAM_ITEM sessionId=vd1-guarded-mid runId=vd1-guarded-mid#1791293523738 tsOffset=876ms textLen=-1 hasToolCalls=false
2026-10-06T21:32:04.626+08:00  INFO 26792 --- [sp01d-resilience] [oundedElastic-1] c.e.spike.core.ResilientChatService      : STREAM_ITEM sessionId=vd1-guarded-mid runId=vd1-guarded-mid#1791293523738 tsOffset=888ms textLen=2 hasToolCalls=false
2026-10-06T21:32:10.627+08:00  WARN 26792 --- [sp01d-resilience] [    spike-run-3] c.e.spike.core.ResilientChatService      : ATTEMPT_FAILED sessionId=vd1-guarded-mid attempt=1 costMs=6887 emittedAny=true sideEffect=false overBudget=false hasNext=true retryable=false reason=TimeoutException: Did not observe any item or terminal signal within first signal from a Publisher in 'handle' (and no fallback has been configured)
2026-10-06T21:32:10.628+08:00  INFO 26792 --- [sp01d-resilience] [    spike-run-3] c.e.spike.core.ResilientChatService      : RUN_END sessionId=vd1-guarded-mid runId=vd1-guarded-mid#1791293523738 terminal=FAILED attempts=1 elapsedMs=6890 deltas=1 emittedChars=2 contentLen=2
2026-10-06T21:32:46.620+08:00  INFO 26792 --- [sp01d-resilience] [oundedElastic-2] c.e.spike.core.ResilientChatService      : STREAM_ITEM sessionId=vd1-guarded-tooldup runId=vd1-guarded-tooldup#1791293566000 tsOffset=620ms textLen=-1 hasToolCalls=false
2026-10-06T21:32:46.676+08:00  INFO 26792 --- [sp01d-resilience] [oundedElastic-2] c.e.spike.core.ResilientChatService      : STREAM_ITEM sessionId=vd1-guarded-tooldup runId=vd1-guarded-tooldup#1791293566000 tsOffset=676ms textLen=-1 hasToolCalls=false
2026-10-06T21:32:46.694+08:00  INFO 26792 --- [sp01d-resilience] [oundedElastic-2] c.e.spike.core.ResilientChatService      : STREAM_ITEM sessionId=vd1-guarded-tooldup runId=vd1-guarded-tooldup#1791293566000 tsOffset=694ms textLen=-1 hasToolCalls=false
2026-10-06T21:32:46.695+08:00  INFO 26792 --- [sp01d-resilience] [oundedElastic-2] c.e.spike.core.ResilientChatService      : STREAM_ITEM sessionId=vd1-guarded-tooldup runId=vd1-guarded-tooldup#1791293566000 tsOffset=695ms textLen=-1 hasToolCalls=false
2026-10-06T21:32:46.706+08:00  INFO 26792 --- [sp01d-resilience] [oundedElastic-2] c.e.spike.core.ResilientChatService      : STREAM_ITEM sessionId=vd1-guarded-tooldup runId=vd1-guarded-tooldup#1791293566000 tsOffset=706ms textLen=-1 hasToolCalls=false
2026-10-06T21:32:46.709+08:00  INFO 26792 --- [sp01d-resilience] [oundedElastic-2] c.e.spike.core.ResilientChatService      : STREAM_ITEM sessionId=vd1-guarded-tooldup runId=vd1-guarded-tooldup#1791293566000 tsOffset=709ms textLen=-1 hasToolCalls=false
2026-10-06T21:32:46.710+08:00  INFO 26792 --- [sp01d-resilience] [oundedElastic-2] c.e.spike.core.ResilientChatService      : STREAM_ITEM sessionId=vd1-guarded-tooldup runId=vd1-guarded-tooldup#1791293566000 tsOffset=710ms textLen=-1 hasToolCalls=false
2026-10-06T21:32:46.713+08:00  INFO 26792 --- [sp01d-resilience] [oundedElastic-2] c.e.spike.core.ResilientChatService      : STREAM_ITEM sessionId=vd1-guarded-tooldup runId=vd1-guarded-tooldup#1791293566000 tsOffset=713ms textLen=-1 hasToolCalls=false
2026-10-06T21:32:46.719+08:00  INFO 26792 --- [sp01d-resilience] [oundedElastic-2] c.e.spike.core.ResilientChatService      : STREAM_ITEM sessionId=vd1-guarded-tooldup runId=vd1-guarded-tooldup#1791293566000 tsOffset=719ms textLen=-1 hasToolCalls=false
2026-10-06T21:32:46.719+08:00  INFO 26792 --- [sp01d-resilience] [oundedElastic-2] c.e.spike.core.ResilientChatService      : STREAM_ITEM sessionId=vd1-guarded-tooldup runId=vd1-guarded-tooldup#1791293566000 tsOffset=719ms textLen=-1 hasToolCalls=false
2026-10-06T21:32:46.719+08:00  INFO 26792 --- [sp01d-resilience] [oundedElastic-2] c.e.spike.core.ResilientChatService      : STREAM_ITEM sessionId=vd1-guarded-tooldup runId=vd1-guarded-tooldup#1791293566000 tsOffset=719ms textLen=-1 hasToolCalls=false
2026-10-06T21:32:46.720+08:00  INFO 26792 --- [sp01d-resilience] [oundedElastic-2] c.e.spike.core.ResilientChatService      : STREAM_ITEM sessionId=vd1-guarded-tooldup runId=vd1-guarded-tooldup#1791293566000 tsOffset=720ms textLen=-1 hasToolCalls=false
2026-10-06T21:32:46.721+08:00  INFO 26792 --- [sp01d-resilience] [oundedElastic-2] c.e.spike.core.ResilientChatService      : STREAM_ITEM sessionId=vd1-guarded-tooldup runId=vd1-guarded-tooldup#1791293566000 tsOffset=721ms textLen=-1 hasToolCalls=false
2026-10-06T21:32:46.732+08:00  INFO 26792 --- [sp01d-resilience] [oundedElastic-2] c.e.spike.core.ResilientChatService      : STREAM_ITEM sessionId=vd1-guarded-tooldup runId=vd1-guarded-tooldup#1791293566000 tsOffset=732ms textLen=-1 hasToolCalls=false
2026-10-06T21:32:46.732+08:00  INFO 26792 --- [sp01d-resilience] [oundedElastic-2] c.e.spike.core.ResilientChatService      : STREAM_ITEM sessionId=vd1-guarded-tooldup runId=vd1-guarded-tooldup#1791293566000 tsOffset=732ms textLen=-1 hasToolCalls=false
2026-10-06T21:32:46.733+08:00  INFO 26792 --- [sp01d-resilience] [oundedElastic-2] c.e.spike.core.ResilientChatService      : STREAM_ITEM sessionId=vd1-guarded-tooldup runId=vd1-guarded-tooldup#1791293566000 tsOffset=733ms textLen=-1 hasToolCalls=false
2026-10-06T21:32:46.792+08:00  INFO 26792 --- [sp01d-resilience] [oundedElastic-2] c.e.spike.core.ResilientChatService      : STREAM_ITEM sessionId=vd1-guarded-tooldup runId=vd1-guarded-tooldup#1791293566000 tsOffset=792ms textLen=-1 hasToolCalls=false
2026-10-06T21:32:46.795+08:00 DEBUG 26792 --- [sp01d-resilience] [oundedElastic-1] o.s.a.m.tool.DefaultToolCallingManager   : Executing tool call: getServerTime
2026-10-06T21:32:46.796+08:00  INFO 26792 --- [sp01d-resilience] [oundedElastic-1] com.example.spike.tools.SpikeTools       : TOOL_EXEC source=INTERNAL_LOOP runId=vd1-guarded-tooldup#1791293566000 name=getServerTime
2026-10-06T21:32:47.589+08:00  INFO 26792 --- [sp01d-resilience] [oundedElastic-2] c.e.spike.core.ResilientChatService      : STREAM_ITEM sessionId=vd1-guarded-tooldup runId=vd1-guarded-tooldup#1791293566000 tsOffset=1589ms textLen=-1 hasToolCalls=false
2026-10-06T21:32:53.590+08:00  WARN 26792 --- [sp01d-resilience] [    spike-run-4] c.e.spike.core.ResilientChatService      : ATTEMPT_FAILED sessionId=vd1-guarded-tooldup attempt=1 costMs=7588 emittedAny=false sideEffect=true overBudget=false hasNext=true retryable=false reason=TimeoutException: Did not observe any item or terminal signal within first signal from a Publisher in 'handle' (and no fallback has been configured)
2026-10-06T21:32:53.591+08:00  INFO 26792 --- [sp01d-resilience] [    spike-run-4] c.e.spike.core.ResilientChatService      : RUN_END sessionId=vd1-guarded-tooldup runId=vd1-guarded-tooldup#1791293566000 terminal=FAILED attempts=1 elapsedMs=7590 deltas=0 emittedChars=0 contentLen=0
2026-10-06T21:32:54.482+08:00  INFO 26792 --- [sp01d-resilience] [oundedElastic-1] c.e.spike.core.ResilientChatService      : STREAM_ITEM sessionId=vd1-guarded-longtool runId=vd1-guarded-longtool#1791293573747 tsOffset=735ms textLen=-1 hasToolCalls=false
2026-10-06T21:32:54.577+08:00  INFO 26792 --- [sp01d-resilience] [oundedElastic-1] c.e.spike.core.ResilientChatService      : STREAM_ITEM sessionId=vd1-guarded-longtool runId=vd1-guarded-longtool#1791293573747 tsOffset=830ms textLen=-1 hasToolCalls=false
2026-10-06T21:32:54.585+08:00  INFO 26792 --- [sp01d-resilience] [oundedElastic-1] c.e.spike.core.ResilientChatService      : STREAM_ITEM sessionId=vd1-guarded-longtool runId=vd1-guarded-longtool#1791293573747 tsOffset=838ms textLen=-1 hasToolCalls=false
2026-10-06T21:32:54.698+08:00  INFO 26792 --- [sp01d-resilience] [oundedElastic-1] c.e.spike.core.ResilientChatService      : STREAM_ITEM sessionId=vd1-guarded-longtool runId=vd1-guarded-longtool#1791293573747 tsOffset=950ms textLen=-1 hasToolCalls=false
2026-10-06T21:32:54.698+08:00  INFO 26792 --- [sp01d-resilience] [oundedElastic-1] c.e.spike.core.ResilientChatService      : STREAM_ITEM sessionId=vd1-guarded-longtool runId=vd1-guarded-longtool#1791293573747 tsOffset=951ms textLen=-1 hasToolCalls=false
2026-10-06T21:32:54.701+08:00  INFO 26792 --- [sp01d-resilience] [oundedElastic-1] c.e.spike.core.ResilientChatService      : STREAM_ITEM sessionId=vd1-guarded-longtool runId=vd1-guarded-longtool#1791293573747 tsOffset=954ms textLen=-1 hasToolCalls=false
2026-10-06T21:32:54.701+08:00  INFO 26792 --- [sp01d-resilience] [oundedElastic-1] c.e.spike.core.ResilientChatService      : STREAM_ITEM sessionId=vd1-guarded-longtool runId=vd1-guarded-longtool#1791293573747 tsOffset=954ms textLen=-1 hasToolCalls=false
2026-10-06T21:32:54.703+08:00  INFO 26792 --- [sp01d-resilience] [oundedElastic-1] c.e.spike.core.ResilientChatService      : STREAM_ITEM sessionId=vd1-guarded-longtool runId=vd1-guarded-longtool#1791293573747 tsOffset=956ms textLen=-1 hasToolCalls=false
2026-10-06T21:32:54.703+08:00  INFO 26792 --- [sp01d-resilience] [oundedElastic-1] c.e.spike.core.ResilientChatService      : STREAM_ITEM sessionId=vd1-guarded-longtool runId=vd1-guarded-longtool#1791293573747 tsOffset=956ms textLen=-1 hasToolCalls=false
2026-10-06T21:32:54.704+08:00  INFO 26792 --- [sp01d-resilience] [oundedElastic-1] c.e.spike.core.ResilientChatService      : STREAM_ITEM sessionId=vd1-guarded-longtool runId=vd1-guarded-longtool#1791293573747 tsOffset=957ms textLen=-1 hasToolCalls=false
2026-10-06T21:32:54.704+08:00  INFO 26792 --- [sp01d-resilience] [oundedElastic-1] c.e.spike.core.ResilientChatService      : STREAM_ITEM sessionId=vd1-guarded-longtool runId=vd1-guarded-longtool#1791293573747 tsOffset=957ms textLen=-1 hasToolCalls=false
2026-10-06T21:32:54.704+08:00  INFO 26792 --- [sp01d-resilience] [oundedElastic-1] c.e.spike.core.ResilientChatService      : STREAM_ITEM sessionId=vd1-guarded-longtool runId=vd1-guarded-longtool#1791293573747 tsOffset=957ms textLen=-1 hasToolCalls=false
2026-10-06T21:32:54.705+08:00  INFO 26792 --- [sp01d-resilience] [oundedElastic-1] c.e.spike.core.ResilientChatService      : STREAM_ITEM sessionId=vd1-guarded-longtool runId=vd1-guarded-longtool#1791293573747 tsOffset=958ms textLen=-1 hasToolCalls=false
2026-10-06T21:32:54.706+08:00  INFO 26792 --- [sp01d-resilience] [oundedElastic-1] c.e.spike.core.ResilientChatService      : STREAM_ITEM sessionId=vd1-guarded-longtool runId=vd1-guarded-longtool#1791293573747 tsOffset=959ms textLen=-1 hasToolCalls=false
2026-10-06T21:32:54.706+08:00  INFO 26792 --- [sp01d-resilience] [oundedElastic-1] c.e.spike.core.ResilientChatService      : STREAM_ITEM sessionId=vd1-guarded-longtool runId=vd1-guarded-longtool#1791293573747 tsOffset=959ms textLen=-1 hasToolCalls=false
2026-10-06T21:32:54.706+08:00  INFO 26792 --- [sp01d-resilience] [oundedElastic-1] c.e.spike.core.ResilientChatService      : STREAM_ITEM sessionId=vd1-guarded-longtool runId=vd1-guarded-longtool#1791293573747 tsOffset=959ms textLen=-1 hasToolCalls=false
2026-10-06T21:32:54.711+08:00  INFO 26792 --- [sp01d-resilience] [oundedElastic-1] c.e.spike.core.ResilientChatService      : STREAM_ITEM sessionId=vd1-guarded-longtool runId=vd1-guarded-longtool#1791293573747 tsOffset=964ms textLen=-1 hasToolCalls=false
2026-10-06T21:32:54.711+08:00  INFO 26792 --- [sp01d-resilience] [oundedElastic-1] c.e.spike.core.ResilientChatService      : STREAM_ITEM sessionId=vd1-guarded-longtool runId=vd1-guarded-longtool#1791293573747 tsOffset=964ms textLen=-1 hasToolCalls=false
2026-10-06T21:32:54.711+08:00  INFO 26792 --- [sp01d-resilience] [oundedElastic-1] c.e.spike.core.ResilientChatService      : STREAM_ITEM sessionId=vd1-guarded-longtool runId=vd1-guarded-longtool#1791293573747 tsOffset=964ms textLen=-1 hasToolCalls=false
2026-10-06T21:32:54.712+08:00  INFO 26792 --- [sp01d-resilience] [oundedElastic-1] c.e.spike.core.ResilientChatService      : STREAM_ITEM sessionId=vd1-guarded-longtool runId=vd1-guarded-longtool#1791293573747 tsOffset=965ms textLen=-1 hasToolCalls=false
2026-10-06T21:32:54.713+08:00  INFO 26792 --- [sp01d-resilience] [oundedElastic-1] c.e.spike.core.ResilientChatService      : STREAM_ITEM sessionId=vd1-guarded-longtool runId=vd1-guarded-longtool#1791293573747 tsOffset=966ms textLen=-1 hasToolCalls=false
2026-10-06T21:32:54.717+08:00  INFO 26792 --- [sp01d-resilience] [oundedElastic-1] c.e.spike.core.ResilientChatService      : STREAM_ITEM sessionId=vd1-guarded-longtool runId=vd1-guarded-longtool#1791293573747 tsOffset=970ms textLen=-1 hasToolCalls=false
2026-10-06T21:32:54.717+08:00  INFO 26792 --- [sp01d-resilience] [oundedElastic-1] c.e.spike.core.ResilientChatService      : STREAM_ITEM sessionId=vd1-guarded-longtool runId=vd1-guarded-longtool#1791293573747 tsOffset=970ms textLen=-1 hasToolCalls=false
2026-10-06T21:32:54.717+08:00  INFO 26792 --- [sp01d-resilience] [oundedElastic-1] c.e.spike.core.ResilientChatService      : STREAM_ITEM sessionId=vd1-guarded-longtool runId=vd1-guarded-longtool#1791293573747 tsOffset=970ms textLen=-1 hasToolCalls=false
2026-10-06T21:32:54.718+08:00  INFO 26792 --- [sp01d-resilience] [oundedElastic-1] c.e.spike.core.ResilientChatService      : STREAM_ITEM sessionId=vd1-guarded-longtool runId=vd1-guarded-longtool#1791293573747 tsOffset=971ms textLen=-1 hasToolCalls=false
2026-10-06T21:32:54.718+08:00  INFO 26792 --- [sp01d-resilience] [oundedElastic-1] c.e.spike.core.ResilientChatService      : STREAM_ITEM sessionId=vd1-guarded-longtool runId=vd1-guarded-longtool#1791293573747 tsOffset=971ms textLen=-1 hasToolCalls=false
2026-10-06T21:32:54.719+08:00  INFO 26792 --- [sp01d-resilience] [oundedElastic-1] c.e.spike.core.ResilientChatService      : STREAM_ITEM sessionId=vd1-guarded-longtool runId=vd1-guarded-longtool#1791293573747 tsOffset=972ms textLen=-1 hasToolCalls=false
2026-10-06T21:32:54.719+08:00  INFO 26792 --- [sp01d-resilience] [oundedElastic-1] c.e.spike.core.ResilientChatService      : STREAM_ITEM sessionId=vd1-guarded-longtool runId=vd1-guarded-longtool#1791293573747 tsOffset=972ms textLen=2 hasToolCalls=false
2026-10-06T21:32:54.730+08:00  INFO 26792 --- [sp01d-resilience] [oundedElastic-1] c.e.spike.core.ResilientChatService      : STREAM_ITEM sessionId=vd1-guarded-longtool runId=vd1-guarded-longtool#1791293573747 tsOffset=983ms textLen=3 hasToolCalls=false
2026-10-06T21:32:54.732+08:00  INFO 26792 --- [sp01d-resilience] [oundedElastic-1] c.e.spike.core.ResilientChatService      : STREAM_ITEM sessionId=vd1-guarded-longtool runId=vd1-guarded-longtool#1791293573747 tsOffset=985ms textLen=2 hasToolCalls=false
2026-10-06T21:32:54.747+08:00  INFO 26792 --- [sp01d-resilience] [oundedElastic-1] c.e.spike.core.ResilientChatService      : STREAM_ITEM sessionId=vd1-guarded-longtool runId=vd1-guarded-longtool#1791293573747 tsOffset=1000ms textLen=1 hasToolCalls=false
2026-10-06T21:32:54.748+08:00  INFO 26792 --- [sp01d-resilience] [oundedElastic-1] c.e.spike.core.ResilientChatService      : STREAM_ITEM sessionId=vd1-guarded-longtool runId=vd1-guarded-longtool#1791293573747 tsOffset=1001ms textLen=2 hasToolCalls=false
2026-10-06T21:32:54.750+08:00  INFO 26792 --- [sp01d-resilience] [oundedElastic-1] c.e.spike.core.ResilientChatService      : STREAM_ITEM sessionId=vd1-guarded-longtool runId=vd1-guarded-longtool#1791293573747 tsOffset=1003ms textLen=2 hasToolCalls=false
2026-10-06T21:32:54.862+08:00  INFO 26792 --- [sp01d-resilience] [oundedElastic-1] c.e.spike.core.ResilientChatService      : STREAM_ITEM sessionId=vd1-guarded-longtool runId=vd1-guarded-longtool#1791293573747 tsOffset=1114ms textLen=1 hasToolCalls=false
2026-10-06T21:32:54.862+08:00 DEBUG 26792 --- [sp01d-resilience] [oundedElastic-2] o.s.a.m.tool.DefaultToolCallingManager   : Executing tool call: longTask
2026-10-06T21:33:00.863+08:00  WARN 26792 --- [sp01d-resilience] [    spike-run-5] c.e.spike.core.ResilientChatService      : ATTEMPT_FAILED sessionId=vd1-guarded-longtool attempt=1 costMs=7114 emittedAny=true sideEffect=true overBudget=false hasNext=true retryable=false reason=TimeoutException: Did not observe any item or terminal signal within first signal from a Publisher in 'handle' (and no fallback has been configured)
2026-10-06T21:33:00.865+08:00  INFO 26792 --- [sp01d-resilience] [    spike-run-5] c.e.spike.core.ResilientChatService      : RUN_END sessionId=vd1-guarded-longtool runId=vd1-guarded-longtool#1791293573747 terminal=FAILED attempts=1 elapsedMs=7118 deltas=7 emittedChars=13 contentLen=13
2026-10-06T21:33:00.866+08:00  INFO 26792 --- [sp01d-resilience] [oundedElastic-2] com.example.spike.tools.SpikeTools       : TOOL_EXEC source=INTERNAL_LOOP runId=vd1-guarded-longtool#1791293573747 name=longTask outcome=OK durMs=6000 slices=0
2026-10-06T21:33:01.018+08:00  INFO 26792 --- [sp01d-resilience] [    spike-run-6] c.e.spike.core.ResilientChatService      : REF_UPSTREAM_SUBSCRIBE strategy=ref sessionId=vd1-ref-first runId=vd1-ref-first#1791293581012 n=1
2026-10-06T21:33:06.023+08:00  INFO 26792 --- [sp01d-resilience] [    parallel-16] c.e.spike.core.ResilientChatService      : REF_BEFORE_RETRY_ERROR strategy=ref sessionId=vd1-ref-first runId=vd1-ref-first#1791293581012 upstreamSubs=1 err=java.util.concurrent.TimeoutException: Did not observe any item or terminal signal within 5000ms in 'takeUntil' (and no fallback has been configured)
2026-10-06T21:33:06.023+08:00  INFO 26792 --- [sp01d-resilience] [    parallel-16] c.e.spike.core.ResilientChatService      : REF_UPSTREAM_SUBSCRIBE strategy=ref sessionId=vd1-ref-first runId=vd1-ref-first#1791293581012 n=2
2026-10-06T21:33:06.022+08:00 ERROR 26792 --- [sp01d-resilience] [onPool-worker-1] reactor.core.publisher.Operators         : Operator called default onErrorDropped

java.util.concurrent.CompletionException: java.util.concurrent.CancellationException: Request cancelled
	at java.base/java.util.concurrent.CompletableFuture.encodeRelay(CompletableFuture.java:368) ~[na:na]
	at java.base/java.util.concurrent.CompletableFuture.completeRelay(CompletableFuture.java:377) ~[na:na]
	at java.base/java.util.concurrent.CompletableFuture$UniComposeExceptionally.tryFire(CompletableFuture.java:1042) ~[na:na]
	at java.base/java.util.concurrent.CompletableFuture.postComplete(CompletableFuture.java:510) ~[na:na]
	at java.base/java.util.concurrent.CompletableFuture.completeExceptionally(CompletableFuture.java:2194) ~[na:na]
	at java.net.http/jdk.internal.net.http.Http1Exchange.lambda$cancelImpl$9(Http1Exchange.java:592) ~[java.net.http:na]
	at java.net.http/jdk.internal.net.http.Http1Exchange.runInline(Http1Exchange.java:611) ~[java.net.http:na]
	at java.net.http/jdk.internal.net.http.Http1Exchange.cancelImpl(Http1Exchange.java:591) ~[java.net.http:na]
	at java.net.http/jdk.internal.net.http.Http1Exchange.cancel(Http1Exchange.java:505) ~[java.net.http:na]
	at java.net.http/jdk.internal.net.http.Exchange.cancel(Exchange.java:260) ~[java.net.http:na]
	at java.net.http/jdk.internal.net.http.MultiExchange.cancel(MultiExchange.java:299) ~[java.net.http:na]
	at java.net.http/jdk.internal.net.http.MultiExchange$CancelableRef.cancel(MultiExchange.java:194) ~[java.net.http:na]
	at java.net.http/jdk.internal.net.http.common.MinimalFuture.cancel(MinimalFuture.java:107) ~[java.net.http:na]
	at reactor.core.publisher.MonoCompletionStage$MonoCompletionStageSubscription.cancel(MonoCompletionStage.java:156) ~[reactor-core-3.7.18.jar!/:3.7.18]
	at reactor.core.publisher.FluxMap$MapSubscriber.cancel(FluxMap.java:169) ~[reactor-core-3.7.18.jar!/:3.7.18]
	at reactor.core.publisher.MonoIgnoreThen$ThenIgnoreMain.cancel(MonoIgnoreThen.java:144) ~[reactor-core-3.7.18.jar!/:3.7.18]
	at reactor.core.publisher.FluxPeek$PeekSubscriber.cancel(FluxPeek.java:153) ~[reactor-core-3.7.18.jar!/:3.7.18]
	at reactor.core.publisher.FluxPeek$PeekSubscriber.cancel(FluxPeek.java:153) ~[reactor-core-3.7.18.jar!/:3.7.18]
	at reactor.core.publisher.Operators$MultiSubscriptionSubscriber.drainLoop(Operators.java:2424) ~[reactor-core-3.7.18.jar!/:3.7.18]
	at reactor.core.publisher.Operators$MultiSubscriptionSubscriber.drain(Operators.java:2392) ~[reactor-core-3.7.18.jar!/:3.7.18]
	at reactor.core.publisher.Operators$MultiSubscriptionSubscriber.cancel(Operators.java:2204) ~[reactor-core-3.7.18.jar!/:3.7.18]
	at reactor.core.publisher.FluxMap$MapSubscriber.cancel(FluxMap.java:169) ~[reactor-core-3.7.18.jar!/:3.7.18]
	at reactor.core.publisher.FluxOnAssembly$OnAssemblySubscriber.cancel(FluxOnAssembly.java:654) ~[reactor-core-3.7.18.jar!/:3.7.18]
	at reactor.core.publisher.Operators$MultiSubscriptionSubscriber.drainLoop(Operators.java:2424) ~[reactor-core-3.7.18.jar!/:3.7.18]
	at reactor.core.publisher.Operators$MultiSubscriptionSubscriber.drain(Operators.java:2392) ~[reactor-core-3.7.18.jar!/:3.7.18]
	at reactor.core.publisher.Operators$MultiSubscriptionSubscriber.cancel(Operators.java:2204) ~[reactor-core-3.7.18.jar!/:3.7.18]
	at reactor.core.publisher.FluxPeekFuseable$PeekConditionalSubscriber.cancel(FluxPeekFuseable.java:798) ~[reactor-core-3.7.18.jar!/:3.7.18]
	at reactor.core.publisher.MonoPeekTerminal$MonoTerminalPeekSubscriber.cancel(MonoPeekTerminal.java:144) ~[reactor-core-3.7.18.jar!/:3.7.18]
	at reactor.core.publisher.FluxDoFinally$DoFinallySubscriber.cancel(FluxDoFinally.java:134) ~[reactor-core-3.7.18.jar!/:3.7.18]
	at reactor.core.publisher.FluxContextWrite$ContextWriteSubscriber.cancel(FluxContextWrite.java:141) ~[reactor-core-3.7.18.jar!/:3.7.18]
	at reactor.core.publisher.MonoFlatMapMany$FlatMapManyMain.cancel(MonoFlatMapMany.java:130) ~[reactor-core-3.7.18.jar!/:3.7.18]
	at reactor.core.publisher.FluxTakeUntil$TakeUntilPredicateSubscriber.cancel(FluxTakeUntil.java:147) ~[reactor-core-3.7.18.jar!/:3.7.18]
	at reactor.core.publisher.FluxFilter$FilterSubscriber.cancel(FluxFilter.java:191) ~[reactor-core-3.7.18.jar!/:3.7.18]
	at reactor.core.publisher.FluxMap$MapSubscriber.cancel(FluxMap.java:169) ~[reactor-core-3.7.18.jar!/:3.7.18]
	at reactor.core.publisher.FluxMap$MapSubscriber.cancel(FluxMap.java:169) ~[reactor-core-3.7.18.jar!/:3.7.18]
	at reactor.core.publisher.FluxWindowPredicate$WindowPredicateMain.cancel(FluxWindowPredicate.java:387) ~[reactor-core-3.7.18.jar!/:3.7.18]
	at reactor.core.publisher.FluxConcatMapNoPrefetch$FluxConcatMapNoPrefetchSubscriber.cancel(FluxConcatMapNoPrefetch.java:352) ~[reactor-core-3.7.18.jar!/:3.7.18]
	at reactor.core.publisher.FluxMap$MapSubscriber.cancel(FluxMap.java:169) ~[reactor-core-3.7.18.jar!/:3.7.18]
	at reactor.core.publisher.FluxMap$MapSubscriber.cancel(FluxMap.java:169) ~[reactor-core-3.7.18.jar!/:3.7.18]
	at reactor.core.publisher.FluxBuffer$BufferOverlappingSubscriber.cancel(FluxBuffer.java:463) ~[reactor-core-3.7.18.jar!/:3.7.18]
	at reactor.core.publisher.FluxMap$MapSubscriber.cancel(FluxMap.java:169) ~[reactor-core-3.7.18.jar!/:3.7.18]
	at reactor.core.publisher.FluxConcatMapNoPrefetch$FluxConcatMapNoPrefetchSubscriber.cancel(FluxConcatMapNoPrefetch.java:352) ~[reactor-core-3.7.18.jar!/:3.7.18]
	at reactor.core.publisher.FluxPeekFuseable$PeekConditionalSubscriber.cancel(FluxPeekFuseable.java:798) ~[reactor-core-3.7.18.jar!/:3.7.18]
	at reactor.core.publisher.FluxDoFinally$DoFinallySubscriber.cancel(FluxDoFinally.java:134) ~[reactor-core-3.7.18.jar!/:3.7.18]
	at reactor.core.publisher.FluxContextWrite$ContextWriteSubscriber.cancel(FluxContextWrite.java:141) ~[reactor-core-3.7.18.jar!/:3.7.18]
	at reactor.core.publisher.FluxPeekFuseable$PeekFuseableSubscriber.cancel(FluxPeekFuseable.java:159) ~[reactor-core-3.7.18.jar!/:3.7.18]
	at reactor.core.publisher.FluxPeekFuseable$PeekFuseableSubscriber.cancel(FluxPeekFuseable.java:159) ~[reactor-core-3.7.18.jar!/:3.7.18]
	at reactor.core.publisher.FluxPeekFuseable$PeekFuseableSubscriber.cancel(FluxPeekFuseable.java:159) ~[reactor-core-3.7.18.jar!/:3.7.18]
	at reactor.core.publisher.FluxPeekFuseable$PeekFuseableSubscriber.cancel(FluxPeekFuseable.java:159) ~[reactor-core-3.7.18.jar!/:3.7.18]
	at reactor.core.publisher.FluxMap$MapSubscriber.cancel(FluxMap.java:169) ~[reactor-core-3.7.18.jar!/:3.7.18]
	at reactor.core.publisher.FluxPublishOn$PublishOnConditionalSubscriber.cancel(FluxPublishOn.java:843) ~[reactor-core-3.7.18.jar!/:3.7.18]
	at reactor.core.publisher.FluxPeekFuseable$PeekFuseableConditionalSubscriber.cancel(FluxPeekFuseable.java:452) ~[reactor-core-3.7.18.jar!/:3.7.18]
	at reactor.core.publisher.FluxDoFinally$DoFinallySubscriber.cancel(FluxDoFinally.java:134) ~[reactor-core-3.7.18.jar!/:3.7.18]
	at reactor.core.publisher.FluxContextWrite$ContextWriteSubscriber.cancel(FluxContextWrite.java:141) ~[reactor-core-3.7.18.jar!/:3.7.18]
	at reactor.core.publisher.FluxHandle$HandleSubscriber.cancel(FluxHandle.java:277) ~[reactor-core-3.7.18.jar!/:3.7.18]
	at reactor.core.publisher.FluxPeek$PeekSubscriber.cancel(FluxPeek.java:153) ~[reactor-core-3.7.18.jar!/:3.7.18]
	at reactor.core.publisher.FluxPeek$PeekSubscriber.cancel(FluxPeek.java:153) ~[reactor-core-3.7.18.jar!/:3.7.18]
	at reactor.core.publisher.FluxPeek$PeekSubscriber.cancel(FluxPeek.java:153) ~[reactor-core-3.7.18.jar!/:3.7.18]
	at reactor.core.publisher.FluxPeek$PeekSubscriber.cancel(FluxPeek.java:153) ~[reactor-core-3.7.18.jar!/:3.7.18]
	at reactor.core.publisher.FluxMap$MapSubscriber.cancel(FluxMap.java:169) ~[reactor-core-3.7.18.jar!/:3.7.18]
	at reactor.core.publisher.Operators.terminate(Operators.java:1329) ~[reactor-core-3.7.18.jar!/:3.7.18]
	at reactor.core.publisher.MonoFlatMapMany$FlatMapManyMain.cancel(MonoFlatMapMany.java:131) ~[reactor-core-3.7.18.jar!/:3.7.18]
	at reactor.core.publisher.FluxHandle$HandleConditionalSubscriber.cancel(FluxHandle.java:483) ~[reactor-core-3.7.18.jar!/:3.7.18]
	at reactor.core.publisher.FluxPeekFuseable$PeekConditionalSubscriber.cancel(FluxPeekFuseable.java:798) ~[reactor-core-3.7.18.jar!/:3.7.18]
	at reactor.core.publisher.FluxPeekFuseable$PeekConditionalSubscriber.cancel(FluxPeekFuseable.java:798) ~[reactor-core-3.7.18.jar!/:3.7.18]
	at reactor.core.publisher.FluxPeekFuseable$PeekConditionalSubscriber.cancel(FluxPeekFuseable.java:798) ~[reactor-core-3.7.18.jar!/:3.7.18]
	at reactor.core.publisher.FluxPeekFuseable$PeekConditionalSubscriber.cancel(FluxPeekFuseable.java:798) ~[reactor-core-3.7.18.jar!/:3.7.18]
	at reactor.core.publisher.FluxMap$MapConditionalSubscriber.cancel(FluxMap.java:300) ~[reactor-core-3.7.18.jar!/:3.7.18]
	at reactor.core.publisher.FluxPeekFuseable$PeekConditionalSubscriber.cancel(FluxPeekFuseable.java:798) ~[reactor-core-3.7.18.jar!/:3.7.18]
	at reactor.core.publisher.FluxDoFinally$DoFinallySubscriber.cancel(FluxDoFinally.java:134) ~[reactor-core-3.7.18.jar!/:3.7.18]
	at reactor.core.publisher.FluxContextWrite$ContextWriteSubscriber.cancel(FluxContextWrite.java:141) ~[reactor-core-3.7.18.jar!/:3.7.18]
	at reactor.core.publisher.FluxHandle$HandleConditionalSubscriber.cancel(FluxHandle.java:483) ~[reactor-core-3.7.18.jar!/:3.7.18]
	at reactor.core.publisher.FluxPeekFuseable$PeekConditionalSubscriber.cancel(FluxPeekFuseable.java:798) ~[reactor-core-3.7.18.jar!/:3.7.18]
	at reactor.core.publisher.FluxPeekFuseable$PeekConditionalSubscriber.cancel(FluxPeekFuseable.java:798) ~[reactor-core-3.7.18.jar!/:3.7.18]
	at reactor.core.publisher.FluxPeekFuseable$PeekConditionalSubscriber.cancel(FluxPeekFuseable.java:798) ~[reactor-core-3.7.18.jar!/:3.7.18]
	at reactor.core.publisher.FluxPeekFuseable$PeekConditionalSubscriber.cancel(FluxPeekFuseable.java:798) ~[reactor-core-3.7.18.jar!/:3.7.18]
	at reactor.core.publisher.FluxMap$MapConditionalSubscriber.cancel(FluxMap.java:300) ~[reactor-core-3.7.18.jar!/:3.7.18]
	at reactor.core.publisher.FluxPeekFuseable$PeekConditionalSubscriber.cancel(FluxPeekFuseable.java:798) ~[reactor-core-3.7.18.jar!/:3.7.18]
	at reactor.core.publisher.FluxDoFinally$DoFinallySubscriber.cancel(FluxDoFinally.java:134) ~[reactor-core-3.7.18.jar!/:3.7.18]
	at reactor.core.publisher.FluxContextWrite$ContextWriteSubscriber.cancel(FluxContextWrite.java:141) ~[reactor-core-3.7.18.jar!/:3.7.18]
	at reactor.core.publisher.FluxHandleFuseable$HandleFuseableConditionalSubscriber.cancel(FluxHandleFuseable.java:659) ~[reactor-core-3.7.18.jar!/:3.7.18]
	at reactor.core.publisher.FluxPeekFuseable$PeekFuseableConditionalSubscriber.cancel(FluxPeekFuseable.java:452) ~[reactor-core-3.7.18.jar!/:3.7.18]
	at reactor.core.publisher.FluxPeekFuseable$PeekFuseableConditionalSubscriber.cancel(FluxPeekFuseable.java:452) ~[reactor-core-3.7.18.jar!/:3.7.18]
	at reactor.core.publisher.FluxPeekFuseable$PeekFuseableConditionalSubscriber.cancel(FluxPeekFuseable.java:452) ~[reactor-core-3.7.18.jar!/:3.7.18]
	at reactor.core.publisher.FluxPeekFuseable$PeekFuseableConditionalSubscriber.cancel(FluxPeekFuseable.java:452) ~[reactor-core-3.7.18.jar!/:3.7.18]
	at reactor.core.publisher.FluxMapFuseable$MapFuseableConditionalSubscriber.cancel(FluxMapFuseable.java:365) ~[reactor-core-3.7.18.jar!/:3.7.18]
	at reactor.core.publisher.FluxHandle$HandleSubscriber.cancel(FluxHandle.java:277) ~[reactor-core-3.7.18.jar!/:3.7.18]
	at reactor.core.publisher.FluxPeek$PeekSubscriber.cancel(FluxPeek.java:153) ~[reactor-core-3.7.18.jar!/:3.7.18]
	at reactor.core.publisher.FluxTakeUntil$TakeUntilPredicateSubscriber.cancel(FluxTakeUntil.java:147) ~[reactor-core-3.7.18.jar!/:3.7.18]
	at reactor.core.publisher.Operators$MultiSubscriptionSubscriber.drainLoop(Operators.java:2424) ~[reactor-core-3.7.18.jar!/:3.7.18]
	at reactor.core.publisher.Operators$MultiSubscriptionSubscriber.drain(Operators.java:2392) ~[reactor-core-3.7.18.jar!/:3.7.18]
	at reactor.core.publisher.Operators$MultiSubscriptionSubscriber.cancel(Operators.java:2204) ~[reactor-core-3.7.18.jar!/:3.7.18]
	at reactor.core.publisher.FluxTimeout$TimeoutMainSubscriber.handleTimeout(FluxTimeout.java:295) ~[reactor-core-3.7.18.jar!/:3.7.18]
	at reactor.core.publisher.FluxTimeout$TimeoutMainSubscriber.doTimeout(FluxTimeout.java:281) ~[reactor-core-3.7.18.jar!/:3.7.18]
	at reactor.core.publisher.FluxTimeout$TimeoutTimeoutSubscriber.onNext(FluxTimeout.java:420) ~[reactor-core-3.7.18.jar!/:3.7.18]
	at reactor.core.publisher.FluxOnErrorReturn$ReturnSubscriber.onNext(FluxOnErrorReturn.java:162) ~[reactor-core-3.7.18.jar!/:3.7.18]
	at reactor.core.publisher.MonoDelay$MonoDelayRunnable.propagateDelay(MonoDelay.java:270) ~[reactor-core-3.7.18.jar!/:3.7.18]
	at reactor.core.publisher.MonoDelay$MonoDelayRunnable.run(MonoDelay.java:285) ~[reactor-core-3.7.18.jar!/:3.7.18]
	at reactor.core.scheduler.SchedulerTask.call(SchedulerTask.java:68) ~[reactor-core-3.7.18.jar!/:3.7.18]
	at reactor.core.scheduler.SchedulerTask.call(SchedulerTask.java:28) ~[reactor-core-3.7.18.jar!/:3.7.18]
	at java.base/java.util.concurrent.FutureTask.run(FutureTask.java:317) ~[na:na]
	at java.base/java.util.concurrent.ScheduledThreadPoolExecutor$ScheduledFutureTask.run(ScheduledThreadPoolExecutor.java:304) ~[na:na]
	at java.base/java.util.concurrent.ThreadPoolExecutor.runWorker(ThreadPoolExecutor.java:1144) ~[na:na]
	at java.base/java.util.concurrent.ThreadPoolExecutor$Worker.run(ThreadPoolExecutor.java:642) ~[na:na]
	at java.base/java.lang.Thread.run(Thread.java:1583) ~[na:na]
Caused by: java.util.concurrent.CancellationException: Request cancelled
	at java.net.http/jdk.internal.net.http.MultiExchange.cancel(MultiExchange.java:285) ~[java.net.http:na]
	... 94 common frames omitted
Caused by: java.io.IOException: Request cancelled
	at java.net.http/jdk.internal.net.http.Http1Exchange.cancel(Http1Exchange.java:505) ~[java.net.http:na]
	at java.net.http/jdk.internal.net.http.Exchange.cancel(Exchange.java:260) ~[java.net.http:na]
	at java.net.http/jdk.internal.net.http.MultiExchange.cancel(MultiExchange.java:299) ~[java.net.http:na]
	... 94 common frames omitted

2026-10-06T21:33:06.024+08:00 ERROR 26792 --- [sp01d-resilience] [    parallel-16] o.s.ai.chat.model.MessageAggregator      : Aggregation Error

java.lang.IllegalStateException: No StreamAdvisors available to execute
	at org.springframework.ai.chat.client.advisor.DefaultAroundAdvisorChain.lambda$nextStream$6(DefaultAroundAdvisorChain.java:127) ~[spring-ai-client-chat-1.1.8.jar!/:1.1.8]
	at reactor.core.publisher.FluxDeferContextual.subscribe(FluxDeferContextual.java:49) ~[reactor-core-3.7.18.jar!/:3.7.18]
	at reactor.core.publisher.InternalFluxOperator.subscribe(InternalFluxOperator.java:68) ~[reactor-core-3.7.18.jar!/:3.7.18]
	at reactor.core.publisher.FluxDeferContextual.subscribe(FluxDeferContextual.java:57) ~[reactor-core-3.7.18.jar!/:3.7.18]
	at reactor.core.publisher.InternalFluxOperator.subscribe(InternalFluxOperator.java:68) ~[reactor-core-3.7.18.jar!/:3.7.18]
	at reactor.core.publisher.FluxRetry$RetrySubscriber.resubscribe(FluxRetry.java:120) ~[reactor-core-3.7.18.jar!/:3.7.18]
	at reactor.core.publisher.FluxRetry$RetrySubscriber.onError(FluxRetry.java:102) ~[reactor-core-3.7.18.jar!/:3.7.18]
	at reactor.core.publisher.FluxPeek$PeekSubscriber.onError(FluxPeek.java:222) ~[reactor-core-3.7.18.jar!/:3.7.18]
	at reactor.core.publisher.SerializedSubscriber.onError(SerializedSubscriber.java:124) ~[reactor-core-3.7.18.jar!/:3.7.18]
	at reactor.core.publisher.FluxTimeout$TimeoutMainSubscriber.handleTimeout(FluxTimeout.java:296) ~[reactor-core-3.7.18.jar!/:3.7.18]
	at reactor.core.publisher.FluxTimeout$TimeoutMainSubscriber.doTimeout(FluxTimeout.java:281) ~[reactor-core-3.7.18.jar!/:3.7.18]
	at reactor.core.publisher.FluxTimeout$TimeoutTimeoutSubscriber.onNext(FluxTimeout.java:420) ~[reactor-core-3.7.18.jar!/:3.7.18]
	at reactor.core.publisher.FluxOnErrorReturn$ReturnSubscriber.onNext(FluxOnErrorReturn.java:162) ~[reactor-core-3.7.18.jar!/:3.7.18]
	at reactor.core.publisher.MonoDelay$MonoDelayRunnable.propagateDelay(MonoDelay.java:270) ~[reactor-core-3.7.18.jar!/:3.7.18]
	at reactor.core.publisher.MonoDelay$MonoDelayRunnable.run(MonoDelay.java:285) ~[reactor-core-3.7.18.jar!/:3.7.18]
	at reactor.core.scheduler.SchedulerTask.call(SchedulerTask.java:68) ~[reactor-core-3.7.18.jar!/:3.7.18]
	at reactor.core.scheduler.SchedulerTask.call(SchedulerTask.java:28) ~[reactor-core-3.7.18.jar!/:3.7.18]
	at java.base/java.util.concurrent.FutureTask.run(FutureTask.java:317) ~[na:na]
	at java.base/java.util.concurrent.ScheduledThreadPoolExecutor$ScheduledFutureTask.run(ScheduledThreadPoolExecutor.java:304) ~[na:na]
	at java.base/java.util.concurrent.ThreadPoolExecutor.runWorker(ThreadPoolExecutor.java:1144) ~[na:na]
	at java.base/java.util.concurrent.ThreadPoolExecutor$Worker.run(ThreadPoolExecutor.java:642) ~[na:na]
	at java.base/java.lang.Thread.run(Thread.java:1583) ~[na:na]

2026-10-06T21:33:06.025+08:00  INFO 26792 --- [sp01d-resilience] [    parallel-16] c.e.spike.core.ResilientChatService      : REF_BEFORE_RETRY_ERROR strategy=ref sessionId=vd1-ref-first runId=vd1-ref-first#1791293581012 upstreamSubs=2 err=java.lang.IllegalStateException: No StreamAdvisors available to execute
2026-10-06T21:33:06.028+08:00  INFO 26792 --- [sp01d-resilience] [    spike-run-6] c.e.spike.core.ResilientChatService      : RUN_END sessionId=vd1-ref-first runId=vd1-ref-first#1791293581012 terminal=FAILED attempts=1 elapsedMs=5016 deltas=0 emittedChars=0 contentLen=0
2026-10-06T21:33:06.185+08:00  INFO 26792 --- [sp01d-resilience] [    spike-run-7] c.e.spike.core.ResilientChatService      : REF_UPSTREAM_SUBSCRIBE strategy=refbare sessionId=vd1-refbare-first runId=vd1-refbare-first#1791293586179 n=1
2026-10-06T21:33:11.187+08:00  INFO 26792 --- [sp01d-resilience] [     parallel-2] c.e.spike.core.ResilientChatService      : REF_BEFORE_RETRY_ERROR strategy=refbare sessionId=vd1-refbare-first runId=vd1-refbare-first#1791293586179 upstreamSubs=1 err=java.util.concurrent.TimeoutException: Did not observe any item or terminal signal within 5000ms in 'takeUntil' (and no fallback has been configured)
2026-10-06T21:33:11.187+08:00  INFO 26792 --- [sp01d-resilience] [     parallel-2] c.e.spike.core.ResilientChatService      : REF_UPSTREAM_SUBSCRIBE strategy=refbare sessionId=vd1-refbare-first runId=vd1-refbare-first#1791293586179 n=2
2026-10-06T21:33:11.187+08:00 ERROR 26792 --- [sp01d-resilience] [onPool-worker-1] reactor.core.publisher.Operators         : Operator called default onErrorDropped

java.util.concurrent.CompletionException: java.util.concurrent.CancellationException: Request cancelled
	at java.base/java.util.concurrent.CompletableFuture.encodeRelay(CompletableFuture.java:368) ~[na:na]
	at java.base/java.util.concurrent.CompletableFuture.completeRelay(CompletableFuture.java:377) ~[na:na]
	at java.base/java.util.concurrent.CompletableFuture$UniComposeExceptionally.tryFire(CompletableFuture.java:1042) ~[na:na]
	at java.base/java.util.concurrent.CompletableFuture.postComplete(CompletableFuture.java:510) ~[na:na]
	at java.base/java.util.concurrent.CompletableFuture.completeExceptionally(CompletableFuture.java:2194) ~[na:na]
	at java.net.http/jdk.internal.net.http.Http1Exchange.lambda$cancelImpl$9(Http1Exchange.java:592) ~[java.net.http:na]
	at java.net.http/jdk.internal.net.http.Http1Exchange.runInline(Http1Exchange.java:611) ~[java.net.http:na]
	at java.net.http/jdk.internal.net.http.Http1Exchange.cancelImpl(Http1Exchange.java:591) ~[java.net.http:na]
	at java.net.http/jdk.internal.net.http.Http1Exchange.cancel(Http1Exchange.java:505) ~[java.net.http:na]
	at java.net.http/jdk.internal.net.http.Exchange.cancel(Exchange.java:260) ~[java.net.http:na]
	at java.net.http/jdk.internal.net.http.MultiExchange.cancel(MultiExchange.java:299) ~[java.net.http:na]
	at java.net.http/jdk.internal.net.http.MultiExchange$CancelableRef.cancel(MultiExchange.java:194) ~[java.net.http:na]
	at java.net.http/jdk.internal.net.http.common.MinimalFuture.cancel(MinimalFuture.java:107) ~[java.net.http:na]
	at reactor.core.publisher.MonoCompletionStage$MonoCompletionStageSubscription.cancel(MonoCompletionStage.java:156) ~[reactor-core-3.7.18.jar!/:3.7.18]
	at reactor.core.publisher.FluxMap$MapSubscriber.cancel(FluxMap.java:169) ~[reactor-core-3.7.18.jar!/:3.7.18]
	at reactor.core.publisher.MonoIgnoreThen$ThenIgnoreMain.cancel(MonoIgnoreThen.java:144) ~[reactor-core-3.7.18.jar!/:3.7.18]
	at reactor.core.publisher.FluxPeek$PeekSubscriber.cancel(FluxPeek.java:153) ~[reactor-core-3.7.18.jar!/:3.7.18]
	at reactor.core.publisher.FluxPeek$PeekSubscriber.cancel(FluxPeek.java:153) ~[reactor-core-3.7.18.jar!/:3.7.18]
	at reactor.core.publisher.Operators$MultiSubscriptionSubscriber.drainLoop(Operators.java:2424) ~[reactor-core-3.7.18.jar!/:3.7.18]
	at reactor.core.publisher.Operators$MultiSubscriptionSubscriber.drain(Operators.java:2392) ~[reactor-core-3.7.18.jar!/:3.7.18]
	at reactor.core.publisher.Operators$MultiSubscriptionSubscriber.cancel(Operators.java:2204) ~[reactor-core-3.7.18.jar!/:3.7.18]
	at reactor.core.publisher.FluxMap$MapSubscriber.cancel(FluxMap.java:169) ~[reactor-core-3.7.18.jar!/:3.7.18]
	at reactor.core.publisher.FluxOnAssembly$OnAssemblySubscriber.cancel(FluxOnAssembly.java:654) ~[reactor-core-3.7.18.jar!/:3.7.18]
	at reactor.core.publisher.Operators$MultiSubscriptionSubscriber.drainLoop(Operators.java:2424) ~[reactor-core-3.7.18.jar!/:3.7.18]
	at reactor.core.publisher.Operators$MultiSubscriptionSubscriber.drain(Operators.java:2392) ~[reactor-core-3.7.18.jar!/:3.7.18]
	at reactor.core.publisher.Operators$MultiSubscriptionSubscriber.cancel(Operators.java:2204) ~[reactor-core-3.7.18.jar!/:3.7.18]
	at reactor.core.publisher.FluxPeekFuseable$PeekConditionalSubscriber.cancel(FluxPeekFuseable.java:798) ~[reactor-core-3.7.18.jar!/:3.7.18]
	at reactor.core.publisher.MonoPeekTerminal$MonoTerminalPeekSubscriber.cancel(MonoPeekTerminal.java:144) ~[reactor-core-3.7.18.jar!/:3.7.18]
	at reactor.core.publisher.FluxDoFinally$DoFinallySubscriber.cancel(FluxDoFinally.java:134) ~[reactor-core-3.7.18.jar!/:3.7.18]
	at reactor.core.publisher.FluxContextWrite$ContextWriteSubscriber.cancel(FluxContextWrite.java:141) ~[reactor-core-3.7.18.jar!/:3.7.18]
	at reactor.core.publisher.MonoFlatMapMany$FlatMapManyMain.cancel(MonoFlatMapMany.java:130) ~[reactor-core-3.7.18.jar!/:3.7.18]
	at reactor.core.publisher.FluxTakeUntil$TakeUntilPredicateSubscriber.cancel(FluxTakeUntil.java:147) ~[reactor-core-3.7.18.jar!/:3.7.18]
	at reactor.core.publisher.FluxFilter$FilterSubscriber.cancel(FluxFilter.java:191) ~[reactor-core-3.7.18.jar!/:3.7.18]
	at reactor.core.publisher.FluxMap$MapSubscriber.cancel(FluxMap.java:169) ~[reactor-core-3.7.18.jar!/:3.7.18]
	at reactor.core.publisher.FluxMap$MapSubscriber.cancel(FluxMap.java:169) ~[reactor-core-3.7.18.jar!/:3.7.18]
	at reactor.core.publisher.FluxWindowPredicate$WindowPredicateMain.cancel(FluxWindowPredicate.java:387) ~[reactor-core-3.7.18.jar!/:3.7.18]
	at reactor.core.publisher.FluxConcatMapNoPrefetch$FluxConcatMapNoPrefetchSubscriber.cancel(FluxConcatMapNoPrefetch.java:352) ~[reactor-core-3.7.18.jar!/:3.7.18]
	at reactor.core.publisher.FluxMap$MapSubscriber.cancel(FluxMap.java:169) ~[reactor-core-3.7.18.jar!/:3.7.18]
	at reactor.core.publisher.FluxMap$MapSubscriber.cancel(FluxMap.java:169) ~[reactor-core-3.7.18.jar!/:3.7.18]
	at reactor.core.publisher.FluxBuffer$BufferOverlappingSubscriber.cancel(FluxBuffer.java:463) ~[reactor-core-3.7.18.jar!/:3.7.18]
	at reactor.core.publisher.FluxMap$MapSubscriber.cancel(FluxMap.java:169) ~[reactor-core-3.7.18.jar!/:3.7.18]
	at reactor.core.publisher.FluxConcatMapNoPrefetch$FluxConcatMapNoPrefetchSubscriber.cancel(FluxConcatMapNoPrefetch.java:352) ~[reactor-core-3.7.18.jar!/:3.7.18]
	at reactor.core.publisher.FluxPeekFuseable$PeekConditionalSubscriber.cancel(FluxPeekFuseable.java:798) ~[reactor-core-3.7.18.jar!/:3.7.18]
	at reactor.core.publisher.FluxDoFinally$DoFinallySubscriber.cancel(FluxDoFinally.java:134) ~[reactor-core-3.7.18.jar!/:3.7.18]
	at reactor.core.publisher.FluxContextWrite$ContextWriteSubscriber.cancel(FluxContextWrite.java:141) ~[reactor-core-3.7.18.jar!/:3.7.18]
	at reactor.core.publisher.FluxPeekFuseable$PeekFuseableSubscriber.cancel(FluxPeekFuseable.java:159) ~[reactor-core-3.7.18.jar!/:3.7.18]
	at reactor.core.publisher.FluxPeekFuseable$PeekFuseableSubscriber.cancel(FluxPeekFuseable.java:159) ~[reactor-core-3.7.18.jar!/:3.7.18]
	at reactor.core.publisher.FluxPeekFuseable$PeekFuseableSubscriber.cancel(FluxPeekFuseable.java:159) ~[reactor-core-3.7.18.jar!/:3.7.18]
	at reactor.core.publisher.FluxPeekFuseable$PeekFuseableSubscriber.cancel(FluxPeekFuseable.java:159) ~[reactor-core-3.7.18.jar!/:3.7.18]
	at reactor.core.publisher.FluxMap$MapSubscriber.cancel(FluxMap.java:169) ~[reactor-core-3.7.18.jar!/:3.7.18]
	at reactor.core.publisher.FluxPublishOn$PublishOnConditionalSubscriber.cancel(FluxPublishOn.java:843) ~[reactor-core-3.7.18.jar!/:3.7.18]
	at reactor.core.publisher.FluxPeekFuseable$PeekFuseableConditionalSubscriber.cancel(FluxPeekFuseable.java:452) ~[reactor-core-3.7.18.jar!/:3.7.18]
	at reactor.core.publisher.FluxDoFinally$DoFinallySubscriber.cancel(FluxDoFinally.java:134) ~[reactor-core-3.7.18.jar!/:3.7.18]
	at reactor.core.publisher.FluxContextWrite$ContextWriteSubscriber.cancel(FluxContextWrite.java:141) ~[reactor-core-3.7.18.jar!/:3.7.18]
	at reactor.core.publisher.FluxHandle$HandleConditionalSubscriber.cancel(FluxHandle.java:483) ~[reactor-core-3.7.18.jar!/:3.7.18]
	at reactor.core.publisher.FluxPeekFuseable$PeekConditionalSubscriber.cancel(FluxPeekFuseable.java:798) ~[reactor-core-3.7.18.jar!/:3.7.18]
	at reactor.core.publisher.FluxPeekFuseable$PeekConditionalSubscriber.cancel(FluxPeekFuseable.java:798) ~[reactor-core-3.7.18.jar!/:3.7.18]
	at reactor.core.publisher.FluxPeekFuseable$PeekConditionalSubscriber.cancel(FluxPeekFuseable.java:798) ~[reactor-core-3.7.18.jar!/:3.7.18]
	at reactor.core.publisher.FluxPeekFuseable$PeekConditionalSubscriber.cancel(FluxPeekFuseable.java:798) ~[reactor-core-3.7.18.jar!/:3.7.18]
	at reactor.core.publisher.FluxMap$MapConditionalSubscriber.cancel(FluxMap.java:300) ~[reactor-core-3.7.18.jar!/:3.7.18]
	at reactor.core.publisher.FluxPeekFuseable$PeekConditionalSubscriber.cancel(FluxPeekFuseable.java:798) ~[reactor-core-3.7.18.jar!/:3.7.18]
	at reactor.core.publisher.FluxDoFinally$DoFinallySubscriber.cancel(FluxDoFinally.java:134) ~[reactor-core-3.7.18.jar!/:3.7.18]
	at reactor.core.publisher.FluxContextWrite$ContextWriteSubscriber.cancel(FluxContextWrite.java:141) ~[reactor-core-3.7.18.jar!/:3.7.18]
	at reactor.core.publisher.FluxHandleFuseable$HandleFuseableConditionalSubscriber.cancel(FluxHandleFuseable.java:659) ~[reactor-core-3.7.18.jar!/:3.7.18]
	at reactor.core.publisher.FluxPeekFuseable$PeekFuseableConditionalSubscriber.cancel(FluxPeekFuseable.java:452) ~[reactor-core-3.7.18.jar!/:3.7.18]
	at reactor.core.publisher.FluxPeekFuseable$PeekFuseableConditionalSubscriber.cancel(FluxPeekFuseable.java:452) ~[reactor-core-3.7.18.jar!/:3.7.18]
	at reactor.core.publisher.FluxPeekFuseable$PeekFuseableConditionalSubscriber.cancel(FluxPeekFuseable.java:452) ~[reactor-core-3.7.18.jar!/:3.7.18]
	at reactor.core.publisher.FluxPeekFuseable$PeekFuseableConditionalSubscriber.cancel(FluxPeekFuseable.java:452) ~[reactor-core-3.7.18.jar!/:3.7.18]
	at reactor.core.publisher.FluxMapFuseable$MapFuseableConditionalSubscriber.cancel(FluxMapFuseable.java:365) ~[reactor-core-3.7.18.jar!/:3.7.18]
	at reactor.core.publisher.FluxHandle$HandleSubscriber.cancel(FluxHandle.java:277) ~[reactor-core-3.7.18.jar!/:3.7.18]
	at reactor.core.publisher.FluxPeek$PeekSubscriber.cancel(FluxPeek.java:153) ~[reactor-core-3.7.18.jar!/:3.7.18]
	at reactor.core.publisher.FluxTakeUntil$TakeUntilPredicateSubscriber.cancel(FluxTakeUntil.java:147) ~[reactor-core-3.7.18.jar!/:3.7.18]
	at reactor.core.publisher.Operators$MultiSubscriptionSubscriber.drainLoop(Operators.java:2424) ~[reactor-core-3.7.18.jar!/:3.7.18]
	at reactor.core.publisher.Operators$MultiSubscriptionSubscriber.drain(Operators.java:2392) ~[reactor-core-3.7.18.jar!/:3.7.18]
	at reactor.core.publisher.Operators$MultiSubscriptionSubscriber.cancel(Operators.java:2204) ~[reactor-core-3.7.18.jar!/:3.7.18]
	at reactor.core.publisher.FluxTimeout$TimeoutMainSubscriber.handleTimeout(FluxTimeout.java:295) ~[reactor-core-3.7.18.jar!/:3.7.18]
	at reactor.core.publisher.FluxTimeout$TimeoutMainSubscriber.doTimeout(FluxTimeout.java:281) ~[reactor-core-3.7.18.jar!/:3.7.18]
	at reactor.core.publisher.FluxTimeout$TimeoutTimeoutSubscriber.onNext(FluxTimeout.java:420) ~[reactor-core-3.7.18.jar!/:3.7.18]
	at reactor.core.publisher.FluxOnErrorReturn$ReturnSubscriber.onNext(FluxOnErrorReturn.java:162) ~[reactor-core-3.7.18.jar!/:3.7.18]
	at reactor.core.publisher.MonoDelay$MonoDelayRunnable.propagateDelay(MonoDelay.java:270) ~[reactor-core-3.7.18.jar!/:3.7.18]
	at reactor.core.publisher.MonoDelay$MonoDelayRunnable.run(MonoDelay.java:285) ~[reactor-core-3.7.18.jar!/:3.7.18]
	at reactor.core.scheduler.SchedulerTask.call(SchedulerTask.java:68) ~[reactor-core-3.7.18.jar!/:3.7.18]
	at reactor.core.scheduler.SchedulerTask.call(SchedulerTask.java:28) ~[reactor-core-3.7.18.jar!/:3.7.18]
	at java.base/java.util.concurrent.FutureTask.run(FutureTask.java:317) ~[na:na]
	at java.base/java.util.concurrent.ScheduledThreadPoolExecutor$ScheduledFutureTask.run(ScheduledThreadPoolExecutor.java:304) ~[na:na]
	at java.base/java.util.concurrent.ThreadPoolExecutor.runWorker(ThreadPoolExecutor.java:1144) ~[na:na]
	at java.base/java.util.concurrent.ThreadPoolExecutor$Worker.run(ThreadPoolExecutor.java:642) ~[na:na]
	at java.base/java.lang.Thread.run(Thread.java:1583) ~[na:na]
Caused by: java.util.concurrent.CancellationException: Request cancelled
	at java.net.http/jdk.internal.net.http.MultiExchange.cancel(MultiExchange.java:285) ~[java.net.http:na]
	... 77 common frames omitted
Caused by: java.io.IOException: Request cancelled
	at java.net.http/jdk.internal.net.http.Http1Exchange.cancel(Http1Exchange.java:505) ~[java.net.http:na]
	at java.net.http/jdk.internal.net.http.Exchange.cancel(Exchange.java:260) ~[java.net.http:na]
	at java.net.http/jdk.internal.net.http.MultiExchange.cancel(MultiExchange.java:299) ~[java.net.http:na]
	... 77 common frames omitted

2026-10-06T21:33:11.187+08:00 ERROR 26792 --- [sp01d-resilience] [     parallel-2] o.s.ai.chat.model.MessageAggregator      : Aggregation Error

java.lang.IllegalStateException: No StreamAdvisors available to execute
	at org.springframework.ai.chat.client.advisor.DefaultAroundAdvisorChain.lambda$nextStream$6(DefaultAroundAdvisorChain.java:127) ~[spring-ai-client-chat-1.1.8.jar!/:1.1.8]
	at reactor.core.publisher.FluxDeferContextual.subscribe(FluxDeferContextual.java:49) ~[reactor-core-3.7.18.jar!/:3.7.18]
	at reactor.core.publisher.InternalFluxOperator.subscribe(InternalFluxOperator.java:68) ~[reactor-core-3.7.18.jar!/:3.7.18]
	at reactor.core.publisher.FluxDeferContextual.subscribe(FluxDeferContextual.java:57) ~[reactor-core-3.7.18.jar!/:3.7.18]
	at reactor.core.publisher.InternalFluxOperator.subscribe(InternalFluxOperator.java:68) ~[reactor-core-3.7.18.jar!/:3.7.18]
	at reactor.core.publisher.FluxRetry$RetrySubscriber.resubscribe(FluxRetry.java:120) ~[reactor-core-3.7.18.jar!/:3.7.18]
	at reactor.core.publisher.FluxRetry$RetrySubscriber.onError(FluxRetry.java:102) ~[reactor-core-3.7.18.jar!/:3.7.18]
	at reactor.core.publisher.FluxPeek$PeekSubscriber.onError(FluxPeek.java:222) ~[reactor-core-3.7.18.jar!/:3.7.18]
	at reactor.core.publisher.SerializedSubscriber.onError(SerializedSubscriber.java:124) ~[reactor-core-3.7.18.jar!/:3.7.18]
	at reactor.core.publisher.FluxTimeout$TimeoutMainSubscriber.handleTimeout(FluxTimeout.java:296) ~[reactor-core-3.7.18.jar!/:3.7.18]
	at reactor.core.publisher.FluxTimeout$TimeoutMainSubscriber.doTimeout(FluxTimeout.java:281) ~[reactor-core-3.7.18.jar!/:3.7.18]
	at reactor.core.publisher.FluxTimeout$TimeoutTimeoutSubscriber.onNext(FluxTimeout.java:420) ~[reactor-core-3.7.18.jar!/:3.7.18]
	at reactor.core.publisher.FluxOnErrorReturn$ReturnSubscriber.onNext(FluxOnErrorReturn.java:162) ~[reactor-core-3.7.18.jar!/:3.7.18]
	at reactor.core.publisher.MonoDelay$MonoDelayRunnable.propagateDelay(MonoDelay.java:270) ~[reactor-core-3.7.18.jar!/:3.7.18]
	at reactor.core.publisher.MonoDelay$MonoDelayRunnable.run(MonoDelay.java:285) ~[reactor-core-3.7.18.jar!/:3.7.18]
	at reactor.core.scheduler.SchedulerTask.call(SchedulerTask.java:68) ~[reactor-core-3.7.18.jar!/:3.7.18]
	at reactor.core.scheduler.SchedulerTask.call(SchedulerTask.java:28) ~[reactor-core-3.7.18.jar!/:3.7.18]
	at java.base/java.util.concurrent.FutureTask.run(FutureTask.java:317) ~[na:na]
	at java.base/java.util.concurrent.ScheduledThreadPoolExecutor$ScheduledFutureTask.run(ScheduledThreadPoolExecutor.java:304) ~[na:na]
	at java.base/java.util.concurrent.ThreadPoolExecutor.runWorker(ThreadPoolExecutor.java:1144) ~[na:na]
	at java.base/java.util.concurrent.ThreadPoolExecutor$Worker.run(ThreadPoolExecutor.java:642) ~[na:na]
	at java.base/java.lang.Thread.run(Thread.java:1583) ~[na:na]

2026-10-06T21:33:11.187+08:00  INFO 26792 --- [sp01d-resilience] [     parallel-2] c.e.spike.core.ResilientChatService      : REF_BEFORE_RETRY_ERROR strategy=refbare sessionId=vd1-refbare-first runId=vd1-refbare-first#1791293586179 upstreamSubs=2 err=java.lang.IllegalStateException: No StreamAdvisors available to execute
2026-10-06T21:33:11.189+08:00  INFO 26792 --- [sp01d-resilience] [    spike-run-7] c.e.spike.core.ResilientChatService      : RUN_END sessionId=vd1-refbare-first runId=vd1-refbare-first#1791293586179 terminal=FAILED attempts=1 elapsedMs=5010 deltas=0 emittedChars=0 contentLen=0
2026-10-06T21:33:11.327+08:00  INFO 26792 --- [sp01d-resilience] [    spike-run-8] c.e.spike.core.ResilientChatService      : REFMODEL_UPSTREAM_SUBSCRIBE sessionId=vd1-refmodel-first runId=vd1-refmodel-first#1791293591324 n=1
2026-10-06T21:33:16.329+08:00 ERROR 26792 --- [sp01d-resilience] [onPool-worker-1] reactor.core.publisher.Operators         : Operator called default onErrorDropped

java.util.concurrent.CompletionException: java.util.concurrent.CancellationException: Request cancelled
	at java.base/java.util.concurrent.CompletableFuture.encodeRelay(CompletableFuture.java:368) ~[na:na]
	at java.base/java.util.concurrent.CompletableFuture.completeRelay(CompletableFuture.java:377) ~[na:na]
	at java.base/java.util.concurrent.CompletableFuture$UniComposeExceptionally.tryFire(CompletableFuture.java:1042) ~[na:na]
	at java.base/java.util.concurrent.CompletableFuture.postComplete(CompletableFuture.java:510) ~[na:na]
	at java.base/java.util.concurrent.CompletableFuture.completeExceptionally(CompletableFuture.java:2194) ~[na:na]
	at java.net.http/jdk.internal.net.http.Http1Exchange.lambda$cancelImpl$9(Http1Exchange.java:592) ~[java.net.http:na]
	at java.net.http/jdk.internal.net.http.Http1Exchange.runInline(Http1Exchange.java:611) ~[java.net.http:na]
	at java.net.http/jdk.internal.net.http.Http1Exchange.cancelImpl(Http1Exchange.java:591) ~[java.net.http:na]
	at java.net.http/jdk.internal.net.http.Http1Exchange.cancel(Http1Exchange.java:505) ~[java.net.http:na]
	at java.net.http/jdk.internal.net.http.Exchange.cancel(Exchange.java:260) ~[java.net.http:na]
	at java.net.http/jdk.internal.net.http.MultiExchange.cancel(MultiExchange.java:299) ~[java.net.http:na]
	at java.net.http/jdk.internal.net.http.MultiExchange$CancelableRef.cancel(MultiExchange.java:194) ~[java.net.http:na]
	at java.net.http/jdk.internal.net.http.common.MinimalFuture.cancel(MinimalFuture.java:107) ~[java.net.http:na]
	at reactor.core.publisher.MonoCompletionStage$MonoCompletionStageSubscription.cancel(MonoCompletionStage.java:156) ~[reactor-core-3.7.18.jar!/:3.7.18]
	at reactor.core.publisher.FluxMap$MapSubscriber.cancel(FluxMap.java:169) ~[reactor-core-3.7.18.jar!/:3.7.18]
	at reactor.core.publisher.MonoIgnoreThen$ThenIgnoreMain.cancel(MonoIgnoreThen.java:144) ~[reactor-core-3.7.18.jar!/:3.7.18]
	at reactor.core.publisher.FluxPeek$PeekSubscriber.cancel(FluxPeek.java:153) ~[reactor-core-3.7.18.jar!/:3.7.18]
	at reactor.core.publisher.FluxPeek$PeekSubscriber.cancel(FluxPeek.java:153) ~[reactor-core-3.7.18.jar!/:3.7.18]
	at reactor.core.publisher.Operators$MultiSubscriptionSubscriber.drainLoop(Operators.java:2424) ~[reactor-core-3.7.18.jar!/:3.7.18]
	at reactor.core.publisher.Operators$MultiSubscriptionSubscriber.drain(Operators.java:2392) ~[reactor-core-3.7.18.jar!/:3.7.18]
	at reactor.core.publisher.Operators$MultiSubscriptionSubscriber.cancel(Operators.java:2204) ~[reactor-core-3.7.18.jar!/:3.7.18]
	at reactor.core.publisher.FluxMap$MapSubscriber.cancel(FluxMap.java:169) ~[reactor-core-3.7.18.jar!/:3.7.18]
	at reactor.core.publisher.FluxOnAssembly$OnAssemblySubscriber.cancel(FluxOnAssembly.java:654) ~[reactor-core-3.7.18.jar!/:3.7.18]
	at reactor.core.publisher.Operators$MultiSubscriptionSubscriber.drainLoop(Operators.java:2424) ~[reactor-core-3.7.18.jar!/:3.7.18]
	at reactor.core.publisher.Operators$MultiSubscriptionSubscriber.drain(Operators.java:2392) ~[reactor-core-3.7.18.jar!/:3.7.18]
	at reactor.core.publisher.Operators$MultiSubscriptionSubscriber.cancel(Operators.java:2204) ~[reactor-core-3.7.18.jar!/:3.7.18]
	at reactor.core.publisher.FluxPeekFuseable$PeekConditionalSubscriber.cancel(FluxPeekFuseable.java:798) ~[reactor-core-3.7.18.jar!/:3.7.18]
	at reactor.core.publisher.MonoPeekTerminal$MonoTerminalPeekSubscriber.cancel(MonoPeekTerminal.java:144) ~[reactor-core-3.7.18.jar!/:3.7.18]
	at reactor.core.publisher.FluxDoFinally$DoFinallySubscriber.cancel(FluxDoFinally.java:134) ~[reactor-core-3.7.18.jar!/:3.7.18]
	at reactor.core.publisher.FluxContextWrite$ContextWriteSubscriber.cancel(FluxContextWrite.java:141) ~[reactor-core-3.7.18.jar!/:3.7.18]
	at reactor.core.publisher.MonoFlatMapMany$FlatMapManyMain.cancel(MonoFlatMapMany.java:130) ~[reactor-core-3.7.18.jar!/:3.7.18]
	at reactor.core.publisher.FluxTakeUntil$TakeUntilPredicateSubscriber.cancel(FluxTakeUntil.java:147) ~[reactor-core-3.7.18.jar!/:3.7.18]
	at reactor.core.publisher.FluxFilter$FilterSubscriber.cancel(FluxFilter.java:191) ~[reactor-core-3.7.18.jar!/:3.7.18]
	at reactor.core.publisher.FluxMap$MapSubscriber.cancel(FluxMap.java:169) ~[reactor-core-3.7.18.jar!/:3.7.18]
	at reactor.core.publisher.FluxMap$MapSubscriber.cancel(FluxMap.java:169) ~[reactor-core-3.7.18.jar!/:3.7.18]
	at reactor.core.publisher.FluxWindowPredicate$WindowPredicateMain.cancel(FluxWindowPredicate.java:387) ~[reactor-core-3.7.18.jar!/:3.7.18]
	at reactor.core.publisher.FluxConcatMapNoPrefetch$FluxConcatMapNoPrefetchSubscriber.cancel(FluxConcatMapNoPrefetch.java:352) ~[reactor-core-3.7.18.jar!/:3.7.18]
	at reactor.core.publisher.FluxMap$MapSubscriber.cancel(FluxMap.java:169) ~[reactor-core-3.7.18.jar!/:3.7.18]
	at reactor.core.publisher.FluxMap$MapSubscriber.cancel(FluxMap.java:169) ~[reactor-core-3.7.18.jar!/:3.7.18]
	at reactor.core.publisher.FluxBuffer$BufferOverlappingSubscriber.cancel(FluxBuffer.java:463) ~[reactor-core-3.7.18.jar!/:3.7.18]
	at reactor.core.publisher.FluxMap$MapSubscriber.cancel(FluxMap.java:169) ~[reactor-core-3.7.18.jar!/:3.7.18]
	at reactor.core.publisher.FluxConcatMapNoPrefetch$FluxConcatMapNoPrefetchSubscriber.cancel(FluxConcatMapNoPrefetch.java:352) ~[reactor-core-3.7.18.jar!/:3.7.18]
	at reactor.core.publisher.FluxPeekFuseable$PeekConditionalSubscriber.cancel(FluxPeekFuseable.java:798) ~[reactor-core-3.7.18.jar!/:3.7.18]
	at reactor.core.publisher.FluxDoFinally$DoFinallySubscriber.cancel(FluxDoFinally.java:134) ~[reactor-core-3.7.18.jar!/:3.7.18]
	at reactor.core.publisher.FluxContextWrite$ContextWriteSubscriber.cancel(FluxContextWrite.java:141) ~[reactor-core-3.7.18.jar!/:3.7.18]
	at reactor.core.publisher.FluxPeekFuseable$PeekFuseableSubscriber.cancel(FluxPeekFuseable.java:159) ~[reactor-core-3.7.18.jar!/:3.7.18]
	at reactor.core.publisher.FluxPeekFuseable$PeekFuseableSubscriber.cancel(FluxPeekFuseable.java:159) ~[reactor-core-3.7.18.jar!/:3.7.18]
	at reactor.core.publisher.FluxPeekFuseable$PeekFuseableSubscriber.cancel(FluxPeekFuseable.java:159) ~[reactor-core-3.7.18.jar!/:3.7.18]
	at reactor.core.publisher.FluxPeekFuseable$PeekFuseableSubscriber.cancel(FluxPeekFuseable.java:159) ~[reactor-core-3.7.18.jar!/:3.7.18]
	at reactor.core.publisher.FluxPeek$PeekSubscriber.cancel(FluxPeek.java:153) ~[reactor-core-3.7.18.jar!/:3.7.18]
	at reactor.core.publisher.FluxTakeUntil$TakeUntilPredicateSubscriber.cancel(FluxTakeUntil.java:147) ~[reactor-core-3.7.18.jar!/:3.7.18]
	at reactor.core.publisher.Operators$MultiSubscriptionSubscriber.drainLoop(Operators.java:2424) ~[reactor-core-3.7.18.jar!/:3.7.18]
	at reactor.core.publisher.Operators$MultiSubscriptionSubscriber.drain(Operators.java:2392) ~[reactor-core-3.7.18.jar!/:3.7.18]
	at reactor.core.publisher.Operators$MultiSubscriptionSubscriber.cancel(Operators.java:2204) ~[reactor-core-3.7.18.jar!/:3.7.18]
	at reactor.core.publisher.FluxTimeout$TimeoutMainSubscriber.handleTimeout(FluxTimeout.java:295) ~[reactor-core-3.7.18.jar!/:3.7.18]
	at reactor.core.publisher.FluxTimeout$TimeoutMainSubscriber.doTimeout(FluxTimeout.java:281) ~[reactor-core-3.7.18.jar!/:3.7.18]
	at reactor.core.publisher.FluxTimeout$TimeoutTimeoutSubscriber.onNext(FluxTimeout.java:420) ~[reactor-core-3.7.18.jar!/:3.7.18]
	at reactor.core.publisher.FluxOnErrorReturn$ReturnSubscriber.onNext(FluxOnErrorReturn.java:162) ~[reactor-core-3.7.18.jar!/:3.7.18]
	at reactor.core.publisher.MonoDelay$MonoDelayRunnable.propagateDelay(MonoDelay.java:270) ~[reactor-core-3.7.18.jar!/:3.7.18]
	at reactor.core.publisher.MonoDelay$MonoDelayRunnable.run(MonoDelay.java:285) ~[reactor-core-3.7.18.jar!/:3.7.18]
	at reactor.core.scheduler.SchedulerTask.call(SchedulerTask.java:68) ~[reactor-core-3.7.18.jar!/:3.7.18]
	at reactor.core.scheduler.SchedulerTask.call(SchedulerTask.java:28) ~[reactor-core-3.7.18.jar!/:3.7.18]
	at java.base/java.util.concurrent.FutureTask.run(FutureTask.java:317) ~[na:na]
	at java.base/java.util.concurrent.ScheduledThreadPoolExecutor$ScheduledFutureTask.run(ScheduledThreadPoolExecutor.java:304) ~[na:na]
	at java.base/java.util.concurrent.ThreadPoolExecutor.runWorker(ThreadPoolExecutor.java:1144) ~[na:na]
	at java.base/java.util.concurrent.ThreadPoolExecutor$Worker.run(ThreadPoolExecutor.java:642) ~[na:na]
	at java.base/java.lang.Thread.run(Thread.java:1583) ~[na:na]
Caused by: java.util.concurrent.CancellationException: Request cancelled
	at java.net.http/jdk.internal.net.http.MultiExchange.cancel(MultiExchange.java:285) ~[java.net.http:na]
	... 56 common frames omitted
Caused by: java.io.IOException: Request cancelled
	at java.net.http/jdk.internal.net.http.Http1Exchange.cancel(Http1Exchange.java:505) ~[java.net.http:na]
	at java.net.http/jdk.internal.net.http.Exchange.cancel(Exchange.java:260) ~[java.net.http:na]
	at java.net.http/jdk.internal.net.http.MultiExchange.cancel(MultiExchange.java:299) ~[java.net.http:na]
	... 56 common frames omitted

2026-10-06T21:33:16.337+08:00  INFO 26792 --- [sp01d-resilience] [     parallel-4] c.e.spike.core.ResilientChatService      : REFMODEL_UPSTREAM_SUBSCRIBE sessionId=vd1-refmodel-first runId=vd1-refmodel-first#1791293591324 n=2
2026-10-06T21:33:21.339+08:00  INFO 26792 --- [sp01d-resilience] [     parallel-5] c.e.spike.core.ResilientChatService      : REFMODEL_BEFORE_RETRY_ERROR sessionId=vd1-refmodel-first runId=vd1-refmodel-first#1791293591324 upstreamSubs=2 err=java.util.concurrent.TimeoutException: Did not observe any item or terminal signal within 5000ms in 'takeUntil' (and no fallback has been configured)
2026-10-06T21:33:21.339+08:00 ERROR 26792 --- [sp01d-resilience] [onPool-worker-1] reactor.core.publisher.Operators         : Operator called default onErrorDropped

java.util.concurrent.CompletionException: java.util.concurrent.CancellationException: Request cancelled
	at java.base/java.util.concurrent.CompletableFuture.encodeRelay(CompletableFuture.java:368) ~[na:na]
	at java.base/java.util.concurrent.CompletableFuture.completeRelay(CompletableFuture.java:377) ~[na:na]
	at java.base/java.util.concurrent.CompletableFuture$UniComposeExceptionally.tryFire(CompletableFuture.java:1042) ~[na:na]
	at java.base/java.util.concurrent.CompletableFuture.postComplete(CompletableFuture.java:510) ~[na:na]
	at java.base/java.util.concurrent.CompletableFuture.completeExceptionally(CompletableFuture.java:2194) ~[na:na]
	at java.net.http/jdk.internal.net.http.Http1Exchange.lambda$cancelImpl$9(Http1Exchange.java:592) ~[java.net.http:na]
	at java.net.http/jdk.internal.net.http.Http1Exchange.runInline(Http1Exchange.java:611) ~[java.net.http:na]
	at java.net.http/jdk.internal.net.http.Http1Exchange.cancelImpl(Http1Exchange.java:591) ~[java.net.http:na]
	at java.net.http/jdk.internal.net.http.Http1Exchange.cancel(Http1Exchange.java:505) ~[java.net.http:na]
	at java.net.http/jdk.internal.net.http.Exchange.cancel(Exchange.java:260) ~[java.net.http:na]
	at java.net.http/jdk.internal.net.http.MultiExchange.cancel(MultiExchange.java:299) ~[java.net.http:na]
	at java.net.http/jdk.internal.net.http.MultiExchange$CancelableRef.cancel(MultiExchange.java:194) ~[java.net.http:na]
	at java.net.http/jdk.internal.net.http.common.MinimalFuture.cancel(MinimalFuture.java:107) ~[java.net.http:na]
	at reactor.core.publisher.MonoCompletionStage$MonoCompletionStageSubscription.cancel(MonoCompletionStage.java:156) ~[reactor-core-3.7.18.jar!/:3.7.18]
	at reactor.core.publisher.FluxMap$MapSubscriber.cancel(FluxMap.java:169) ~[reactor-core-3.7.18.jar!/:3.7.18]
	at reactor.core.publisher.MonoIgnoreThen$ThenIgnoreMain.cancel(MonoIgnoreThen.java:144) ~[reactor-core-3.7.18.jar!/:3.7.18]
	at reactor.core.publisher.FluxPeek$PeekSubscriber.cancel(FluxPeek.java:153) ~[reactor-core-3.7.18.jar!/:3.7.18]
	at reactor.core.publisher.FluxPeek$PeekSubscriber.cancel(FluxPeek.java:153) ~[reactor-core-3.7.18.jar!/:3.7.18]
	at reactor.core.publisher.Operators$MultiSubscriptionSubscriber.drainLoop(Operators.java:2424) ~[reactor-core-3.7.18.jar!/:3.7.18]
	at reactor.core.publisher.Operators$MultiSubscriptionSubscriber.drain(Operators.java:2392) ~[reactor-core-3.7.18.jar!/:3.7.18]
	at reactor.core.publisher.Operators$MultiSubscriptionSubscriber.cancel(Operators.java:2204) ~[reactor-core-3.7.18.jar!/:3.7.18]
	at reactor.core.publisher.FluxMap$MapSubscriber.cancel(FluxMap.java:169) ~[reactor-core-3.7.18.jar!/:3.7.18]
	at reactor.core.publisher.FluxOnAssembly$OnAssemblySubscriber.cancel(FluxOnAssembly.java:654) ~[reactor-core-3.7.18.jar!/:3.7.18]
	at reactor.core.publisher.Operators$MultiSubscriptionSubscriber.drainLoop(Operators.java:2424) ~[reactor-core-3.7.18.jar!/:3.7.18]
	at reactor.core.publisher.Operators$MultiSubscriptionSubscriber.drain(Operators.java:2392) ~[reactor-core-3.7.18.jar!/:3.7.18]
	at reactor.core.publisher.Operators$MultiSubscriptionSubscriber.cancel(Operators.java:2204) ~[reactor-core-3.7.18.jar!/:3.7.18]
	at reactor.core.publisher.FluxPeekFuseable$PeekConditionalSubscriber.cancel(FluxPeekFuseable.java:798) ~[reactor-core-3.7.18.jar!/:3.7.18]
	at reactor.core.publisher.MonoPeekTerminal$MonoTerminalPeekSubscriber.cancel(MonoPeekTerminal.java:144) ~[reactor-core-3.7.18.jar!/:3.7.18]
	at reactor.core.publisher.FluxDoFinally$DoFinallySubscriber.cancel(FluxDoFinally.java:134) ~[reactor-core-3.7.18.jar!/:3.7.18]
	at reactor.core.publisher.FluxContextWrite$ContextWriteSubscriber.cancel(FluxContextWrite.java:141) ~[reactor-core-3.7.18.jar!/:3.7.18]
	at reactor.core.publisher.MonoFlatMapMany$FlatMapManyMain.cancel(MonoFlatMapMany.java:130) ~[reactor-core-3.7.18.jar!/:3.7.18]
	at reactor.core.publisher.FluxTakeUntil$TakeUntilPredicateSubscriber.cancel(FluxTakeUntil.java:147) ~[reactor-core-3.7.18.jar!/:3.7.18]
	at reactor.core.publisher.FluxFilter$FilterSubscriber.cancel(FluxFilter.java:191) ~[reactor-core-3.7.18.jar!/:3.7.18]
	at reactor.core.publisher.FluxMap$MapSubscriber.cancel(FluxMap.java:169) ~[reactor-core-3.7.18.jar!/:3.7.18]
	at reactor.core.publisher.FluxMap$MapSubscriber.cancel(FluxMap.java:169) ~[reactor-core-3.7.18.jar!/:3.7.18]
	at reactor.core.publisher.FluxWindowPredicate$WindowPredicateMain.cancel(FluxWindowPredicate.java:387) ~[reactor-core-3.7.18.jar!/:3.7.18]
	at reactor.core.publisher.FluxConcatMapNoPrefetch$FluxConcatMapNoPrefetchSubscriber.cancel(FluxConcatMapNoPrefetch.java:352) ~[reactor-core-3.7.18.jar!/:3.7.18]
	at reactor.core.publisher.FluxMap$MapSubscriber.cancel(FluxMap.java:169) ~[reactor-core-3.7.18.jar!/:3.7.18]
	at reactor.core.publisher.FluxMap$MapSubscriber.cancel(FluxMap.java:169) ~[reactor-core-3.7.18.jar!/:3.7.18]
	at reactor.core.publisher.FluxBuffer$BufferOverlappingSubscriber.cancel(FluxBuffer.java:463) ~[reactor-core-3.7.18.jar!/:3.7.18]
	at reactor.core.publisher.FluxMap$MapSubscriber.cancel(FluxMap.java:169) ~[reactor-core-3.7.18.jar!/:3.7.18]
	at reactor.core.publisher.FluxConcatMapNoPrefetch$FluxConcatMapNoPrefetchSubscriber.cancel(FluxConcatMapNoPrefetch.java:352) ~[reactor-core-3.7.18.jar!/:3.7.18]
	at reactor.core.publisher.FluxPeekFuseable$PeekConditionalSubscriber.cancel(FluxPeekFuseable.java:798) ~[reactor-core-3.7.18.jar!/:3.7.18]
	at reactor.core.publisher.FluxDoFinally$DoFinallySubscriber.cancel(FluxDoFinally.java:134) ~[reactor-core-3.7.18.jar!/:3.7.18]
	at reactor.core.publisher.FluxContextWrite$ContextWriteSubscriber.cancel(FluxContextWrite.java:141) ~[reactor-core-3.7.18.jar!/:3.7.18]
	at reactor.core.publisher.FluxPeekFuseable$PeekFuseableSubscriber.cancel(FluxPeekFuseable.java:159) ~[reactor-core-3.7.18.jar!/:3.7.18]
	at reactor.core.publisher.FluxPeekFuseable$PeekFuseableSubscriber.cancel(FluxPeekFuseable.java:159) ~[reactor-core-3.7.18.jar!/:3.7.18]
	at reactor.core.publisher.FluxPeekFuseable$PeekFuseableSubscriber.cancel(FluxPeekFuseable.java:159) ~[reactor-core-3.7.18.jar!/:3.7.18]
	at reactor.core.publisher.FluxPeekFuseable$PeekFuseableSubscriber.cancel(FluxPeekFuseable.java:159) ~[reactor-core-3.7.18.jar!/:3.7.18]
	at reactor.core.publisher.FluxPeek$PeekSubscriber.cancel(FluxPeek.java:153) ~[reactor-core-3.7.18.jar!/:3.7.18]
	at reactor.core.publisher.FluxTakeUntil$TakeUntilPredicateSubscriber.cancel(FluxTakeUntil.java:147) ~[reactor-core-3.7.18.jar!/:3.7.18]
	at reactor.core.publisher.Operators$MultiSubscriptionSubscriber.drainLoop(Operators.java:2424) ~[reactor-core-3.7.18.jar!/:3.7.18]
	at reactor.core.publisher.Operators$MultiSubscriptionSubscriber.drain(Operators.java:2392) ~[reactor-core-3.7.18.jar!/:3.7.18]
	at reactor.core.publisher.Operators$MultiSubscriptionSubscriber.cancel(Operators.java:2204) ~[reactor-core-3.7.18.jar!/:3.7.18]
	at reactor.core.publisher.FluxTimeout$TimeoutMainSubscriber.handleTimeout(FluxTimeout.java:295) ~[reactor-core-3.7.18.jar!/:3.7.18]
	at reactor.core.publisher.FluxTimeout$TimeoutMainSubscriber.doTimeout(FluxTimeout.java:281) ~[reactor-core-3.7.18.jar!/:3.7.18]
	at reactor.core.publisher.FluxTimeout$TimeoutTimeoutSubscriber.onNext(FluxTimeout.java:420) ~[reactor-core-3.7.18.jar!/:3.7.18]
	at reactor.core.publisher.FluxOnErrorReturn$ReturnSubscriber.onNext(FluxOnErrorReturn.java:162) ~[reactor-core-3.7.18.jar!/:3.7.18]
	at reactor.core.publisher.MonoDelay$MonoDelayRunnable.propagateDelay(MonoDelay.java:270) ~[reactor-core-3.7.18.jar!/:3.7.18]
	at reactor.core.publisher.MonoDelay$MonoDelayRunnable.run(MonoDelay.java:285) ~[reactor-core-3.7.18.jar!/:3.7.18]
	at reactor.core.scheduler.SchedulerTask.call(SchedulerTask.java:68) ~[reactor-core-3.7.18.jar!/:3.7.18]
	at reactor.core.scheduler.SchedulerTask.call(SchedulerTask.java:28) ~[reactor-core-3.7.18.jar!/:3.7.18]
	at java.base/java.util.concurrent.FutureTask.run(FutureTask.java:317) ~[na:na]
	at java.base/java.util.concurrent.ScheduledThreadPoolExecutor$ScheduledFutureTask.run(ScheduledThreadPoolExecutor.java:304) ~[na:na]
	at java.base/java.util.concurrent.ThreadPoolExecutor.runWorker(ThreadPoolExecutor.java:1144) ~[na:na]
	at java.base/java.util.concurrent.ThreadPoolExecutor$Worker.run(ThreadPoolExecutor.java:642) ~[na:na]
	at java.base/java.lang.Thread.run(Thread.java:1583) ~[na:na]
Caused by: java.util.concurrent.CancellationException: Request cancelled
	at java.net.http/jdk.internal.net.http.MultiExchange.cancel(MultiExchange.java:285) ~[java.net.http:na]
	... 56 common frames omitted
Caused by: java.io.IOException: Request cancelled
	at java.net.http/jdk.internal.net.http.Http1Exchange.cancel(Http1Exchange.java:505) ~[java.net.http:na]
	at java.net.http/jdk.internal.net.http.Exchange.cancel(Exchange.java:260) ~[java.net.http:na]
	at java.net.http/jdk.internal.net.http.MultiExchange.cancel(MultiExchange.java:299) ~[java.net.http:na]
	... 56 common frames omitted

2026-10-06T21:33:21.341+08:00  INFO 26792 --- [sp01d-resilience] [    spike-run-8] c.e.spike.core.ResilientChatService      : RUN_END sessionId=vd1-refmodel-first runId=vd1-refmodel-first#1791293591324 terminal=FAILED attempts=1 elapsedMs=10016 deltas=0 emittedChars=0 contentLen=0
2026-10-06T21:34:12.086+08:00  INFO 26792 --- [sp01d-resilience] [    spike-run-1] c.e.spike.core.ResilientChatService      : REFMODEL_UPSTREAM_SUBSCRIBE sessionId=vd1-refmodel-mid runId=vd1-refmodel-mid#1791293652082 n=1
2026-10-06T21:34:12.816+08:00  INFO 26792 --- [sp01d-resilience] [ient-2-Worker-2] c.e.spike.core.ResilientChatService      : STREAM_ITEM sessionId=vd1-refmodel-mid runId=vd1-refmodel-mid#1791293652082 tsOffset=734ms textLen=-1 hasToolCalls=false
2026-10-06T21:34:12.901+08:00  INFO 26792 --- [sp01d-resilience] [ient-2-Worker-2] c.e.spike.core.ResilientChatService      : STREAM_ITEM sessionId=vd1-refmodel-mid runId=vd1-refmodel-mid#1791293652082 tsOffset=819ms textLen=-1 hasToolCalls=false
2026-10-06T21:34:12.908+08:00  INFO 26792 --- [sp01d-resilience] [ient-2-Worker-2] c.e.spike.core.ResilientChatService      : STREAM_ITEM sessionId=vd1-refmodel-mid runId=vd1-refmodel-mid#1791293652082 tsOffset=826ms textLen=-1 hasToolCalls=false
2026-10-06T21:34:12.909+08:00  INFO 26792 --- [sp01d-resilience] [ient-2-Worker-2] c.e.spike.core.ResilientChatService      : STREAM_ITEM sessionId=vd1-refmodel-mid runId=vd1-refmodel-mid#1791293652082 tsOffset=827ms textLen=-1 hasToolCalls=false
2026-10-06T21:34:12.910+08:00  INFO 26792 --- [sp01d-resilience] [ient-2-Worker-2] c.e.spike.core.ResilientChatService      : STREAM_ITEM sessionId=vd1-refmodel-mid runId=vd1-refmodel-mid#1791293652082 tsOffset=828ms textLen=-1 hasToolCalls=false
2026-10-06T21:34:12.910+08:00  INFO 26792 --- [sp01d-resilience] [ient-2-Worker-2] c.e.spike.core.ResilientChatService      : STREAM_ITEM sessionId=vd1-refmodel-mid runId=vd1-refmodel-mid#1791293652082 tsOffset=828ms textLen=-1 hasToolCalls=false
2026-10-06T21:34:12.912+08:00  INFO 26792 --- [sp01d-resilience] [ient-2-Worker-2] c.e.spike.core.ResilientChatService      : STREAM_ITEM sessionId=vd1-refmodel-mid runId=vd1-refmodel-mid#1791293652082 tsOffset=830ms textLen=-1 hasToolCalls=false
2026-10-06T21:34:12.922+08:00  INFO 26792 --- [sp01d-resilience] [ient-2-Worker-2] c.e.spike.core.ResilientChatService      : STREAM_ITEM sessionId=vd1-refmodel-mid runId=vd1-refmodel-mid#1791293652082 tsOffset=840ms textLen=-1 hasToolCalls=false
2026-10-06T21:34:12.922+08:00  INFO 26792 --- [sp01d-resilience] [ient-2-Worker-2] c.e.spike.core.ResilientChatService      : STREAM_ITEM sessionId=vd1-refmodel-mid runId=vd1-refmodel-mid#1791293652082 tsOffset=840ms textLen=-1 hasToolCalls=false
2026-10-06T21:34:12.935+08:00  INFO 26792 --- [sp01d-resilience] [ient-2-Worker-2] c.e.spike.core.ResilientChatService      : STREAM_ITEM sessionId=vd1-refmodel-mid runId=vd1-refmodel-mid#1791293652082 tsOffset=853ms textLen=-1 hasToolCalls=false
2026-10-06T21:34:12.949+08:00  INFO 26792 --- [sp01d-resilience] [ient-2-Worker-2] c.e.spike.core.ResilientChatService      : STREAM_ITEM sessionId=vd1-refmodel-mid runId=vd1-refmodel-mid#1791293652082 tsOffset=867ms textLen=-1 hasToolCalls=false
2026-10-06T21:34:12.950+08:00  INFO 26792 --- [sp01d-resilience] [ient-2-Worker-2] c.e.spike.core.ResilientChatService      : STREAM_ITEM sessionId=vd1-refmodel-mid runId=vd1-refmodel-mid#1791293652082 tsOffset=868ms textLen=-1 hasToolCalls=false
2026-10-06T21:34:12.950+08:00  INFO 26792 --- [sp01d-resilience] [ient-2-Worker-2] c.e.spike.core.ResilientChatService      : STREAM_ITEM sessionId=vd1-refmodel-mid runId=vd1-refmodel-mid#1791293652082 tsOffset=868ms textLen=-1 hasToolCalls=false
2026-10-06T21:34:12.951+08:00  INFO 26792 --- [sp01d-resilience] [ient-2-Worker-2] c.e.spike.core.ResilientChatService      : STREAM_ITEM sessionId=vd1-refmodel-mid runId=vd1-refmodel-mid#1791293652082 tsOffset=869ms textLen=-1 hasToolCalls=false
2026-10-06T21:34:12.964+08:00  INFO 26792 --- [sp01d-resilience] [ient-2-Worker-2] c.e.spike.core.ResilientChatService      : STREAM_ITEM sessionId=vd1-refmodel-mid runId=vd1-refmodel-mid#1791293652082 tsOffset=882ms textLen=-1 hasToolCalls=false
2026-10-06T21:34:12.965+08:00  INFO 26792 --- [sp01d-resilience] [ient-2-Worker-2] c.e.spike.core.ResilientChatService      : STREAM_ITEM sessionId=vd1-refmodel-mid runId=vd1-refmodel-mid#1791293652082 tsOffset=883ms textLen=-1 hasToolCalls=false
2026-10-06T21:34:12.966+08:00  INFO 26792 --- [sp01d-resilience] [ient-2-Worker-2] c.e.spike.core.ResilientChatService      : STREAM_ITEM sessionId=vd1-refmodel-mid runId=vd1-refmodel-mid#1791293652082 tsOffset=884ms textLen=-1 hasToolCalls=false
2026-10-06T21:34:12.966+08:00  INFO 26792 --- [sp01d-resilience] [ient-2-Worker-2] c.e.spike.core.ResilientChatService      : STREAM_ITEM sessionId=vd1-refmodel-mid runId=vd1-refmodel-mid#1791293652082 tsOffset=884ms textLen=2 hasToolCalls=false
2026-10-06T21:34:17.969+08:00  INFO 26792 --- [sp01d-resilience] [     parallel-8] c.e.spike.core.ResilientChatService      : REFMODEL_UPSTREAM_SUBSCRIBE sessionId=vd1-refmodel-mid runId=vd1-refmodel-mid#1791293652082 n=2
2026-10-06T21:34:18.587+08:00  INFO 26792 --- [sp01d-resilience] [ient-2-Worker-2] c.e.spike.core.ResilientChatService      : STREAM_ITEM sessionId=vd1-refmodel-mid runId=vd1-refmodel-mid#1791293652082 tsOffset=6505ms textLen=-1 hasToolCalls=false
2026-10-06T21:34:18.638+08:00  INFO 26792 --- [sp01d-resilience] [ient-2-Worker-2] c.e.spike.core.ResilientChatService      : STREAM_ITEM sessionId=vd1-refmodel-mid runId=vd1-refmodel-mid#1791293652082 tsOffset=6556ms textLen=-1 hasToolCalls=false
2026-10-06T21:34:18.650+08:00  INFO 26792 --- [sp01d-resilience] [ient-2-Worker-2] c.e.spike.core.ResilientChatService      : STREAM_ITEM sessionId=vd1-refmodel-mid runId=vd1-refmodel-mid#1791293652082 tsOffset=6568ms textLen=-1 hasToolCalls=false
2026-10-06T21:34:18.651+08:00  INFO 26792 --- [sp01d-resilience] [ient-2-Worker-2] c.e.spike.core.ResilientChatService      : STREAM_ITEM sessionId=vd1-refmodel-mid runId=vd1-refmodel-mid#1791293652082 tsOffset=6569ms textLen=-1 hasToolCalls=false
2026-10-06T21:34:18.654+08:00  INFO 26792 --- [sp01d-resilience] [ient-2-Worker-2] c.e.spike.core.ResilientChatService      : STREAM_ITEM sessionId=vd1-refmodel-mid runId=vd1-refmodel-mid#1791293652082 tsOffset=6572ms textLen=-1 hasToolCalls=false
2026-10-06T21:34:18.655+08:00  INFO 26792 --- [sp01d-resilience] [ient-2-Worker-2] c.e.spike.core.ResilientChatService      : STREAM_ITEM sessionId=vd1-refmodel-mid runId=vd1-refmodel-mid#1791293652082 tsOffset=6573ms textLen=-1 hasToolCalls=false
2026-10-06T21:34:18.666+08:00  INFO 26792 --- [sp01d-resilience] [ient-2-Worker-2] c.e.spike.core.ResilientChatService      : STREAM_ITEM sessionId=vd1-refmodel-mid runId=vd1-refmodel-mid#1791293652082 tsOffset=6584ms textLen=-1 hasToolCalls=false
2026-10-06T21:34:18.667+08:00  INFO 26792 --- [sp01d-resilience] [ient-2-Worker-2] c.e.spike.core.ResilientChatService      : STREAM_ITEM sessionId=vd1-refmodel-mid runId=vd1-refmodel-mid#1791293652082 tsOffset=6585ms textLen=-1 hasToolCalls=false
2026-10-06T21:34:18.668+08:00  INFO 26792 --- [sp01d-resilience] [ient-2-Worker-2] c.e.spike.core.ResilientChatService      : STREAM_ITEM sessionId=vd1-refmodel-mid runId=vd1-refmodel-mid#1791293652082 tsOffset=6586ms textLen=-1 hasToolCalls=false
2026-10-06T21:34:18.670+08:00  INFO 26792 --- [sp01d-resilience] [ient-2-Worker-2] c.e.spike.core.ResilientChatService      : STREAM_ITEM sessionId=vd1-refmodel-mid runId=vd1-refmodel-mid#1791293652082 tsOffset=6588ms textLen=-1 hasToolCalls=false
2026-10-06T21:34:18.671+08:00  INFO 26792 --- [sp01d-resilience] [ient-2-Worker-2] c.e.spike.core.ResilientChatService      : STREAM_ITEM sessionId=vd1-refmodel-mid runId=vd1-refmodel-mid#1791293652082 tsOffset=6589ms textLen=-1 hasToolCalls=false
2026-10-06T21:34:18.680+08:00  INFO 26792 --- [sp01d-resilience] [ient-2-Worker-2] c.e.spike.core.ResilientChatService      : STREAM_ITEM sessionId=vd1-refmodel-mid runId=vd1-refmodel-mid#1791293652082 tsOffset=6598ms textLen=-1 hasToolCalls=false
2026-10-06T21:34:18.680+08:00  INFO 26792 --- [sp01d-resilience] [ient-2-Worker-2] c.e.spike.core.ResilientChatService      : STREAM_ITEM sessionId=vd1-refmodel-mid runId=vd1-refmodel-mid#1791293652082 tsOffset=6598ms textLen=-1 hasToolCalls=false
2026-10-06T21:34:18.681+08:00  INFO 26792 --- [sp01d-resilience] [ient-2-Worker-2] c.e.spike.core.ResilientChatService      : STREAM_ITEM sessionId=vd1-refmodel-mid runId=vd1-refmodel-mid#1791293652082 tsOffset=6599ms textLen=-1 hasToolCalls=false
2026-10-06T21:34:18.681+08:00  INFO 26792 --- [sp01d-resilience] [ient-2-Worker-2] c.e.spike.core.ResilientChatService      : STREAM_ITEM sessionId=vd1-refmodel-mid runId=vd1-refmodel-mid#1791293652082 tsOffset=6599ms textLen=-1 hasToolCalls=false
2026-10-06T21:34:18.692+08:00  INFO 26792 --- [sp01d-resilience] [ient-2-Worker-2] c.e.spike.core.ResilientChatService      : STREAM_ITEM sessionId=vd1-refmodel-mid runId=vd1-refmodel-mid#1791293652082 tsOffset=6610ms textLen=-1 hasToolCalls=false
2026-10-06T21:34:18.693+08:00  INFO 26792 --- [sp01d-resilience] [ient-2-Worker-2] c.e.spike.core.ResilientChatService      : STREAM_ITEM sessionId=vd1-refmodel-mid runId=vd1-refmodel-mid#1791293652082 tsOffset=6611ms textLen=-1 hasToolCalls=false
2026-10-06T21:34:18.694+08:00  INFO 26792 --- [sp01d-resilience] [ient-2-Worker-2] c.e.spike.core.ResilientChatService      : STREAM_ITEM sessionId=vd1-refmodel-mid runId=vd1-refmodel-mid#1791293652082 tsOffset=6612ms textLen=-1 hasToolCalls=false
2026-10-06T21:34:18.712+08:00  INFO 26792 --- [sp01d-resilience] [ient-2-Worker-2] c.e.spike.core.ResilientChatService      : STREAM_ITEM sessionId=vd1-refmodel-mid runId=vd1-refmodel-mid#1791293652082 tsOffset=6630ms textLen=-1 hasToolCalls=false
2026-10-06T21:34:18.713+08:00  INFO 26792 --- [sp01d-resilience] [ient-2-Worker-2] c.e.spike.core.ResilientChatService      : STREAM_ITEM sessionId=vd1-refmodel-mid runId=vd1-refmodel-mid#1791293652082 tsOffset=6631ms textLen=2 hasToolCalls=false
2026-10-06T21:34:23.716+08:00  INFO 26792 --- [sp01d-resilience] [    parallel-13] c.e.spike.core.ResilientChatService      : REFMODEL_BEFORE_RETRY_ERROR sessionId=vd1-refmodel-mid runId=vd1-refmodel-mid#1791293652082 upstreamSubs=2 err=java.util.concurrent.TimeoutException: Did not observe any item or terminal signal within 5000ms in 'takeUntil' (and no fallback has been configured)
2026-10-06T21:34:23.717+08:00  INFO 26792 --- [sp01d-resilience] [    spike-run-1] c.e.spike.core.ResilientChatService      : RUN_END sessionId=vd1-refmodel-mid runId=vd1-refmodel-mid#1791293652082 terminal=FAILED attempts=1 elapsedMs=11634 deltas=2 emittedChars=4 contentLen=4
2026-10-06T21:34:24.605+08:00  INFO 26792 --- [sp01d-resilience] [oundedElastic-4] c.e.spike.core.ResilientChatService      : STREAM_ITEM sessionId=vd1-fin-content runId=vd1-fin-content#1791293663858 tsOffset=747ms textLen=-1 hasToolCalls=false
2026-10-06T21:34:24.624+08:00  INFO 26792 --- [sp01d-resilience] [oundedElastic-4] c.e.spike.core.ResilientChatService      : STREAM_ITEM sessionId=vd1-fin-content runId=vd1-fin-content#1791293663858 tsOffset=766ms textLen=2 hasToolCalls=false
2026-10-06T21:34:24.625+08:00  INFO 26792 --- [sp01d-resilience] [oundedElastic-4] c.e.spike.core.ResilientChatService      : STREAM_ITEM sessionId=vd1-fin-content runId=vd1-fin-content#1791293663858 tsOffset=767ms textLen=2 hasToolCalls=false
2026-10-06T21:34:24.626+08:00  INFO 26792 --- [sp01d-resilience] [    spike-run-2] c.e.spike.core.ResilientChatService      : RUN_END sessionId=vd1-fin-content runId=vd1-fin-content#1791293663858 terminal=OK attempts=1 elapsedMs=767 deltas=2 emittedChars=4 contentLen=4
2026-10-06T21:34:25.582+08:00  INFO 26792 --- [sp01d-resilience] [oundedElastic-3] c.e.spike.core.ResilientChatService      : STREAM_ITEM sessionId=vd1-truncate runId=vd1-truncate#1791293664765 tsOffset=817ms textLen=-1 hasToolCalls=false
2026-10-06T21:34:25.721+08:00 ERROR 26792 --- [sp01d-resilience] [ient-2-Worker-2] o.s.ai.chat.model.MessageAggregator      : Aggregation Error

org.springframework.web.reactive.function.client.WebClientResponseException: 200 OK from POST http://127.0.0.1:18304/v1/chat/completions, but response failed with cause: java.io.IOException: chunked transfer encoding, state: READING_LENGTH
	at org.springframework.web.reactive.function.client.WebClientResponseException.create(WebClientResponseException.java:337) ~[spring-webflux-6.2.18.jar!/:6.2.18]
	at org.springframework.web.reactive.function.client.DefaultClientResponse.lambda$createException$1(DefaultClientResponse.java:214) ~[spring-webflux-6.2.18.jar!/:6.2.18]
	at reactor.core.publisher.FluxMap$MapSubscriber.onNext(FluxMap.java:106) ~[reactor-core-3.7.18.jar!/:3.7.18]
	at reactor.core.publisher.FluxOnErrorReturn$ReturnSubscriber.onError(FluxOnErrorReturn.java:199) ~[reactor-core-3.7.18.jar!/:3.7.18]
	at reactor.core.publisher.FluxDefaultIfEmpty$DefaultIfEmptySubscriber.onError(FluxDefaultIfEmpty.java:156) ~[reactor-core-3.7.18.jar!/:3.7.18]
	at reactor.core.publisher.FluxOnAssembly$OnAssemblySubscriber.onError(FluxOnAssembly.java:544) ~[reactor-core-3.7.18.jar!/:3.7.18]
	at reactor.core.publisher.FluxMapFuseable$MapFuseableSubscriber.onError(FluxMapFuseable.java:142) ~[reactor-core-3.7.18.jar!/:3.7.18]
	at reactor.core.publisher.FluxContextWrite$ContextWriteSubscriber.onError(FluxContextWrite.java:121) ~[reactor-core-3.7.18.jar!/:3.7.18]
	at reactor.core.publisher.FluxMapFuseable$MapFuseableConditionalSubscriber.onError(FluxMapFuseable.java:340) ~[reactor-core-3.7.18.jar!/:3.7.18]
	at reactor.core.publisher.FluxFilterFuseable$FilterFuseableConditionalSubscriber.onError(FluxFilterFuseable.java:382) ~[reactor-core-3.7.18.jar!/:3.7.18]
	at reactor.core.publisher.MonoCollect$CollectSubscriber.onError(MonoCollect.java:135) ~[reactor-core-3.7.18.jar!/:3.7.18]
	at org.springframework.http.client.reactive.AbstractClientHttpResponse$SingleSubscriberPublisher.subscribe(AbstractClientHttpResponse.java:116) ~[spring-web-6.2.18.jar!/:6.2.18]
	at reactor.core.publisher.FluxSource.subscribe(FluxSource.java:71) ~[reactor-core-3.7.18.jar!/:3.7.18]
	at reactor.core.publisher.Mono.subscribe(Mono.java:4576) ~[reactor-core-3.7.18.jar!/:3.7.18]
	at reactor.core.publisher.FluxOnErrorResume$ResumeSubscriber.onError(FluxOnErrorResume.java:103) ~[reactor-core-3.7.18.jar!/:3.7.18]
	at reactor.core.publisher.FluxOnAssembly$OnAssemblySubscriber.onError(FluxOnAssembly.java:544) ~[reactor-core-3.7.18.jar!/:3.7.18]
	at reactor.core.publisher.FluxConcatMapNoPrefetch$FluxConcatMapNoPrefetchSubscriber.maybeOnError(FluxConcatMapNoPrefetch.java:327) ~[reactor-core-3.7.18.jar!/:3.7.18]
	at reactor.core.publisher.FluxConcatMapNoPrefetch$FluxConcatMapNoPrefetchSubscriber.onError(FluxConcatMapNoPrefetch.java:221) ~[reactor-core-3.7.18.jar!/:3.7.18]
	at reactor.core.publisher.FluxBufferPredicate$BufferPredicateSubscriber.onError(FluxBufferPredicate.java:346) ~[reactor-core-3.7.18.jar!/:3.7.18]
	at reactor.core.publisher.FluxPeekFuseable$PeekFuseableConditionalSubscriber.onError(FluxPeekFuseable.java:553) ~[reactor-core-3.7.18.jar!/:3.7.18]
	at reactor.core.publisher.FluxMapFuseable$MapFuseableConditionalSubscriber.onError(FluxMapFuseable.java:340) ~[reactor-core-3.7.18.jar!/:3.7.18]
	at reactor.core.publisher.FluxContextWrite$ContextWriteSubscriber.onError(FluxContextWrite.java:121) ~[reactor-core-3.7.18.jar!/:3.7.18]
	at reactor.core.publisher.FluxDoFinally$DoFinallySubscriber.onError(FluxDoFinally.java:119) ~[reactor-core-3.7.18.jar!/:3.7.18]
	at reactor.core.publisher.FluxConcatArray$ConcatArraySubscriber.onError(FluxConcatArray.java:186) ~[reactor-core-3.7.18.jar!/:3.7.18]
	at reactor.core.publisher.FluxFlattenIterable$FlattenIterableSubscriber.drainAsync(FluxFlattenIterable.java:351) ~[reactor-core-3.7.18.jar!/:3.7.18]
	at reactor.core.publisher.FluxFlattenIterable$FlattenIterableSubscriber.drain(FluxFlattenIterable.java:724) ~[reactor-core-3.7.18.jar!/:3.7.18]
	at reactor.core.publisher.FluxFlattenIterable$FlattenIterableSubscriber.onError(FluxFlattenIterable.java:263) ~[reactor-core-3.7.18.jar!/:3.7.18]
	at reactor.core.publisher.FluxPublish$PublishSubscriber.checkTerminated(FluxPublish.java:625) ~[reactor-core-3.7.18.jar!/:3.7.18]
	at reactor.core.publisher.FluxPublish$PublishSubscriber.drain(FluxPublish.java:494) ~[reactor-core-3.7.18.jar!/:3.7.18]
	at reactor.core.publisher.FluxPublish$PublishSubscriber.onError(FluxPublish.java:336) ~[reactor-core-3.7.18.jar!/:3.7.18]
	at reactor.core.publisher.FluxContextWrite$ContextWriteSubscriber.onError(FluxContextWrite.java:121) ~[reactor-core-3.7.18.jar!/:3.7.18]
	at reactor.core.publisher.FluxMapFuseable$MapFuseableConditionalSubscriber.onError(FluxMapFuseable.java:340) ~[reactor-core-3.7.18.jar!/:3.7.18]
	at reactor.core.publisher.FluxFlattenIterable$FlattenIterableSubscriber.drainAsync(FluxFlattenIterable.java:351) ~[reactor-core-3.7.18.jar!/:3.7.18]
	at reactor.core.publisher.FluxFlattenIterable$FlattenIterableSubscriber.drain(FluxFlattenIterable.java:724) ~[reactor-core-3.7.18.jar!/:3.7.18]
	at reactor.core.publisher.FluxFlattenIterable$FlattenIterableSubscriber.onError(FluxFlattenIterable.java:263) ~[reactor-core-3.7.18.jar!/:3.7.18]
	at reactor.adapter.JdkFlowAdapter$SubscriberToRS.onError(JdkFlowAdapter.java:155) ~[reactor-core-3.7.18.jar!/:3.7.18]
	at java.net.http/jdk.internal.net.http.ResponseSubscribers$PublishingBodySubscriber.complete(ResponseSubscribers.java:960) ~[java.net.http:na]
	at java.net.http/jdk.internal.net.http.ResponseSubscribers$PublishingBodySubscriber.lambda$new$1(ResponseSubscribers.java:886) ~[java.net.http:na]
	at java.base/java.util.concurrent.CompletableFuture.uniAcceptNow(CompletableFuture.java:757) ~[na:na]
	at java.base/java.util.concurrent.CompletableFuture.uniAcceptStage(CompletableFuture.java:735) ~[na:na]
	at java.base/java.util.concurrent.CompletableFuture.thenAccept(CompletableFuture.java:2214) ~[na:na]
	at java.net.http/jdk.internal.net.http.ResponseSubscribers$PublishingBodySubscriber.lambda$new$2(ResponseSubscribers.java:886) ~[java.net.http:na]
	at java.base/java.util.concurrent.CompletableFuture.uniWhenComplete(CompletableFuture.java:863) ~[na:na]
	at java.base/java.util.concurrent.CompletableFuture$UniWhenComplete.tryFire(CompletableFuture.java:841) ~[na:na]
	at java.base/java.util.concurrent.CompletableFuture.postComplete(CompletableFuture.java:510) ~[na:na]
	at java.base/java.util.concurrent.CompletableFuture.completeExceptionally(CompletableFuture.java:2194) ~[na:na]
	at java.net.http/jdk.internal.net.http.ResponseSubscribers$PublishingBodySubscriber.signalError(ResponseSubscribers.java:968) ~[java.net.http:na]
	at java.net.http/jdk.internal.net.http.ResponseSubscribers$PublishingBodySubscriber.onError(ResponseSubscribers.java:1044) ~[java.net.http:na]
	at java.net.http/jdk.internal.net.http.common.HttpBodySubscriberWrapper.propagateError(HttpBodySubscriberWrapper.java:171) ~[java.net.http:na]
	at java.net.http/jdk.internal.net.http.common.HttpBodySubscriberWrapper.complete(HttpBodySubscriberWrapper.java:310) ~[java.net.http:na]
	at java.net.http/jdk.internal.net.http.common.HttpBodySubscriberWrapper.onError(HttpBodySubscriberWrapper.java:396) ~[java.net.http:na]
	at java.net.http/jdk.internal.net.http.Http1Response.lambda$readBody$1(Http1Response.java:347) ~[java.net.http:na]
	at java.net.http/jdk.internal.net.http.ResponseContent$ChunkedBodyParser.onError(ResponseContent.java:185) ~[java.net.http:na]
	at java.net.http/jdk.internal.net.http.Http1Response$BodyReader.onReadError(Http1Response.java:677) ~[java.net.http:na]
	at java.net.http/jdk.internal.net.http.Http1AsyncReceiver.checkForErrors(Http1AsyncReceiver.java:302) ~[java.net.http:na]
	at java.net.http/jdk.internal.net.http.Http1AsyncReceiver.flush(Http1AsyncReceiver.java:268) ~[java.net.http:na]
	at java.net.http/jdk.internal.net.http.common.SequentialScheduler$LockingRestartableTask.run(SequentialScheduler.java:182) ~[java.net.http:na]
	at java.net.http/jdk.internal.net.http.common.SequentialScheduler$CompleteRestartableTask.run(SequentialScheduler.java:149) ~[java.net.http:na]
	at java.net.http/jdk.internal.net.http.common.SequentialScheduler$SchedulableTask.run(SequentialScheduler.java:207) ~[java.net.http:na]
	at java.base/java.util.concurrent.ThreadPoolExecutor.runWorker(ThreadPoolExecutor.java:1144) ~[na:na]
	at java.base/java.util.concurrent.ThreadPoolExecutor$Worker.run(ThreadPoolExecutor.java:642) ~[na:na]
	at java.base/java.lang.Thread.run(Thread.java:1583) ~[na:na]
Caused by: java.io.IOException: chunked transfer encoding, state: READING_LENGTH
	at java.net.http/jdk.internal.net.http.common.Utils.wrapWithExtraDetail(Utils.java:415) ~[java.net.http:na]
	Suppressed: The stacktrace has been enhanced by Reactor, refer to additional information below: 
Error has been observed at the following site(s):
	*__checkpoint ⇢ Body from POST http://127.0.0.1:18304/v1/chat/completions [DefaultClientResponse]
Original Stack Trace:
		at java.net.http/jdk.internal.net.http.common.Utils.wrapWithExtraDetail(Utils.java:415) ~[java.net.http:na]
		at java.net.http/jdk.internal.net.http.Http1Response$BodyReader.onReadError(Http1Response.java:676) ~[java.net.http:na]
		at java.net.http/jdk.internal.net.http.Http1AsyncReceiver.checkForErrors(Http1AsyncReceiver.java:302) ~[java.net.http:na]
		at java.net.http/jdk.internal.net.http.Http1AsyncReceiver.flush(Http1AsyncReceiver.java:268) ~[java.net.http:na]
		at java.net.http/jdk.internal.net.http.common.SequentialScheduler$LockingRestartableTask.run(SequentialScheduler.java:182) ~[java.net.http:na]
		at java.net.http/jdk.internal.net.http.common.SequentialScheduler$CompleteRestartableTask.run(SequentialScheduler.java:149) ~[java.net.http:na]
		at java.net.http/jdk.internal.net.http.common.SequentialScheduler$SchedulableTask.run(SequentialScheduler.java:207) ~[java.net.http:na]
		at java.base/java.util.concurrent.ThreadPoolExecutor.runWorker(ThreadPoolExecutor.java:1144) ~[na:na]
		at java.base/java.util.concurrent.ThreadPoolExecutor$Worker.run(ThreadPoolExecutor.java:642) ~[na:na]
		at java.base/java.lang.Thread.run(Thread.java:1583) ~[na:na]
Caused by: java.io.EOFException: EOF reached while reading
	at java.net.http/jdk.internal.net.http.Http1AsyncReceiver$Http1TubeSubscriber.onComplete(Http1AsyncReceiver.java:601) ~[java.net.http:na]
	at java.net.http/jdk.internal.net.http.SocketTube$InternalReadPublisher$ReadSubscription.signalCompletion(SocketTube.java:648) ~[java.net.http:na]
	at java.net.http/jdk.internal.net.http.SocketTube$InternalReadPublisher$InternalReadSubscription.read(SocketTube.java:853) ~[java.net.http:na]
	at java.net.http/jdk.internal.net.http.SocketTube$SocketFlowTask.run(SocketTube.java:181) ~[java.net.http:na]
	at java.net.http/jdk.internal.net.http.common.SequentialScheduler$SchedulableTask.run(SequentialScheduler.java:207) ~[java.net.http:na]
	at java.net.http/jdk.internal.net.http.common.SequentialScheduler.runOrSchedule(SequentialScheduler.java:280) ~[java.net.http:na]
	at java.net.http/jdk.internal.net.http.common.SequentialScheduler.runOrSchedule(SequentialScheduler.java:233) ~[java.net.http:na]
	at java.net.http/jdk.internal.net.http.SocketTube$InternalReadPublisher$InternalReadSubscription.signalReadable(SocketTube.java:782) ~[java.net.http:na]
	at java.net.http/jdk.internal.net.http.SocketTube$InternalReadPublisher$ReadEvent.signalEvent(SocketTube.java:965) ~[java.net.http:na]
	at java.net.http/jdk.internal.net.http.SocketTube$SocketFlowEvent.handle(SocketTube.java:253) ~[java.net.http:na]
	at java.net.http/jdk.internal.net.http.HttpClientImpl$SelectorManager.handleEvent(HttpClientImpl.java:1477) ~[java.net.http:na]
	at java.net.http/jdk.internal.net.http.HttpClientImpl$SelectorManager.lambda$run$3(HttpClientImpl.java:1422) ~[java.net.http:na]
	at java.base/java.util.ArrayList.forEach(ArrayList.java:1596) ~[na:na]
	at java.net.http/jdk.internal.net.http.HttpClientImpl$SelectorManager.run(HttpClientImpl.java:1422) ~[java.net.http:na]

2026-10-06T21:34:25.726+08:00 ERROR 26792 --- [sp01d-resilience] [oundedElastic-3] o.s.ai.chat.model.MessageAggregator      : Aggregation Error

org.springframework.web.reactive.function.client.WebClientResponseException: 200 OK from POST http://127.0.0.1:18304/v1/chat/completions, but response failed with cause: java.io.IOException: chunked transfer encoding, state: READING_LENGTH
	at org.springframework.web.reactive.function.client.WebClientResponseException.create(WebClientResponseException.java:337) ~[spring-webflux-6.2.18.jar!/:6.2.18]
	at org.springframework.web.reactive.function.client.DefaultClientResponse.lambda$createException$1(DefaultClientResponse.java:214) ~[spring-webflux-6.2.18.jar!/:6.2.18]
	at reactor.core.publisher.FluxMap$MapSubscriber.onNext(FluxMap.java:106) ~[reactor-core-3.7.18.jar!/:3.7.18]
	at reactor.core.publisher.FluxOnErrorReturn$ReturnSubscriber.onError(FluxOnErrorReturn.java:199) ~[reactor-core-3.7.18.jar!/:3.7.18]
	at reactor.core.publisher.FluxDefaultIfEmpty$DefaultIfEmptySubscriber.onError(FluxDefaultIfEmpty.java:156) ~[reactor-core-3.7.18.jar!/:3.7.18]
	at reactor.core.publisher.FluxOnAssembly$OnAssemblySubscriber.onError(FluxOnAssembly.java:544) ~[reactor-core-3.7.18.jar!/:3.7.18]
	at reactor.core.publisher.FluxMapFuseable$MapFuseableSubscriber.onError(FluxMapFuseable.java:142) ~[reactor-core-3.7.18.jar!/:3.7.18]
	at reactor.core.publisher.FluxContextWrite$ContextWriteSubscriber.onError(FluxContextWrite.java:121) ~[reactor-core-3.7.18.jar!/:3.7.18]
	at reactor.core.publisher.FluxMapFuseable$MapFuseableConditionalSubscriber.onError(FluxMapFuseable.java:340) ~[reactor-core-3.7.18.jar!/:3.7.18]
	at reactor.core.publisher.FluxFilterFuseable$FilterFuseableConditionalSubscriber.onError(FluxFilterFuseable.java:382) ~[reactor-core-3.7.18.jar!/:3.7.18]
	at reactor.core.publisher.MonoCollect$CollectSubscriber.onError(MonoCollect.java:135) ~[reactor-core-3.7.18.jar!/:3.7.18]
	at org.springframework.http.client.reactive.AbstractClientHttpResponse$SingleSubscriberPublisher.subscribe(AbstractClientHttpResponse.java:116) ~[spring-web-6.2.18.jar!/:6.2.18]
	at reactor.core.publisher.FluxSource.subscribe(FluxSource.java:71) ~[reactor-core-3.7.18.jar!/:3.7.18]
	at reactor.core.publisher.Mono.subscribe(Mono.java:4576) ~[reactor-core-3.7.18.jar!/:3.7.18]
	at reactor.core.publisher.FluxOnErrorResume$ResumeSubscriber.onError(FluxOnErrorResume.java:103) ~[reactor-core-3.7.18.jar!/:3.7.18]
	at reactor.core.publisher.FluxOnAssembly$OnAssemblySubscriber.onError(FluxOnAssembly.java:544) ~[reactor-core-3.7.18.jar!/:3.7.18]
	at reactor.core.publisher.FluxConcatMapNoPrefetch$FluxConcatMapNoPrefetchSubscriber.maybeOnError(FluxConcatMapNoPrefetch.java:327) ~[reactor-core-3.7.18.jar!/:3.7.18]
	at reactor.core.publisher.FluxConcatMapNoPrefetch$FluxConcatMapNoPrefetchSubscriber.onError(FluxConcatMapNoPrefetch.java:221) ~[reactor-core-3.7.18.jar!/:3.7.18]
	at reactor.core.publisher.FluxBufferPredicate$BufferPredicateSubscriber.onError(FluxBufferPredicate.java:346) ~[reactor-core-3.7.18.jar!/:3.7.18]
	at reactor.core.publisher.FluxPeekFuseable$PeekFuseableConditionalSubscriber.onError(FluxPeekFuseable.java:553) ~[reactor-core-3.7.18.jar!/:3.7.18]
	at reactor.core.publisher.FluxMapFuseable$MapFuseableConditionalSubscriber.onError(FluxMapFuseable.java:340) ~[reactor-core-3.7.18.jar!/:3.7.18]
	at reactor.core.publisher.FluxContextWrite$ContextWriteSubscriber.onError(FluxContextWrite.java:121) ~[reactor-core-3.7.18.jar!/:3.7.18]
	at reactor.core.publisher.FluxDoFinally$DoFinallySubscriber.onError(FluxDoFinally.java:119) ~[reactor-core-3.7.18.jar!/:3.7.18]
	at reactor.core.publisher.FluxConcatArray$ConcatArraySubscriber.onError(FluxConcatArray.java:186) ~[reactor-core-3.7.18.jar!/:3.7.18]
	at reactor.core.publisher.FluxFlattenIterable$FlattenIterableSubscriber.drainAsync(FluxFlattenIterable.java:351) ~[reactor-core-3.7.18.jar!/:3.7.18]
	at reactor.core.publisher.FluxFlattenIterable$FlattenIterableSubscriber.drain(FluxFlattenIterable.java:724) ~[reactor-core-3.7.18.jar!/:3.7.18]
	at reactor.core.publisher.FluxFlattenIterable$FlattenIterableSubscriber.onError(FluxFlattenIterable.java:263) ~[reactor-core-3.7.18.jar!/:3.7.18]
	at reactor.core.publisher.FluxPublish$PublishSubscriber.checkTerminated(FluxPublish.java:625) ~[reactor-core-3.7.18.jar!/:3.7.18]
	at reactor.core.publisher.FluxPublish$PublishSubscriber.drain(FluxPublish.java:494) ~[reactor-core-3.7.18.jar!/:3.7.18]
	at reactor.core.publisher.FluxPublish$PublishSubscriber.onError(FluxPublish.java:336) ~[reactor-core-3.7.18.jar!/:3.7.18]
	at reactor.core.publisher.FluxContextWrite$ContextWriteSubscriber.onError(FluxContextWrite.java:121) ~[reactor-core-3.7.18.jar!/:3.7.18]
	at reactor.core.publisher.FluxMapFuseable$MapFuseableConditionalSubscriber.onError(FluxMapFuseable.java:340) ~[reactor-core-3.7.18.jar!/:3.7.18]
	at reactor.core.publisher.FluxFlattenIterable$FlattenIterableSubscriber.drainAsync(FluxFlattenIterable.java:351) ~[reactor-core-3.7.18.jar!/:3.7.18]
	at reactor.core.publisher.FluxFlattenIterable$FlattenIterableSubscriber.drain(FluxFlattenIterable.java:724) ~[reactor-core-3.7.18.jar!/:3.7.18]
	at reactor.core.publisher.FluxFlattenIterable$FlattenIterableSubscriber.onError(FluxFlattenIterable.java:263) ~[reactor-core-3.7.18.jar!/:3.7.18]
	at reactor.adapter.JdkFlowAdapter$SubscriberToRS.onError(JdkFlowAdapter.java:155) ~[reactor-core-3.7.18.jar!/:3.7.18]
	at java.net.http/jdk.internal.net.http.ResponseSubscribers$PublishingBodySubscriber.complete(ResponseSubscribers.java:960) ~[java.net.http:na]
	at java.net.http/jdk.internal.net.http.ResponseSubscribers$PublishingBodySubscriber.lambda$new$1(ResponseSubscribers.java:886) ~[java.net.http:na]
	at java.base/java.util.concurrent.CompletableFuture.uniAcceptNow(CompletableFuture.java:757) ~[na:na]
	at java.base/java.util.concurrent.CompletableFuture.uniAcceptStage(CompletableFuture.java:735) ~[na:na]
	at java.base/java.util.concurrent.CompletableFuture.thenAccept(CompletableFuture.java:2214) ~[na:na]
	at java.net.http/jdk.internal.net.http.ResponseSubscribers$PublishingBodySubscriber.lambda$new$2(ResponseSubscribers.java:886) ~[java.net.http:na]
	at java.base/java.util.concurrent.CompletableFuture.uniWhenComplete(CompletableFuture.java:863) ~[na:na]
	at java.base/java.util.concurrent.CompletableFuture$UniWhenComplete.tryFire(CompletableFuture.java:841) ~[na:na]
	at java.base/java.util.concurrent.CompletableFuture.postComplete(CompletableFuture.java:510) ~[na:na]
	at java.base/java.util.concurrent.CompletableFuture.completeExceptionally(CompletableFuture.java:2194) ~[na:na]
	at java.net.http/jdk.internal.net.http.ResponseSubscribers$PublishingBodySubscriber.signalError(ResponseSubscribers.java:968) ~[java.net.http:na]
	at java.net.http/jdk.internal.net.http.ResponseSubscribers$PublishingBodySubscriber.onError(ResponseSubscribers.java:1044) ~[java.net.http:na]
	at java.net.http/jdk.internal.net.http.common.HttpBodySubscriberWrapper.propagateError(HttpBodySubscriberWrapper.java:171) ~[java.net.http:na]
	at java.net.http/jdk.internal.net.http.common.HttpBodySubscriberWrapper.complete(HttpBodySubscriberWrapper.java:310) ~[java.net.http:na]
	at java.net.http/jdk.internal.net.http.common.HttpBodySubscriberWrapper.onError(HttpBodySubscriberWrapper.java:396) ~[java.net.http:na]
	at java.net.http/jdk.internal.net.http.Http1Response.lambda$readBody$1(Http1Response.java:347) ~[java.net.http:na]
	at java.net.http/jdk.internal.net.http.ResponseContent$ChunkedBodyParser.onError(ResponseContent.java:185) ~[java.net.http:na]
	at java.net.http/jdk.internal.net.http.Http1Response$BodyReader.onReadError(Http1Response.java:677) ~[java.net.http:na]
	at java.net.http/jdk.internal.net.http.Http1AsyncReceiver.checkForErrors(Http1AsyncReceiver.java:302) ~[java.net.http:na]
	at java.net.http/jdk.internal.net.http.Http1AsyncReceiver.flush(Http1AsyncReceiver.java:268) ~[java.net.http:na]
	at java.net.http/jdk.internal.net.http.common.SequentialScheduler$LockingRestartableTask.run(SequentialScheduler.java:182) ~[java.net.http:na]
	at java.net.http/jdk.internal.net.http.common.SequentialScheduler$CompleteRestartableTask.run(SequentialScheduler.java:149) ~[java.net.http:na]
	at java.net.http/jdk.internal.net.http.common.SequentialScheduler$SchedulableTask.run(SequentialScheduler.java:207) ~[java.net.http:na]
	at java.base/java.util.concurrent.ThreadPoolExecutor.runWorker(ThreadPoolExecutor.java:1144) ~[na:na]
	at java.base/java.util.concurrent.ThreadPoolExecutor$Worker.run(ThreadPoolExecutor.java:642) ~[na:na]
	at java.base/java.lang.Thread.run(Thread.java:1583) ~[na:na]
Caused by: java.io.IOException: chunked transfer encoding, state: READING_LENGTH
	at java.net.http/jdk.internal.net.http.common.Utils.wrapWithExtraDetail(Utils.java:415) ~[java.net.http:na]
	Suppressed: The stacktrace has been enhanced by Reactor, refer to additional information below: 
Error has been observed at the following site(s):
	*__checkpoint ⇢ Body from POST http://127.0.0.1:18304/v1/chat/completions [DefaultClientResponse]
Original Stack Trace:
		at java.net.http/jdk.internal.net.http.common.Utils.wrapWithExtraDetail(Utils.java:415) ~[java.net.http:na]
		at java.net.http/jdk.internal.net.http.Http1Response$BodyReader.onReadError(Http1Response.java:676) ~[java.net.http:na]
		at java.net.http/jdk.internal.net.http.Http1AsyncReceiver.checkForErrors(Http1AsyncReceiver.java:302) ~[java.net.http:na]
		at java.net.http/jdk.internal.net.http.Http1AsyncReceiver.flush(Http1AsyncReceiver.java:268) ~[java.net.http:na]
		at java.net.http/jdk.internal.net.http.common.SequentialScheduler$LockingRestartableTask.run(SequentialScheduler.java:182) ~[java.net.http:na]
		at java.net.http/jdk.internal.net.http.common.SequentialScheduler$CompleteRestartableTask.run(SequentialScheduler.java:149) ~[java.net.http:na]
		at java.net.http/jdk.internal.net.http.common.SequentialScheduler$SchedulableTask.run(SequentialScheduler.java:207) ~[java.net.http:na]
		at java.base/java.util.concurrent.ThreadPoolExecutor.runWorker(ThreadPoolExecutor.java:1144) ~[na:na]
		at java.base/java.util.concurrent.ThreadPoolExecutor$Worker.run(ThreadPoolExecutor.java:642) ~[na:na]
		at java.base/java.lang.Thread.run(Thread.java:1583) ~[na:na]
Caused by: java.io.EOFException: EOF reached while reading
	at java.net.http/jdk.internal.net.http.Http1AsyncReceiver$Http1TubeSubscriber.onComplete(Http1AsyncReceiver.java:601) ~[java.net.http:na]
	at java.net.http/jdk.internal.net.http.SocketTube$InternalReadPublisher$ReadSubscription.signalCompletion(SocketTube.java:648) ~[java.net.http:na]
	at java.net.http/jdk.internal.net.http.SocketTube$InternalReadPublisher$InternalReadSubscription.read(SocketTube.java:853) ~[java.net.http:na]
	at java.net.http/jdk.internal.net.http.SocketTube$SocketFlowTask.run(SocketTube.java:181) ~[java.net.http:na]
	at java.net.http/jdk.internal.net.http.common.SequentialScheduler$SchedulableTask.run(SequentialScheduler.java:207) ~[java.net.http:na]
	at java.net.http/jdk.internal.net.http.common.SequentialScheduler.runOrSchedule(SequentialScheduler.java:280) ~[java.net.http:na]
	at java.net.http/jdk.internal.net.http.common.SequentialScheduler.runOrSchedule(SequentialScheduler.java:233) ~[java.net.http:na]
	at java.net.http/jdk.internal.net.http.SocketTube$InternalReadPublisher$InternalReadSubscription.signalReadable(SocketTube.java:782) ~[java.net.http:na]
	at java.net.http/jdk.internal.net.http.SocketTube$InternalReadPublisher$ReadEvent.signalEvent(SocketTube.java:965) ~[java.net.http:na]
	at java.net.http/jdk.internal.net.http.SocketTube$SocketFlowEvent.handle(SocketTube.java:253) ~[java.net.http:na]
	at java.net.http/jdk.internal.net.http.HttpClientImpl$SelectorManager.handleEvent(HttpClientImpl.java:1477) ~[java.net.http:na]
	at java.net.http/jdk.internal.net.http.HttpClientImpl$SelectorManager.lambda$run$3(HttpClientImpl.java:1422) ~[java.net.http:na]
	at java.base/java.util.ArrayList.forEach(ArrayList.java:1596) ~[na:na]
	at java.net.http/jdk.internal.net.http.HttpClientImpl$SelectorManager.run(HttpClientImpl.java:1422) ~[java.net.http:na]

2026-10-06T21:34:25.735+08:00 ERROR 26792 --- [sp01d-resilience] [oundedElastic-3] o.s.ai.chat.model.MessageAggregator      : Aggregation Error

org.springframework.web.reactive.function.client.WebClientResponseException: 200 OK from POST http://127.0.0.1:18304/v1/chat/completions, but response failed with cause: java.io.IOException: chunked transfer encoding, state: READING_LENGTH
	at org.springframework.web.reactive.function.client.WebClientResponseException.create(WebClientResponseException.java:337) ~[spring-webflux-6.2.18.jar!/:6.2.18]
	at org.springframework.web.reactive.function.client.DefaultClientResponse.lambda$createException$1(DefaultClientResponse.java:214) ~[spring-webflux-6.2.18.jar!/:6.2.18]
	at reactor.core.publisher.FluxMap$MapSubscriber.onNext(FluxMap.java:106) ~[reactor-core-3.7.18.jar!/:3.7.18]
	at reactor.core.publisher.FluxOnErrorReturn$ReturnSubscriber.onError(FluxOnErrorReturn.java:199) ~[reactor-core-3.7.18.jar!/:3.7.18]
	at reactor.core.publisher.FluxDefaultIfEmpty$DefaultIfEmptySubscriber.onError(FluxDefaultIfEmpty.java:156) ~[reactor-core-3.7.18.jar!/:3.7.18]
	at reactor.core.publisher.FluxOnAssembly$OnAssemblySubscriber.onError(FluxOnAssembly.java:544) ~[reactor-core-3.7.18.jar!/:3.7.18]
	at reactor.core.publisher.FluxMapFuseable$MapFuseableSubscriber.onError(FluxMapFuseable.java:142) ~[reactor-core-3.7.18.jar!/:3.7.18]
	at reactor.core.publisher.FluxContextWrite$ContextWriteSubscriber.onError(FluxContextWrite.java:121) ~[reactor-core-3.7.18.jar!/:3.7.18]
	at reactor.core.publisher.FluxMapFuseable$MapFuseableConditionalSubscriber.onError(FluxMapFuseable.java:340) ~[reactor-core-3.7.18.jar!/:3.7.18]
	at reactor.core.publisher.FluxFilterFuseable$FilterFuseableConditionalSubscriber.onError(FluxFilterFuseable.java:382) ~[reactor-core-3.7.18.jar!/:3.7.18]
	at reactor.core.publisher.MonoCollect$CollectSubscriber.onError(MonoCollect.java:135) ~[reactor-core-3.7.18.jar!/:3.7.18]
	at org.springframework.http.client.reactive.AbstractClientHttpResponse$SingleSubscriberPublisher.subscribe(AbstractClientHttpResponse.java:116) ~[spring-web-6.2.18.jar!/:6.2.18]
	at reactor.core.publisher.FluxSource.subscribe(FluxSource.java:71) ~[reactor-core-3.7.18.jar!/:3.7.18]
	at reactor.core.publisher.Mono.subscribe(Mono.java:4576) ~[reactor-core-3.7.18.jar!/:3.7.18]
	at reactor.core.publisher.FluxOnErrorResume$ResumeSubscriber.onError(FluxOnErrorResume.java:103) ~[reactor-core-3.7.18.jar!/:3.7.18]
	at reactor.core.publisher.FluxOnAssembly$OnAssemblySubscriber.onError(FluxOnAssembly.java:544) ~[reactor-core-3.7.18.jar!/:3.7.18]
	at reactor.core.publisher.FluxConcatMapNoPrefetch$FluxConcatMapNoPrefetchSubscriber.maybeOnError(FluxConcatMapNoPrefetch.java:327) ~[reactor-core-3.7.18.jar!/:3.7.18]
	at reactor.core.publisher.FluxConcatMapNoPrefetch$FluxConcatMapNoPrefetchSubscriber.onError(FluxConcatMapNoPrefetch.java:221) ~[reactor-core-3.7.18.jar!/:3.7.18]
	at reactor.core.publisher.FluxBufferPredicate$BufferPredicateSubscriber.onError(FluxBufferPredicate.java:346) ~[reactor-core-3.7.18.jar!/:3.7.18]
	at reactor.core.publisher.FluxPeekFuseable$PeekFuseableConditionalSubscriber.onError(FluxPeekFuseable.java:553) ~[reactor-core-3.7.18.jar!/:3.7.18]
	at reactor.core.publisher.FluxMapFuseable$MapFuseableConditionalSubscriber.onError(FluxMapFuseable.java:340) ~[reactor-core-3.7.18.jar!/:3.7.18]
	at reactor.core.publisher.FluxContextWrite$ContextWriteSubscriber.onError(FluxContextWrite.java:121) ~[reactor-core-3.7.18.jar!/:3.7.18]
	at reactor.core.publisher.FluxDoFinally$DoFinallySubscriber.onError(FluxDoFinally.java:119) ~[reactor-core-3.7.18.jar!/:3.7.18]
	at reactor.core.publisher.FluxConcatArray$ConcatArraySubscriber.onError(FluxConcatArray.java:186) ~[reactor-core-3.7.18.jar!/:3.7.18]
	at reactor.core.publisher.FluxFlattenIterable$FlattenIterableSubscriber.drainAsync(FluxFlattenIterable.java:351) ~[reactor-core-3.7.18.jar!/:3.7.18]
	at reactor.core.publisher.FluxFlattenIterable$FlattenIterableSubscriber.drain(FluxFlattenIterable.java:724) ~[reactor-core-3.7.18.jar!/:3.7.18]
	at reactor.core.publisher.FluxFlattenIterable$FlattenIterableSubscriber.onError(FluxFlattenIterable.java:263) ~[reactor-core-3.7.18.jar!/:3.7.18]
	at reactor.core.publisher.FluxPublish$PublishSubscriber.checkTerminated(FluxPublish.java:625) ~[reactor-core-3.7.18.jar!/:3.7.18]
	at reactor.core.publisher.FluxPublish$PublishSubscriber.drain(FluxPublish.java:494) ~[reactor-core-3.7.18.jar!/:3.7.18]
	at reactor.core.publisher.FluxPublish$PublishSubscriber.onError(FluxPublish.java:336) ~[reactor-core-3.7.18.jar!/:3.7.18]
	at reactor.core.publisher.FluxContextWrite$ContextWriteSubscriber.onError(FluxContextWrite.java:121) ~[reactor-core-3.7.18.jar!/:3.7.18]
	at reactor.core.publisher.FluxMapFuseable$MapFuseableConditionalSubscriber.onError(FluxMapFuseable.java:340) ~[reactor-core-3.7.18.jar!/:3.7.18]
	at reactor.core.publisher.FluxFlattenIterable$FlattenIterableSubscriber.drainAsync(FluxFlattenIterable.java:351) ~[reactor-core-3.7.18.jar!/:3.7.18]
	at reactor.core.publisher.FluxFlattenIterable$FlattenIterableSubscriber.drain(FluxFlattenIterable.java:724) ~[reactor-core-3.7.18.jar!/:3.7.18]
	at reactor.core.publisher.FluxFlattenIterable$FlattenIterableSubscriber.onError(FluxFlattenIterable.java:263) ~[reactor-core-3.7.18.jar!/:3.7.18]
	at reactor.adapter.JdkFlowAdapter$SubscriberToRS.onError(JdkFlowAdapter.java:155) ~[reactor-core-3.7.18.jar!/:3.7.18]
	at java.net.http/jdk.internal.net.http.ResponseSubscribers$PublishingBodySubscriber.complete(ResponseSubscribers.java:960) ~[java.net.http:na]
	at java.net.http/jdk.internal.net.http.ResponseSubscribers$PublishingBodySubscriber.lambda$new$1(ResponseSubscribers.java:886) ~[java.net.http:na]
	at java.base/java.util.concurrent.CompletableFuture.uniAcceptNow(CompletableFuture.java:757) ~[na:na]
	at java.base/java.util.concurrent.CompletableFuture.uniAcceptStage(CompletableFuture.java:735) ~[na:na]
	at java.base/java.util.concurrent.CompletableFuture.thenAccept(CompletableFuture.java:2214) ~[na:na]
	at java.net.http/jdk.internal.net.http.ResponseSubscribers$PublishingBodySubscriber.lambda$new$2(ResponseSubscribers.java:886) ~[java.net.http:na]
	at java.base/java.util.concurrent.CompletableFuture.uniWhenComplete(CompletableFuture.java:863) ~[na:na]
	at java.base/java.util.concurrent.CompletableFuture$UniWhenComplete.tryFire(CompletableFuture.java:841) ~[na:na]
	at java.base/java.util.concurrent.CompletableFuture.postComplete(CompletableFuture.java:510) ~[na:na]
	at java.base/java.util.concurrent.CompletableFuture.completeExceptionally(CompletableFuture.java:2194) ~[na:na]
	at java.net.http/jdk.internal.net.http.ResponseSubscribers$PublishingBodySubscriber.signalError(ResponseSubscribers.java:968) ~[java.net.http:na]
	at java.net.http/jdk.internal.net.http.ResponseSubscribers$PublishingBodySubscriber.onError(ResponseSubscribers.java:1044) ~[java.net.http:na]
	at java.net.http/jdk.internal.net.http.common.HttpBodySubscriberWrapper.propagateError(HttpBodySubscriberWrapper.java:171) ~[java.net.http:na]
	at java.net.http/jdk.internal.net.http.common.HttpBodySubscriberWrapper.complete(HttpBodySubscriberWrapper.java:310) ~[java.net.http:na]
	at java.net.http/jdk.internal.net.http.common.HttpBodySubscriberWrapper.onError(HttpBodySubscriberWrapper.java:396) ~[java.net.http:na]
	at java.net.http/jdk.internal.net.http.Http1Response.lambda$readBody$1(Http1Response.java:347) ~[java.net.http:na]
	at java.net.http/jdk.internal.net.http.ResponseContent$ChunkedBodyParser.onError(ResponseContent.java:185) ~[java.net.http:na]
	at java.net.http/jdk.internal.net.http.Http1Response$BodyReader.onReadError(Http1Response.java:677) ~[java.net.http:na]
	at java.net.http/jdk.internal.net.http.Http1AsyncReceiver.checkForErrors(Http1AsyncReceiver.java:302) ~[java.net.http:na]
	at java.net.http/jdk.internal.net.http.Http1AsyncReceiver.flush(Http1AsyncReceiver.java:268) ~[java.net.http:na]
	at java.net.http/jdk.internal.net.http.common.SequentialScheduler$LockingRestartableTask.run(SequentialScheduler.java:182) ~[java.net.http:na]
	at java.net.http/jdk.internal.net.http.common.SequentialScheduler$CompleteRestartableTask.run(SequentialScheduler.java:149) ~[java.net.http:na]
	at java.net.http/jdk.internal.net.http.common.SequentialScheduler$SchedulableTask.run(SequentialScheduler.java:207) ~[java.net.http:na]
	at java.base/java.util.concurrent.ThreadPoolExecutor.runWorker(ThreadPoolExecutor.java:1144) ~[na:na]
	at java.base/java.util.concurrent.ThreadPoolExecutor$Worker.run(ThreadPoolExecutor.java:642) ~[na:na]
	at java.base/java.lang.Thread.run(Thread.java:1583) ~[na:na]
Caused by: java.io.IOException: chunked transfer encoding, state: READING_LENGTH
	at java.net.http/jdk.internal.net.http.common.Utils.wrapWithExtraDetail(Utils.java:415) ~[java.net.http:na]
	Suppressed: The stacktrace has been enhanced by Reactor, refer to additional information below: 
Error has been observed at the following site(s):
	*__checkpoint ⇢ Body from POST http://127.0.0.1:18304/v1/chat/completions [DefaultClientResponse]
Original Stack Trace:
		at java.net.http/jdk.internal.net.http.common.Utils.wrapWithExtraDetail(Utils.java:415) ~[java.net.http:na]
		at java.net.http/jdk.internal.net.http.Http1Response$BodyReader.onReadError(Http1Response.java:676) ~[java.net.http:na]
		at java.net.http/jdk.internal.net.http.Http1AsyncReceiver.checkForErrors(Http1AsyncReceiver.java:302) ~[java.net.http:na]
		at java.net.http/jdk.internal.net.http.Http1AsyncReceiver.flush(Http1AsyncReceiver.java:268) ~[java.net.http:na]
		at java.net.http/jdk.internal.net.http.common.SequentialScheduler$LockingRestartableTask.run(SequentialScheduler.java:182) ~[java.net.http:na]
		at java.net.http/jdk.internal.net.http.common.SequentialScheduler$CompleteRestartableTask.run(SequentialScheduler.java:149) ~[java.net.http:na]
		at java.net.http/jdk.internal.net.http.common.SequentialScheduler$SchedulableTask.run(SequentialScheduler.java:207) ~[java.net.http:na]
		at java.base/java.util.concurrent.ThreadPoolExecutor.runWorker(ThreadPoolExecutor.java:1144) ~[na:na]
		at java.base/java.util.concurrent.ThreadPoolExecutor$Worker.run(ThreadPoolExecutor.java:642) ~[na:na]
		at java.base/java.lang.Thread.run(Thread.java:1583) ~[na:na]
Caused by: java.io.EOFException: EOF reached while reading
	at java.net.http/jdk.internal.net.http.Http1AsyncReceiver$Http1TubeSubscriber.onComplete(Http1AsyncReceiver.java:601) ~[java.net.http:na]
	at java.net.http/jdk.internal.net.http.SocketTube$InternalReadPublisher$ReadSubscription.signalCompletion(SocketTube.java:648) ~[java.net.http:na]
	at java.net.http/jdk.internal.net.http.SocketTube$InternalReadPublisher$InternalReadSubscription.read(SocketTube.java:853) ~[java.net.http:na]
	at java.net.http/jdk.internal.net.http.SocketTube$SocketFlowTask.run(SocketTube.java:181) ~[java.net.http:na]
	at java.net.http/jdk.internal.net.http.common.SequentialScheduler$SchedulableTask.run(SequentialScheduler.java:207) ~[java.net.http:na]
	at java.net.http/jdk.internal.net.http.common.SequentialScheduler.runOrSchedule(SequentialScheduler.java:280) ~[java.net.http:na]
	at java.net.http/jdk.internal.net.http.common.SequentialScheduler.runOrSchedule(SequentialScheduler.java:233) ~[java.net.http:na]
	at java.net.http/jdk.internal.net.http.SocketTube$InternalReadPublisher$InternalReadSubscription.signalReadable(SocketTube.java:782) ~[java.net.http:na]
	at java.net.http/jdk.internal.net.http.SocketTube$InternalReadPublisher$ReadEvent.signalEvent(SocketTube.java:965) ~[java.net.http:na]
	at java.net.http/jdk.internal.net.http.SocketTube$SocketFlowEvent.handle(SocketTube.java:253) ~[java.net.http:na]
	at java.net.http/jdk.internal.net.http.HttpClientImpl$SelectorManager.handleEvent(HttpClientImpl.java:1477) ~[java.net.http:na]
	at java.net.http/jdk.internal.net.http.HttpClientImpl$SelectorManager.lambda$run$3(HttpClientImpl.java:1422) ~[java.net.http:na]
	at java.base/java.util.ArrayList.forEach(ArrayList.java:1596) ~[na:na]
	at java.net.http/jdk.internal.net.http.HttpClientImpl$SelectorManager.run(HttpClientImpl.java:1422) ~[java.net.http:na]

2026-10-06T21:34:25.737+08:00 ERROR 26792 --- [sp01d-resilience] [oundedElastic-3] o.s.ai.chat.model.MessageAggregator      : Aggregation Error

org.springframework.web.reactive.function.client.WebClientResponseException: 200 OK from POST http://127.0.0.1:18304/v1/chat/completions, but response failed with cause: java.io.IOException: chunked transfer encoding, state: READING_LENGTH
	at org.springframework.web.reactive.function.client.WebClientResponseException.create(WebClientResponseException.java:337) ~[spring-webflux-6.2.18.jar!/:6.2.18]
	at org.springframework.web.reactive.function.client.DefaultClientResponse.lambda$createException$1(DefaultClientResponse.java:214) ~[spring-webflux-6.2.18.jar!/:6.2.18]
	at reactor.core.publisher.FluxMap$MapSubscriber.onNext(FluxMap.java:106) ~[reactor-core-3.7.18.jar!/:3.7.18]
	at reactor.core.publisher.FluxOnErrorReturn$ReturnSubscriber.onError(FluxOnErrorReturn.java:199) ~[reactor-core-3.7.18.jar!/:3.7.18]
	at reactor.core.publisher.FluxDefaultIfEmpty$DefaultIfEmptySubscriber.onError(FluxDefaultIfEmpty.java:156) ~[reactor-core-3.7.18.jar!/:3.7.18]
	at reactor.core.publisher.FluxOnAssembly$OnAssemblySubscriber.onError(FluxOnAssembly.java:544) ~[reactor-core-3.7.18.jar!/:3.7.18]
	at reactor.core.publisher.FluxMapFuseable$MapFuseableSubscriber.onError(FluxMapFuseable.java:142) ~[reactor-core-3.7.18.jar!/:3.7.18]
	at reactor.core.publisher.FluxContextWrite$ContextWriteSubscriber.onError(FluxContextWrite.java:121) ~[reactor-core-3.7.18.jar!/:3.7.18]
	at reactor.core.publisher.FluxMapFuseable$MapFuseableConditionalSubscriber.onError(FluxMapFuseable.java:340) ~[reactor-core-3.7.18.jar!/:3.7.18]
	at reactor.core.publisher.FluxFilterFuseable$FilterFuseableConditionalSubscriber.onError(FluxFilterFuseable.java:382) ~[reactor-core-3.7.18.jar!/:3.7.18]
	at reactor.core.publisher.MonoCollect$CollectSubscriber.onError(MonoCollect.java:135) ~[reactor-core-3.7.18.jar!/:3.7.18]
	at org.springframework.http.client.reactive.AbstractClientHttpResponse$SingleSubscriberPublisher.subscribe(AbstractClientHttpResponse.java:116) ~[spring-web-6.2.18.jar!/:6.2.18]
	at reactor.core.publisher.FluxSource.subscribe(FluxSource.java:71) ~[reactor-core-3.7.18.jar!/:3.7.18]
	at reactor.core.publisher.Mono.subscribe(Mono.java:4576) ~[reactor-core-3.7.18.jar!/:3.7.18]
	at reactor.core.publisher.FluxOnErrorResume$ResumeSubscriber.onError(FluxOnErrorResume.java:103) ~[reactor-core-3.7.18.jar!/:3.7.18]
	at reactor.core.publisher.FluxOnAssembly$OnAssemblySubscriber.onError(FluxOnAssembly.java:544) ~[reactor-core-3.7.18.jar!/:3.7.18]
	at reactor.core.publisher.FluxConcatMapNoPrefetch$FluxConcatMapNoPrefetchSubscriber.maybeOnError(FluxConcatMapNoPrefetch.java:327) ~[reactor-core-3.7.18.jar!/:3.7.18]
	at reactor.core.publisher.FluxConcatMapNoPrefetch$FluxConcatMapNoPrefetchSubscriber.onError(FluxConcatMapNoPrefetch.java:221) ~[reactor-core-3.7.18.jar!/:3.7.18]
	at reactor.core.publisher.FluxBufferPredicate$BufferPredicateSubscriber.onError(FluxBufferPredicate.java:346) ~[reactor-core-3.7.18.jar!/:3.7.18]
	at reactor.core.publisher.FluxPeekFuseable$PeekFuseableConditionalSubscriber.onError(FluxPeekFuseable.java:553) ~[reactor-core-3.7.18.jar!/:3.7.18]
	at reactor.core.publisher.FluxMapFuseable$MapFuseableConditionalSubscriber.onError(FluxMapFuseable.java:340) ~[reactor-core-3.7.18.jar!/:3.7.18]
	at reactor.core.publisher.FluxContextWrite$ContextWriteSubscriber.onError(FluxContextWrite.java:121) ~[reactor-core-3.7.18.jar!/:3.7.18]
	at reactor.core.publisher.FluxDoFinally$DoFinallySubscriber.onError(FluxDoFinally.java:119) ~[reactor-core-3.7.18.jar!/:3.7.18]
	at reactor.core.publisher.FluxConcatArray$ConcatArraySubscriber.onError(FluxConcatArray.java:186) ~[reactor-core-3.7.18.jar!/:3.7.18]
	at reactor.core.publisher.FluxFlattenIterable$FlattenIterableSubscriber.drainAsync(FluxFlattenIterable.java:351) ~[reactor-core-3.7.18.jar!/:3.7.18]
	at reactor.core.publisher.FluxFlattenIterable$FlattenIterableSubscriber.drain(FluxFlattenIterable.java:724) ~[reactor-core-3.7.18.jar!/:3.7.18]
	at reactor.core.publisher.FluxFlattenIterable$FlattenIterableSubscriber.onError(FluxFlattenIterable.java:263) ~[reactor-core-3.7.18.jar!/:3.7.18]
	at reactor.core.publisher.FluxPublish$PublishSubscriber.checkTerminated(FluxPublish.java:625) ~[reactor-core-3.7.18.jar!/:3.7.18]
	at reactor.core.publisher.FluxPublish$PublishSubscriber.drain(FluxPublish.java:494) ~[reactor-core-3.7.18.jar!/:3.7.18]
	at reactor.core.publisher.FluxPublish$PublishSubscriber.onError(FluxPublish.java:336) ~[reactor-core-3.7.18.jar!/:3.7.18]
	at reactor.core.publisher.FluxContextWrite$ContextWriteSubscriber.onError(FluxContextWrite.java:121) ~[reactor-core-3.7.18.jar!/:3.7.18]
	at reactor.core.publisher.FluxMapFuseable$MapFuseableConditionalSubscriber.onError(FluxMapFuseable.java:340) ~[reactor-core-3.7.18.jar!/:3.7.18]
	at reactor.core.publisher.FluxFlattenIterable$FlattenIterableSubscriber.drainAsync(FluxFlattenIterable.java:351) ~[reactor-core-3.7.18.jar!/:3.7.18]
	at reactor.core.publisher.FluxFlattenIterable$FlattenIterableSubscriber.drain(FluxFlattenIterable.java:724) ~[reactor-core-3.7.18.jar!/:3.7.18]
	at reactor.core.publisher.FluxFlattenIterable$FlattenIterableSubscriber.onError(FluxFlattenIterable.java:263) ~[reactor-core-3.7.18.jar!/:3.7.18]
	at reactor.adapter.JdkFlowAdapter$SubscriberToRS.onError(JdkFlowAdapter.java:155) ~[reactor-core-3.7.18.jar!/:3.7.18]
	at java.net.http/jdk.internal.net.http.ResponseSubscribers$PublishingBodySubscriber.complete(ResponseSubscribers.java:960) ~[java.net.http:na]
	at java.net.http/jdk.internal.net.http.ResponseSubscribers$PublishingBodySubscriber.lambda$new$1(ResponseSubscribers.java:886) ~[java.net.http:na]
	at java.base/java.util.concurrent.CompletableFuture.uniAcceptNow(CompletableFuture.java:757) ~[na:na]
	at java.base/java.util.concurrent.CompletableFuture.uniAcceptStage(CompletableFuture.java:735) ~[na:na]
	at java.base/java.util.concurrent.CompletableFuture.thenAccept(CompletableFuture.java:2214) ~[na:na]
	at java.net.http/jdk.internal.net.http.ResponseSubscribers$PublishingBodySubscriber.lambda$new$2(ResponseSubscribers.java:886) ~[java.net.http:na]
	at java.base/java.util.concurrent.CompletableFuture.uniWhenComplete(CompletableFuture.java:863) ~[na:na]
	at java.base/java.util.concurrent.CompletableFuture$UniWhenComplete.tryFire(CompletableFuture.java:841) ~[na:na]
	at java.base/java.util.concurrent.CompletableFuture.postComplete(CompletableFuture.java:510) ~[na:na]
	at java.base/java.util.concurrent.CompletableFuture.completeExceptionally(CompletableFuture.java:2194) ~[na:na]
	at java.net.http/jdk.internal.net.http.ResponseSubscribers$PublishingBodySubscriber.signalError(ResponseSubscribers.java:968) ~[java.net.http:na]
	at java.net.http/jdk.internal.net.http.ResponseSubscribers$PublishingBodySubscriber.onError(ResponseSubscribers.java:1044) ~[java.net.http:na]
	at java.net.http/jdk.internal.net.http.common.HttpBodySubscriberWrapper.propagateError(HttpBodySubscriberWrapper.java:171) ~[java.net.http:na]
	at java.net.http/jdk.internal.net.http.common.HttpBodySubscriberWrapper.complete(HttpBodySubscriberWrapper.java:310) ~[java.net.http:na]
	at java.net.http/jdk.internal.net.http.common.HttpBodySubscriberWrapper.onError(HttpBodySubscriberWrapper.java:396) ~[java.net.http:na]
	at java.net.http/jdk.internal.net.http.Http1Response.lambda$readBody$1(Http1Response.java:347) ~[java.net.http:na]
	at java.net.http/jdk.internal.net.http.ResponseContent$ChunkedBodyParser.onError(ResponseContent.java:185) ~[java.net.http:na]
	at java.net.http/jdk.internal.net.http.Http1Response$BodyReader.onReadError(Http1Response.java:677) ~[java.net.http:na]
	at java.net.http/jdk.internal.net.http.Http1AsyncReceiver.checkForErrors(Http1AsyncReceiver.java:302) ~[java.net.http:na]
	at java.net.http/jdk.internal.net.http.Http1AsyncReceiver.flush(Http1AsyncReceiver.java:268) ~[java.net.http:na]
	at java.net.http/jdk.internal.net.http.common.SequentialScheduler$LockingRestartableTask.run(SequentialScheduler.java:182) ~[java.net.http:na]
	at java.net.http/jdk.internal.net.http.common.SequentialScheduler$CompleteRestartableTask.run(SequentialScheduler.java:149) ~[java.net.http:na]
	at java.net.http/jdk.internal.net.http.common.SequentialScheduler$SchedulableTask.run(SequentialScheduler.java:207) ~[java.net.http:na]
	at java.base/java.util.concurrent.ThreadPoolExecutor.runWorker(ThreadPoolExecutor.java:1144) ~[na:na]
	at java.base/java.util.concurrent.ThreadPoolExecutor$Worker.run(ThreadPoolExecutor.java:642) ~[na:na]
	at java.base/java.lang.Thread.run(Thread.java:1583) ~[na:na]
Caused by: java.io.IOException: chunked transfer encoding, state: READING_LENGTH
	at java.net.http/jdk.internal.net.http.common.Utils.wrapWithExtraDetail(Utils.java:415) ~[java.net.http:na]
	Suppressed: The stacktrace has been enhanced by Reactor, refer to additional information below: 
Error has been observed at the following site(s):
	*__checkpoint ⇢ Body from POST http://127.0.0.1:18304/v1/chat/completions [DefaultClientResponse]
Original Stack Trace:
		at java.net.http/jdk.internal.net.http.common.Utils.wrapWithExtraDetail(Utils.java:415) ~[java.net.http:na]
		at java.net.http/jdk.internal.net.http.Http1Response$BodyReader.onReadError(Http1Response.java:676) ~[java.net.http:na]
		at java.net.http/jdk.internal.net.http.Http1AsyncReceiver.checkForErrors(Http1AsyncReceiver.java:302) ~[java.net.http:na]
		at java.net.http/jdk.internal.net.http.Http1AsyncReceiver.flush(Http1AsyncReceiver.java:268) ~[java.net.http:na]
		at java.net.http/jdk.internal.net.http.common.SequentialScheduler$LockingRestartableTask.run(SequentialScheduler.java:182) ~[java.net.http:na]
		at java.net.http/jdk.internal.net.http.common.SequentialScheduler$CompleteRestartableTask.run(SequentialScheduler.java:149) ~[java.net.http:na]
		at java.net.http/jdk.internal.net.http.common.SequentialScheduler$SchedulableTask.run(SequentialScheduler.java:207) ~[java.net.http:na]
		at java.base/java.util.concurrent.ThreadPoolExecutor.runWorker(ThreadPoolExecutor.java:1144) ~[na:na]
		at java.base/java.util.concurrent.ThreadPoolExecutor$Worker.run(ThreadPoolExecutor.java:642) ~[na:na]
		at java.base/java.lang.Thread.run(Thread.java:1583) ~[na:na]
Caused by: java.io.EOFException: EOF reached while reading
	at java.net.http/jdk.internal.net.http.Http1AsyncReceiver$Http1TubeSubscriber.onComplete(Http1AsyncReceiver.java:601) ~[java.net.http:na]
	at java.net.http/jdk.internal.net.http.SocketTube$InternalReadPublisher$ReadSubscription.signalCompletion(SocketTube.java:648) ~[java.net.http:na]
	at java.net.http/jdk.internal.net.http.SocketTube$InternalReadPublisher$InternalReadSubscription.read(SocketTube.java:853) ~[java.net.http:na]
	at java.net.http/jdk.internal.net.http.SocketTube$SocketFlowTask.run(SocketTube.java:181) ~[java.net.http:na]
	at java.net.http/jdk.internal.net.http.common.SequentialScheduler$SchedulableTask.run(SequentialScheduler.java:207) ~[java.net.http:na]
	at java.net.http/jdk.internal.net.http.common.SequentialScheduler.runOrSchedule(SequentialScheduler.java:280) ~[java.net.http:na]
	at java.net.http/jdk.internal.net.http.common.SequentialScheduler.runOrSchedule(SequentialScheduler.java:233) ~[java.net.http:na]
	at java.net.http/jdk.internal.net.http.SocketTube$InternalReadPublisher$InternalReadSubscription.signalReadable(SocketTube.java:782) ~[java.net.http:na]
	at java.net.http/jdk.internal.net.http.SocketTube$InternalReadPublisher$ReadEvent.signalEvent(SocketTube.java:965) ~[java.net.http:na]
	at java.net.http/jdk.internal.net.http.SocketTube$SocketFlowEvent.handle(SocketTube.java:253) ~[java.net.http:na]
	at java.net.http/jdk.internal.net.http.HttpClientImpl$SelectorManager.handleEvent(HttpClientImpl.java:1477) ~[java.net.http:na]
	at java.net.http/jdk.internal.net.http.HttpClientImpl$SelectorManager.lambda$run$3(HttpClientImpl.java:1422) ~[java.net.http:na]
	at java.base/java.util.ArrayList.forEach(ArrayList.java:1596) ~[na:na]
	at java.net.http/jdk.internal.net.http.HttpClientImpl$SelectorManager.run(HttpClientImpl.java:1422) ~[java.net.http:na]

2026-10-06T21:34:25.739+08:00 ERROR 26792 --- [sp01d-resilience] [oundedElastic-3] o.s.ai.chat.model.MessageAggregator      : Aggregation Error

org.springframework.web.reactive.function.client.WebClientResponseException: 200 OK from POST http://127.0.0.1:18304/v1/chat/completions, but response failed with cause: java.io.IOException: chunked transfer encoding, state: READING_LENGTH
	at org.springframework.web.reactive.function.client.WebClientResponseException.create(WebClientResponseException.java:337) ~[spring-webflux-6.2.18.jar!/:6.2.18]
	at org.springframework.web.reactive.function.client.DefaultClientResponse.lambda$createException$1(DefaultClientResponse.java:214) ~[spring-webflux-6.2.18.jar!/:6.2.18]
	at reactor.core.publisher.FluxMap$MapSubscriber.onNext(FluxMap.java:106) ~[reactor-core-3.7.18.jar!/:3.7.18]
	at reactor.core.publisher.FluxOnErrorReturn$ReturnSubscriber.onError(FluxOnErrorReturn.java:199) ~[reactor-core-3.7.18.jar!/:3.7.18]
	at reactor.core.publisher.FluxDefaultIfEmpty$DefaultIfEmptySubscriber.onError(FluxDefaultIfEmpty.java:156) ~[reactor-core-3.7.18.jar!/:3.7.18]
	at reactor.core.publisher.FluxOnAssembly$OnAssemblySubscriber.onError(FluxOnAssembly.java:544) ~[reactor-core-3.7.18.jar!/:3.7.18]
	at reactor.core.publisher.FluxMapFuseable$MapFuseableSubscriber.onError(FluxMapFuseable.java:142) ~[reactor-core-3.7.18.jar!/:3.7.18]
	at reactor.core.publisher.FluxContextWrite$ContextWriteSubscriber.onError(FluxContextWrite.java:121) ~[reactor-core-3.7.18.jar!/:3.7.18]
	at reactor.core.publisher.FluxMapFuseable$MapFuseableConditionalSubscriber.onError(FluxMapFuseable.java:340) ~[reactor-core-3.7.18.jar!/:3.7.18]
	at reactor.core.publisher.FluxFilterFuseable$FilterFuseableConditionalSubscriber.onError(FluxFilterFuseable.java:382) ~[reactor-core-3.7.18.jar!/:3.7.18]
	at reactor.core.publisher.MonoCollect$CollectSubscriber.onError(MonoCollect.java:135) ~[reactor-core-3.7.18.jar!/:3.7.18]
	at org.springframework.http.client.reactive.AbstractClientHttpResponse$SingleSubscriberPublisher.subscribe(AbstractClientHttpResponse.java:116) ~[spring-web-6.2.18.jar!/:6.2.18]
	at reactor.core.publisher.FluxSource.subscribe(FluxSource.java:71) ~[reactor-core-3.7.18.jar!/:3.7.18]
	at reactor.core.publisher.Mono.subscribe(Mono.java:4576) ~[reactor-core-3.7.18.jar!/:3.7.18]
	at reactor.core.publisher.FluxOnErrorResume$ResumeSubscriber.onError(FluxOnErrorResume.java:103) ~[reactor-core-3.7.18.jar!/:3.7.18]
	at reactor.core.publisher.FluxOnAssembly$OnAssemblySubscriber.onError(FluxOnAssembly.java:544) ~[reactor-core-3.7.18.jar!/:3.7.18]
	at reactor.core.publisher.FluxConcatMapNoPrefetch$FluxConcatMapNoPrefetchSubscriber.maybeOnError(FluxConcatMapNoPrefetch.java:327) ~[reactor-core-3.7.18.jar!/:3.7.18]
	at reactor.core.publisher.FluxConcatMapNoPrefetch$FluxConcatMapNoPrefetchSubscriber.onError(FluxConcatMapNoPrefetch.java:221) ~[reactor-core-3.7.18.jar!/:3.7.18]
	at reactor.core.publisher.FluxBufferPredicate$BufferPredicateSubscriber.onError(FluxBufferPredicate.java:346) ~[reactor-core-3.7.18.jar!/:3.7.18]
	at reactor.core.publisher.FluxPeekFuseable$PeekFuseableConditionalSubscriber.onError(FluxPeekFuseable.java:553) ~[reactor-core-3.7.18.jar!/:3.7.18]
	at reactor.core.publisher.FluxMapFuseable$MapFuseableConditionalSubscriber.onError(FluxMapFuseable.java:340) ~[reactor-core-3.7.18.jar!/:3.7.18]
	at reactor.core.publisher.FluxContextWrite$ContextWriteSubscriber.onError(FluxContextWrite.java:121) ~[reactor-core-3.7.18.jar!/:3.7.18]
	at reactor.core.publisher.FluxDoFinally$DoFinallySubscriber.onError(FluxDoFinally.java:119) ~[reactor-core-3.7.18.jar!/:3.7.18]
	at reactor.core.publisher.FluxConcatArray$ConcatArraySubscriber.onError(FluxConcatArray.java:186) ~[reactor-core-3.7.18.jar!/:3.7.18]
	at reactor.core.publisher.FluxFlattenIterable$FlattenIterableSubscriber.drainAsync(FluxFlattenIterable.java:351) ~[reactor-core-3.7.18.jar!/:3.7.18]
	at reactor.core.publisher.FluxFlattenIterable$FlattenIterableSubscriber.drain(FluxFlattenIterable.java:724) ~[reactor-core-3.7.18.jar!/:3.7.18]
	at reactor.core.publisher.FluxFlattenIterable$FlattenIterableSubscriber.onError(FluxFlattenIterable.java:263) ~[reactor-core-3.7.18.jar!/:3.7.18]
	at reactor.core.publisher.FluxPublish$PublishSubscriber.checkTerminated(FluxPublish.java:625) ~[reactor-core-3.7.18.jar!/:3.7.18]
	at reactor.core.publisher.FluxPublish$PublishSubscriber.drain(FluxPublish.java:494) ~[reactor-core-3.7.18.jar!/:3.7.18]
	at reactor.core.publisher.FluxPublish$PublishSubscriber.onError(FluxPublish.java:336) ~[reactor-core-3.7.18.jar!/:3.7.18]
	at reactor.core.publisher.FluxContextWrite$ContextWriteSubscriber.onError(FluxContextWrite.java:121) ~[reactor-core-3.7.18.jar!/:3.7.18]
	at reactor.core.publisher.FluxMapFuseable$MapFuseableConditionalSubscriber.onError(FluxMapFuseable.java:340) ~[reactor-core-3.7.18.jar!/:3.7.18]
	at reactor.core.publisher.FluxFlattenIterable$FlattenIterableSubscriber.drainAsync(FluxFlattenIterable.java:351) ~[reactor-core-3.7.18.jar!/:3.7.18]
	at reactor.core.publisher.FluxFlattenIterable$FlattenIterableSubscriber.drain(FluxFlattenIterable.java:724) ~[reactor-core-3.7.18.jar!/:3.7.18]
	at reactor.core.publisher.FluxFlattenIterable$FlattenIterableSubscriber.onError(FluxFlattenIterable.java:263) ~[reactor-core-3.7.18.jar!/:3.7.18]
	at reactor.adapter.JdkFlowAdapter$SubscriberToRS.onError(JdkFlowAdapter.java:155) ~[reactor-core-3.7.18.jar!/:3.7.18]
	at java.net.http/jdk.internal.net.http.ResponseSubscribers$PublishingBodySubscriber.complete(ResponseSubscribers.java:960) ~[java.net.http:na]
	at java.net.http/jdk.internal.net.http.ResponseSubscribers$PublishingBodySubscriber.lambda$new$1(ResponseSubscribers.java:886) ~[java.net.http:na]
	at java.base/java.util.concurrent.CompletableFuture.uniAcceptNow(CompletableFuture.java:757) ~[na:na]
	at java.base/java.util.concurrent.CompletableFuture.uniAcceptStage(CompletableFuture.java:735) ~[na:na]
	at java.base/java.util.concurrent.CompletableFuture.thenAccept(CompletableFuture.java:2214) ~[na:na]
	at java.net.http/jdk.internal.net.http.ResponseSubscribers$PublishingBodySubscriber.lambda$new$2(ResponseSubscribers.java:886) ~[java.net.http:na]
	at java.base/java.util.concurrent.CompletableFuture.uniWhenComplete(CompletableFuture.java:863) ~[na:na]
	at java.base/java.util.concurrent.CompletableFuture$UniWhenComplete.tryFire(CompletableFuture.java:841) ~[na:na]
	at java.base/java.util.concurrent.CompletableFuture.postComplete(CompletableFuture.java:510) ~[na:na]
	at java.base/java.util.concurrent.CompletableFuture.completeExceptionally(CompletableFuture.java:2194) ~[na:na]
	at java.net.http/jdk.internal.net.http.ResponseSubscribers$PublishingBodySubscriber.signalError(ResponseSubscribers.java:968) ~[java.net.http:na]
	at java.net.http/jdk.internal.net.http.ResponseSubscribers$PublishingBodySubscriber.onError(ResponseSubscribers.java:1044) ~[java.net.http:na]
	at java.net.http/jdk.internal.net.http.common.HttpBodySubscriberWrapper.propagateError(HttpBodySubscriberWrapper.java:171) ~[java.net.http:na]
	at java.net.http/jdk.internal.net.http.common.HttpBodySubscriberWrapper.complete(HttpBodySubscriberWrapper.java:310) ~[java.net.http:na]
	at java.net.http/jdk.internal.net.http.common.HttpBodySubscriberWrapper.onError(HttpBodySubscriberWrapper.java:396) ~[java.net.http:na]
	at java.net.http/jdk.internal.net.http.Http1Response.lambda$readBody$1(Http1Response.java:347) ~[java.net.http:na]
	at java.net.http/jdk.internal.net.http.ResponseContent$ChunkedBodyParser.onError(ResponseContent.java:185) ~[java.net.http:na]
	at java.net.http/jdk.internal.net.http.Http1Response$BodyReader.onReadError(Http1Response.java:677) ~[java.net.http:na]
	at java.net.http/jdk.internal.net.http.Http1AsyncReceiver.checkForErrors(Http1AsyncReceiver.java:302) ~[java.net.http:na]
	at java.net.http/jdk.internal.net.http.Http1AsyncReceiver.flush(Http1AsyncReceiver.java:268) ~[java.net.http:na]
	at java.net.http/jdk.internal.net.http.common.SequentialScheduler$LockingRestartableTask.run(SequentialScheduler.java:182) ~[java.net.http:na]
	at java.net.http/jdk.internal.net.http.common.SequentialScheduler$CompleteRestartableTask.run(SequentialScheduler.java:149) ~[java.net.http:na]
	at java.net.http/jdk.internal.net.http.common.SequentialScheduler$SchedulableTask.run(SequentialScheduler.java:207) ~[java.net.http:na]
	at java.base/java.util.concurrent.ThreadPoolExecutor.runWorker(ThreadPoolExecutor.java:1144) ~[na:na]
	at java.base/java.util.concurrent.ThreadPoolExecutor$Worker.run(ThreadPoolExecutor.java:642) ~[na:na]
	at java.base/java.lang.Thread.run(Thread.java:1583) ~[na:na]
Caused by: java.io.IOException: chunked transfer encoding, state: READING_LENGTH
	at java.net.http/jdk.internal.net.http.common.Utils.wrapWithExtraDetail(Utils.java:415) ~[java.net.http:na]
	Suppressed: The stacktrace has been enhanced by Reactor, refer to additional information below: 
Error has been observed at the following site(s):
	*__checkpoint ⇢ Body from POST http://127.0.0.1:18304/v1/chat/completions [DefaultClientResponse]
Original Stack Trace:
		at java.net.http/jdk.internal.net.http.common.Utils.wrapWithExtraDetail(Utils.java:415) ~[java.net.http:na]
		at java.net.http/jdk.internal.net.http.Http1Response$BodyReader.onReadError(Http1Response.java:676) ~[java.net.http:na]
		at java.net.http/jdk.internal.net.http.Http1AsyncReceiver.checkForErrors(Http1AsyncReceiver.java:302) ~[java.net.http:na]
		at java.net.http/jdk.internal.net.http.Http1AsyncReceiver.flush(Http1AsyncReceiver.java:268) ~[java.net.http:na]
		at java.net.http/jdk.internal.net.http.common.SequentialScheduler$LockingRestartableTask.run(SequentialScheduler.java:182) ~[java.net.http:na]
		at java.net.http/jdk.internal.net.http.common.SequentialScheduler$CompleteRestartableTask.run(SequentialScheduler.java:149) ~[java.net.http:na]
		at java.net.http/jdk.internal.net.http.common.SequentialScheduler$SchedulableTask.run(SequentialScheduler.java:207) ~[java.net.http:na]
		at java.base/java.util.concurrent.ThreadPoolExecutor.runWorker(ThreadPoolExecutor.java:1144) ~[na:na]
		at java.base/java.util.concurrent.ThreadPoolExecutor$Worker.run(ThreadPoolExecutor.java:642) ~[na:na]
		at java.base/java.lang.Thread.run(Thread.java:1583) ~[na:na]
Caused by: java.io.EOFException: EOF reached while reading
	at java.net.http/jdk.internal.net.http.Http1AsyncReceiver$Http1TubeSubscriber.onComplete(Http1AsyncReceiver.java:601) ~[java.net.http:na]
	at java.net.http/jdk.internal.net.http.SocketTube$InternalReadPublisher$ReadSubscription.signalCompletion(SocketTube.java:648) ~[java.net.http:na]
	at java.net.http/jdk.internal.net.http.SocketTube$InternalReadPublisher$InternalReadSubscription.read(SocketTube.java:853) ~[java.net.http:na]
	at java.net.http/jdk.internal.net.http.SocketTube$SocketFlowTask.run(SocketTube.java:181) ~[java.net.http:na]
	at java.net.http/jdk.internal.net.http.common.SequentialScheduler$SchedulableTask.run(SequentialScheduler.java:207) ~[java.net.http:na]
	at java.net.http/jdk.internal.net.http.common.SequentialScheduler.runOrSchedule(SequentialScheduler.java:280) ~[java.net.http:na]
	at java.net.http/jdk.internal.net.http.common.SequentialScheduler.runOrSchedule(SequentialScheduler.java:233) ~[java.net.http:na]
	at java.net.http/jdk.internal.net.http.SocketTube$InternalReadPublisher$InternalReadSubscription.signalReadable(SocketTube.java:782) ~[java.net.http:na]
	at java.net.http/jdk.internal.net.http.SocketTube$InternalReadPublisher$ReadEvent.signalEvent(SocketTube.java:965) ~[java.net.http:na]
	at java.net.http/jdk.internal.net.http.SocketTube$SocketFlowEvent.handle(SocketTube.java:253) ~[java.net.http:na]
	at java.net.http/jdk.internal.net.http.HttpClientImpl$SelectorManager.handleEvent(HttpClientImpl.java:1477) ~[java.net.http:na]
	at java.net.http/jdk.internal.net.http.HttpClientImpl$SelectorManager.lambda$run$3(HttpClientImpl.java:1422) ~[java.net.http:na]
	at java.base/java.util.ArrayList.forEach(ArrayList.java:1596) ~[na:na]
	at java.net.http/jdk.internal.net.http.HttpClientImpl$SelectorManager.run(HttpClientImpl.java:1422) ~[java.net.http:na]

2026-10-06T21:34:25.740+08:00  WARN 26792 --- [sp01d-resilience] [    spike-run-3] c.e.spike.core.ResilientChatService      : ATTEMPT_FAILED sessionId=vd1-truncate attempt=1 costMs=975 emittedAny=false sideEffect=false overBudget=false hasNext=true retryable=true reason=EOFException: EOF reached while reading
2026-10-06T21:34:26.406+08:00  INFO 26792 --- [sp01d-resilience] [oundedElastic-4] c.e.spike.core.ResilientChatService      : STREAM_ITEM sessionId=vd1-truncate runId=vd1-truncate#1791293664765 tsOffset=1641ms textLen=-1 hasToolCalls=false
2026-10-06T21:34:26.492+08:00 ERROR 26792 --- [sp01d-resilience] [ient-2-Worker-0] o.s.ai.chat.model.MessageAggregator      : Aggregation Error

org.springframework.web.reactive.function.client.WebClientResponseException: 200 OK from POST http://127.0.0.1:18304/v1/chat/completions, but response failed with cause: java.io.IOException: chunked transfer encoding, state: READING_LENGTH
	at org.springframework.web.reactive.function.client.WebClientResponseException.create(WebClientResponseException.java:337) ~[spring-webflux-6.2.18.jar!/:6.2.18]
	at org.springframework.web.reactive.function.client.DefaultClientResponse.lambda$createException$1(DefaultClientResponse.java:214) ~[spring-webflux-6.2.18.jar!/:6.2.18]
	at reactor.core.publisher.FluxMap$MapSubscriber.onNext(FluxMap.java:106) ~[reactor-core-3.7.18.jar!/:3.7.18]
	at reactor.core.publisher.FluxOnErrorReturn$ReturnSubscriber.onError(FluxOnErrorReturn.java:199) ~[reactor-core-3.7.18.jar!/:3.7.18]
	at reactor.core.publisher.FluxDefaultIfEmpty$DefaultIfEmptySubscriber.onError(FluxDefaultIfEmpty.java:156) ~[reactor-core-3.7.18.jar!/:3.7.18]
	at reactor.core.publisher.FluxOnAssembly$OnAssemblySubscriber.onError(FluxOnAssembly.java:544) ~[reactor-core-3.7.18.jar!/:3.7.18]
	at reactor.core.publisher.FluxMapFuseable$MapFuseableSubscriber.onError(FluxMapFuseable.java:142) ~[reactor-core-3.7.18.jar!/:3.7.18]
	at reactor.core.publisher.FluxContextWrite$ContextWriteSubscriber.onError(FluxContextWrite.java:121) ~[reactor-core-3.7.18.jar!/:3.7.18]
	at reactor.core.publisher.FluxMapFuseable$MapFuseableConditionalSubscriber.onError(FluxMapFuseable.java:340) ~[reactor-core-3.7.18.jar!/:3.7.18]
	at reactor.core.publisher.FluxFilterFuseable$FilterFuseableConditionalSubscriber.onError(FluxFilterFuseable.java:382) ~[reactor-core-3.7.18.jar!/:3.7.18]
	at reactor.core.publisher.MonoCollect$CollectSubscriber.onError(MonoCollect.java:135) ~[reactor-core-3.7.18.jar!/:3.7.18]
	at org.springframework.http.client.reactive.AbstractClientHttpResponse$SingleSubscriberPublisher.subscribe(AbstractClientHttpResponse.java:116) ~[spring-web-6.2.18.jar!/:6.2.18]
	at reactor.core.publisher.FluxSource.subscribe(FluxSource.java:71) ~[reactor-core-3.7.18.jar!/:3.7.18]
	at reactor.core.publisher.Mono.subscribe(Mono.java:4576) ~[reactor-core-3.7.18.jar!/:3.7.18]
	at reactor.core.publisher.FluxOnErrorResume$ResumeSubscriber.onError(FluxOnErrorResume.java:103) ~[reactor-core-3.7.18.jar!/:3.7.18]
	at reactor.core.publisher.FluxOnAssembly$OnAssemblySubscriber.onError(FluxOnAssembly.java:544) ~[reactor-core-3.7.18.jar!/:3.7.18]
	at reactor.core.publisher.FluxConcatMapNoPrefetch$FluxConcatMapNoPrefetchSubscriber.maybeOnError(FluxConcatMapNoPrefetch.java:327) ~[reactor-core-3.7.18.jar!/:3.7.18]
	at reactor.core.publisher.FluxConcatMapNoPrefetch$FluxConcatMapNoPrefetchSubscriber.onError(FluxConcatMapNoPrefetch.java:221) ~[reactor-core-3.7.18.jar!/:3.7.18]
	at reactor.core.publisher.FluxBufferPredicate$BufferPredicateSubscriber.onError(FluxBufferPredicate.java:346) ~[reactor-core-3.7.18.jar!/:3.7.18]
	at reactor.core.publisher.FluxPeekFuseable$PeekFuseableConditionalSubscriber.onError(FluxPeekFuseable.java:553) ~[reactor-core-3.7.18.jar!/:3.7.18]
	at reactor.core.publisher.FluxMapFuseable$MapFuseableConditionalSubscriber.onError(FluxMapFuseable.java:340) ~[reactor-core-3.7.18.jar!/:3.7.18]
	at reactor.core.publisher.FluxContextWrite$ContextWriteSubscriber.onError(FluxContextWrite.java:121) ~[reactor-core-3.7.18.jar!/:3.7.18]
	at reactor.core.publisher.FluxDoFinally$DoFinallySubscriber.onError(FluxDoFinally.java:119) ~[reactor-core-3.7.18.jar!/:3.7.18]
	at reactor.core.publisher.FluxConcatArray$ConcatArraySubscriber.onError(FluxConcatArray.java:186) ~[reactor-core-3.7.18.jar!/:3.7.18]
	at reactor.core.publisher.FluxFlattenIterable$FlattenIterableSubscriber.drainAsync(FluxFlattenIterable.java:351) ~[reactor-core-3.7.18.jar!/:3.7.18]
	at reactor.core.publisher.FluxFlattenIterable$FlattenIterableSubscriber.drain(FluxFlattenIterable.java:724) ~[reactor-core-3.7.18.jar!/:3.7.18]
	at reactor.core.publisher.FluxFlattenIterable$FlattenIterableSubscriber.onError(FluxFlattenIterable.java:263) ~[reactor-core-3.7.18.jar!/:3.7.18]
	at reactor.core.publisher.FluxPublish$PublishSubscriber.checkTerminated(FluxPublish.java:625) ~[reactor-core-3.7.18.jar!/:3.7.18]
	at reactor.core.publisher.FluxPublish$PublishSubscriber.drain(FluxPublish.java:494) ~[reactor-core-3.7.18.jar!/:3.7.18]
	at reactor.core.publisher.FluxPublish$PublishSubscriber.onError(FluxPublish.java:336) ~[reactor-core-3.7.18.jar!/:3.7.18]
	at reactor.core.publisher.FluxContextWrite$ContextWriteSubscriber.onError(FluxContextWrite.java:121) ~[reactor-core-3.7.18.jar!/:3.7.18]
	at reactor.core.publisher.FluxMapFuseable$MapFuseableConditionalSubscriber.onError(FluxMapFuseable.java:340) ~[reactor-core-3.7.18.jar!/:3.7.18]
	at reactor.core.publisher.FluxFlattenIterable$FlattenIterableSubscriber.drainAsync(FluxFlattenIterable.java:351) ~[reactor-core-3.7.18.jar!/:3.7.18]
	at reactor.core.publisher.FluxFlattenIterable$FlattenIterableSubscriber.drain(FluxFlattenIterable.java:724) ~[reactor-core-3.7.18.jar!/:3.7.18]
	at reactor.core.publisher.FluxFlattenIterable$FlattenIterableSubscriber.onError(FluxFlattenIterable.java:263) ~[reactor-core-3.7.18.jar!/:3.7.18]
	at reactor.adapter.JdkFlowAdapter$SubscriberToRS.onError(JdkFlowAdapter.java:155) ~[reactor-core-3.7.18.jar!/:3.7.18]
	at java.net.http/jdk.internal.net.http.ResponseSubscribers$PublishingBodySubscriber.complete(ResponseSubscribers.java:960) ~[java.net.http:na]
	at java.net.http/jdk.internal.net.http.ResponseSubscribers$PublishingBodySubscriber.lambda$new$1(ResponseSubscribers.java:886) ~[java.net.http:na]
	at java.base/java.util.concurrent.CompletableFuture.uniAcceptNow(CompletableFuture.java:757) ~[na:na]
	at java.base/java.util.concurrent.CompletableFuture.uniAcceptStage(CompletableFuture.java:735) ~[na:na]
	at java.base/java.util.concurrent.CompletableFuture.thenAccept(CompletableFuture.java:2214) ~[na:na]
	at java.net.http/jdk.internal.net.http.ResponseSubscribers$PublishingBodySubscriber.lambda$new$2(ResponseSubscribers.java:886) ~[java.net.http:na]
	at java.base/java.util.concurrent.CompletableFuture.uniWhenComplete(CompletableFuture.java:863) ~[na:na]
	at java.base/java.util.concurrent.CompletableFuture$UniWhenComplete.tryFire(CompletableFuture.java:841) ~[na:na]
	at java.base/java.util.concurrent.CompletableFuture.postComplete(CompletableFuture.java:510) ~[na:na]
	at java.base/java.util.concurrent.CompletableFuture.completeExceptionally(CompletableFuture.java:2194) ~[na:na]
	at java.net.http/jdk.internal.net.http.ResponseSubscribers$PublishingBodySubscriber.signalError(ResponseSubscribers.java:968) ~[java.net.http:na]
	at java.net.http/jdk.internal.net.http.ResponseSubscribers$PublishingBodySubscriber.onError(ResponseSubscribers.java:1044) ~[java.net.http:na]
	at java.net.http/jdk.internal.net.http.common.HttpBodySubscriberWrapper.propagateError(HttpBodySubscriberWrapper.java:171) ~[java.net.http:na]
	at java.net.http/jdk.internal.net.http.common.HttpBodySubscriberWrapper.complete(HttpBodySubscriberWrapper.java:310) ~[java.net.http:na]
	at java.net.http/jdk.internal.net.http.common.HttpBodySubscriberWrapper.onError(HttpBodySubscriberWrapper.java:396) ~[java.net.http:na]
	at java.net.http/jdk.internal.net.http.Http1Response.lambda$readBody$1(Http1Response.java:347) ~[java.net.http:na]
	at java.net.http/jdk.internal.net.http.ResponseContent$ChunkedBodyParser.onError(ResponseContent.java:185) ~[java.net.http:na]
	at java.net.http/jdk.internal.net.http.Http1Response$BodyReader.onReadError(Http1Response.java:677) ~[java.net.http:na]
	at java.net.http/jdk.internal.net.http.Http1AsyncReceiver.checkForErrors(Http1AsyncReceiver.java:302) ~[java.net.http:na]
	at java.net.http/jdk.internal.net.http.Http1AsyncReceiver.flush(Http1AsyncReceiver.java:268) ~[java.net.http:na]
	at java.net.http/jdk.internal.net.http.common.SequentialScheduler$LockingRestartableTask.run(SequentialScheduler.java:182) ~[java.net.http:na]
	at java.net.http/jdk.internal.net.http.common.SequentialScheduler$CompleteRestartableTask.run(SequentialScheduler.java:149) ~[java.net.http:na]
	at java.net.http/jdk.internal.net.http.common.SequentialScheduler$SchedulableTask.run(SequentialScheduler.java:207) ~[java.net.http:na]
	at java.base/java.util.concurrent.ThreadPoolExecutor.runWorker(ThreadPoolExecutor.java:1144) ~[na:na]
	at java.base/java.util.concurrent.ThreadPoolExecutor$Worker.run(ThreadPoolExecutor.java:642) ~[na:na]
	at java.base/java.lang.Thread.run(Thread.java:1583) ~[na:na]
Caused by: java.io.IOException: chunked transfer encoding, state: READING_LENGTH
	at java.net.http/jdk.internal.net.http.common.Utils.wrapWithExtraDetail(Utils.java:415) ~[java.net.http:na]
	Suppressed: The stacktrace has been enhanced by Reactor, refer to additional information below: 
Error has been observed at the following site(s):
	*__checkpoint ⇢ Body from POST http://127.0.0.1:18304/v1/chat/completions [DefaultClientResponse]
Original Stack Trace:
		at java.net.http/jdk.internal.net.http.common.Utils.wrapWithExtraDetail(Utils.java:415) ~[java.net.http:na]
		at java.net.http/jdk.internal.net.http.Http1Response$BodyReader.onReadError(Http1Response.java:676) ~[java.net.http:na]
		at java.net.http/jdk.internal.net.http.Http1AsyncReceiver.checkForErrors(Http1AsyncReceiver.java:302) ~[java.net.http:na]
		at java.net.http/jdk.internal.net.http.Http1AsyncReceiver.flush(Http1AsyncReceiver.java:268) ~[java.net.http:na]
		at java.net.http/jdk.internal.net.http.common.SequentialScheduler$LockingRestartableTask.run(SequentialScheduler.java:182) ~[java.net.http:na]
		at java.net.http/jdk.internal.net.http.common.SequentialScheduler$CompleteRestartableTask.run(SequentialScheduler.java:149) ~[java.net.http:na]
		at java.net.http/jdk.internal.net.http.common.SequentialScheduler$SchedulableTask.run(SequentialScheduler.java:207) ~[java.net.http:na]
		at java.base/java.util.concurrent.ThreadPoolExecutor.runWorker(ThreadPoolExecutor.java:1144) ~[na:na]
		at java.base/java.util.concurrent.ThreadPoolExecutor$Worker.run(ThreadPoolExecutor.java:642) ~[na:na]
		at java.base/java.lang.Thread.run(Thread.java:1583) ~[na:na]
Caused by: java.io.EOFException: EOF reached while reading
	at java.net.http/jdk.internal.net.http.Http1AsyncReceiver$Http1TubeSubscriber.onComplete(Http1AsyncReceiver.java:601) ~[java.net.http:na]
	at java.net.http/jdk.internal.net.http.SocketTube$InternalReadPublisher$ReadSubscription.signalCompletion(SocketTube.java:648) ~[java.net.http:na]
	at java.net.http/jdk.internal.net.http.SocketTube$InternalReadPublisher$InternalReadSubscription.read(SocketTube.java:853) ~[java.net.http:na]
	at java.net.http/jdk.internal.net.http.SocketTube$SocketFlowTask.run(SocketTube.java:181) ~[java.net.http:na]
	at java.net.http/jdk.internal.net.http.common.SequentialScheduler$SchedulableTask.run(SequentialScheduler.java:207) ~[java.net.http:na]
	at java.net.http/jdk.internal.net.http.common.SequentialScheduler.runOrSchedule(SequentialScheduler.java:280) ~[java.net.http:na]
	at java.net.http/jdk.internal.net.http.common.SequentialScheduler.runOrSchedule(SequentialScheduler.java:233) ~[java.net.http:na]
	at java.net.http/jdk.internal.net.http.SocketTube$InternalReadPublisher$InternalReadSubscription.signalReadable(SocketTube.java:782) ~[java.net.http:na]
	at java.net.http/jdk.internal.net.http.SocketTube$InternalReadPublisher$ReadEvent.signalEvent(SocketTube.java:965) ~[java.net.http:na]
	at java.net.http/jdk.internal.net.http.SocketTube$SocketFlowEvent.handle(SocketTube.java:253) ~[java.net.http:na]
	at java.net.http/jdk.internal.net.http.HttpClientImpl$SelectorManager.handleEvent(HttpClientImpl.java:1477) ~[java.net.http:na]
	at java.net.http/jdk.internal.net.http.HttpClientImpl$SelectorManager.lambda$run$3(HttpClientImpl.java:1422) ~[java.net.http:na]
	at java.base/java.util.ArrayList.forEach(ArrayList.java:1596) ~[na:na]
	at java.net.http/jdk.internal.net.http.HttpClientImpl$SelectorManager.run(HttpClientImpl.java:1422) ~[java.net.http:na]

2026-10-06T21:34:26.497+08:00 ERROR 26792 --- [sp01d-resilience] [oundedElastic-4] o.s.ai.chat.model.MessageAggregator      : Aggregation Error

org.springframework.web.reactive.function.client.WebClientResponseException: 200 OK from POST http://127.0.0.1:18304/v1/chat/completions, but response failed with cause: java.io.IOException: chunked transfer encoding, state: READING_LENGTH
	at org.springframework.web.reactive.function.client.WebClientResponseException.create(WebClientResponseException.java:337) ~[spring-webflux-6.2.18.jar!/:6.2.18]
	at org.springframework.web.reactive.function.client.DefaultClientResponse.lambda$createException$1(DefaultClientResponse.java:214) ~[spring-webflux-6.2.18.jar!/:6.2.18]
	at reactor.core.publisher.FluxMap$MapSubscriber.onNext(FluxMap.java:106) ~[reactor-core-3.7.18.jar!/:3.7.18]
	at reactor.core.publisher.FluxOnErrorReturn$ReturnSubscriber.onError(FluxOnErrorReturn.java:199) ~[reactor-core-3.7.18.jar!/:3.7.18]
	at reactor.core.publisher.FluxDefaultIfEmpty$DefaultIfEmptySubscriber.onError(FluxDefaultIfEmpty.java:156) ~[reactor-core-3.7.18.jar!/:3.7.18]
	at reactor.core.publisher.FluxOnAssembly$OnAssemblySubscriber.onError(FluxOnAssembly.java:544) ~[reactor-core-3.7.18.jar!/:3.7.18]
	at reactor.core.publisher.FluxMapFuseable$MapFuseableSubscriber.onError(FluxMapFuseable.java:142) ~[reactor-core-3.7.18.jar!/:3.7.18]
	at reactor.core.publisher.FluxContextWrite$ContextWriteSubscriber.onError(FluxContextWrite.java:121) ~[reactor-core-3.7.18.jar!/:3.7.18]
	at reactor.core.publisher.FluxMapFuseable$MapFuseableConditionalSubscriber.onError(FluxMapFuseable.java:340) ~[reactor-core-3.7.18.jar!/:3.7.18]
	at reactor.core.publisher.FluxFilterFuseable$FilterFuseableConditionalSubscriber.onError(FluxFilterFuseable.java:382) ~[reactor-core-3.7.18.jar!/:3.7.18]
	at reactor.core.publisher.MonoCollect$CollectSubscriber.onError(MonoCollect.java:135) ~[reactor-core-3.7.18.jar!/:3.7.18]
	at org.springframework.http.client.reactive.AbstractClientHttpResponse$SingleSubscriberPublisher.subscribe(AbstractClientHttpResponse.java:116) ~[spring-web-6.2.18.jar!/:6.2.18]
	at reactor.core.publisher.FluxSource.subscribe(FluxSource.java:71) ~[reactor-core-3.7.18.jar!/:3.7.18]
	at reactor.core.publisher.Mono.subscribe(Mono.java:4576) ~[reactor-core-3.7.18.jar!/:3.7.18]
	at reactor.core.publisher.FluxOnErrorResume$ResumeSubscriber.onError(FluxOnErrorResume.java:103) ~[reactor-core-3.7.18.jar!/:3.7.18]
	at reactor.core.publisher.FluxOnAssembly$OnAssemblySubscriber.onError(FluxOnAssembly.java:544) ~[reactor-core-3.7.18.jar!/:3.7.18]
	at reactor.core.publisher.FluxConcatMapNoPrefetch$FluxConcatMapNoPrefetchSubscriber.maybeOnError(FluxConcatMapNoPrefetch.java:327) ~[reactor-core-3.7.18.jar!/:3.7.18]
	at reactor.core.publisher.FluxConcatMapNoPrefetch$FluxConcatMapNoPrefetchSubscriber.onError(FluxConcatMapNoPrefetch.java:221) ~[reactor-core-3.7.18.jar!/:3.7.18]
	at reactor.core.publisher.FluxBufferPredicate$BufferPredicateSubscriber.onError(FluxBufferPredicate.java:346) ~[reactor-core-3.7.18.jar!/:3.7.18]
	at reactor.core.publisher.FluxPeekFuseable$PeekFuseableConditionalSubscriber.onError(FluxPeekFuseable.java:553) ~[reactor-core-3.7.18.jar!/:3.7.18]
	at reactor.core.publisher.FluxMapFuseable$MapFuseableConditionalSubscriber.onError(FluxMapFuseable.java:340) ~[reactor-core-3.7.18.jar!/:3.7.18]
	at reactor.core.publisher.FluxContextWrite$ContextWriteSubscriber.onError(FluxContextWrite.java:121) ~[reactor-core-3.7.18.jar!/:3.7.18]
	at reactor.core.publisher.FluxDoFinally$DoFinallySubscriber.onError(FluxDoFinally.java:119) ~[reactor-core-3.7.18.jar!/:3.7.18]
	at reactor.core.publisher.FluxConcatArray$ConcatArraySubscriber.onError(FluxConcatArray.java:186) ~[reactor-core-3.7.18.jar!/:3.7.18]
	at reactor.core.publisher.FluxFlattenIterable$FlattenIterableSubscriber.drainAsync(FluxFlattenIterable.java:351) ~[reactor-core-3.7.18.jar!/:3.7.18]
	at reactor.core.publisher.FluxFlattenIterable$FlattenIterableSubscriber.drain(FluxFlattenIterable.java:724) ~[reactor-core-3.7.18.jar!/:3.7.18]
	at reactor.core.publisher.FluxFlattenIterable$FlattenIterableSubscriber.onError(FluxFlattenIterable.java:263) ~[reactor-core-3.7.18.jar!/:3.7.18]
	at reactor.core.publisher.FluxPublish$PublishSubscriber.checkTerminated(FluxPublish.java:625) ~[reactor-core-3.7.18.jar!/:3.7.18]
	at reactor.core.publisher.FluxPublish$PublishSubscriber.drain(FluxPublish.java:494) ~[reactor-core-3.7.18.jar!/:3.7.18]
	at reactor.core.publisher.FluxPublish$PublishSubscriber.onError(FluxPublish.java:336) ~[reactor-core-3.7.18.jar!/:3.7.18]
	at reactor.core.publisher.FluxContextWrite$ContextWriteSubscriber.onError(FluxContextWrite.java:121) ~[reactor-core-3.7.18.jar!/:3.7.18]
	at reactor.core.publisher.FluxMapFuseable$MapFuseableConditionalSubscriber.onError(FluxMapFuseable.java:340) ~[reactor-core-3.7.18.jar!/:3.7.18]
	at reactor.core.publisher.FluxFlattenIterable$FlattenIterableSubscriber.drainAsync(FluxFlattenIterable.java:351) ~[reactor-core-3.7.18.jar!/:3.7.18]
	at reactor.core.publisher.FluxFlattenIterable$FlattenIterableSubscriber.drain(FluxFlattenIterable.java:724) ~[reactor-core-3.7.18.jar!/:3.7.18]
	at reactor.core.publisher.FluxFlattenIterable$FlattenIterableSubscriber.onError(FluxFlattenIterable.java:263) ~[reactor-core-3.7.18.jar!/:3.7.18]
	at reactor.adapter.JdkFlowAdapter$SubscriberToRS.onError(JdkFlowAdapter.java:155) ~[reactor-core-3.7.18.jar!/:3.7.18]
	at java.net.http/jdk.internal.net.http.ResponseSubscribers$PublishingBodySubscriber.complete(ResponseSubscribers.java:960) ~[java.net.http:na]
	at java.net.http/jdk.internal.net.http.ResponseSubscribers$PublishingBodySubscriber.lambda$new$1(ResponseSubscribers.java:886) ~[java.net.http:na]
	at java.base/java.util.concurrent.CompletableFuture.uniAcceptNow(CompletableFuture.java:757) ~[na:na]
	at java.base/java.util.concurrent.CompletableFuture.uniAcceptStage(CompletableFuture.java:735) ~[na:na]
	at java.base/java.util.concurrent.CompletableFuture.thenAccept(CompletableFuture.java:2214) ~[na:na]
	at java.net.http/jdk.internal.net.http.ResponseSubscribers$PublishingBodySubscriber.lambda$new$2(ResponseSubscribers.java:886) ~[java.net.http:na]
	at java.base/java.util.concurrent.CompletableFuture.uniWhenComplete(CompletableFuture.java:863) ~[na:na]
	at java.base/java.util.concurrent.CompletableFuture$UniWhenComplete.tryFire(CompletableFuture.java:841) ~[na:na]
	at java.base/java.util.concurrent.CompletableFuture.postComplete(CompletableFuture.java:510) ~[na:na]
	at java.base/java.util.concurrent.CompletableFuture.completeExceptionally(CompletableFuture.java:2194) ~[na:na]
	at java.net.http/jdk.internal.net.http.ResponseSubscribers$PublishingBodySubscriber.signalError(ResponseSubscribers.java:968) ~[java.net.http:na]
	at java.net.http/jdk.internal.net.http.ResponseSubscribers$PublishingBodySubscriber.onError(ResponseSubscribers.java:1044) ~[java.net.http:na]
	at java.net.http/jdk.internal.net.http.common.HttpBodySubscriberWrapper.propagateError(HttpBodySubscriberWrapper.java:171) ~[java.net.http:na]
	at java.net.http/jdk.internal.net.http.common.HttpBodySubscriberWrapper.complete(HttpBodySubscriberWrapper.java:310) ~[java.net.http:na]
	at java.net.http/jdk.internal.net.http.common.HttpBodySubscriberWrapper.onError(HttpBodySubscriberWrapper.java:396) ~[java.net.http:na]
	at java.net.http/jdk.internal.net.http.Http1Response.lambda$readBody$1(Http1Response.java:347) ~[java.net.http:na]
	at java.net.http/jdk.internal.net.http.ResponseContent$ChunkedBodyParser.onError(ResponseContent.java:185) ~[java.net.http:na]
	at java.net.http/jdk.internal.net.http.Http1Response$BodyReader.onReadError(Http1Response.java:677) ~[java.net.http:na]
	at java.net.http/jdk.internal.net.http.Http1AsyncReceiver.checkForErrors(Http1AsyncReceiver.java:302) ~[java.net.http:na]
	at java.net.http/jdk.internal.net.http.Http1AsyncReceiver.flush(Http1AsyncReceiver.java:268) ~[java.net.http:na]
	at java.net.http/jdk.internal.net.http.common.SequentialScheduler$LockingRestartableTask.run(SequentialScheduler.java:182) ~[java.net.http:na]
	at java.net.http/jdk.internal.net.http.common.SequentialScheduler$CompleteRestartableTask.run(SequentialScheduler.java:149) ~[java.net.http:na]
	at java.net.http/jdk.internal.net.http.common.SequentialScheduler$SchedulableTask.run(SequentialScheduler.java:207) ~[java.net.http:na]
	at java.base/java.util.concurrent.ThreadPoolExecutor.runWorker(ThreadPoolExecutor.java:1144) ~[na:na]
	at java.base/java.util.concurrent.ThreadPoolExecutor$Worker.run(ThreadPoolExecutor.java:642) ~[na:na]
	at java.base/java.lang.Thread.run(Thread.java:1583) ~[na:na]
Caused by: java.io.IOException: chunked transfer encoding, state: READING_LENGTH
	at java.net.http/jdk.internal.net.http.common.Utils.wrapWithExtraDetail(Utils.java:415) ~[java.net.http:na]
	Suppressed: The stacktrace has been enhanced by Reactor, refer to additional information below: 
Error has been observed at the following site(s):
	*__checkpoint ⇢ Body from POST http://127.0.0.1:18304/v1/chat/completions [DefaultClientResponse]
Original Stack Trace:
		at java.net.http/jdk.internal.net.http.common.Utils.wrapWithExtraDetail(Utils.java:415) ~[java.net.http:na]
		at java.net.http/jdk.internal.net.http.Http1Response$BodyReader.onReadError(Http1Response.java:676) ~[java.net.http:na]
		at java.net.http/jdk.internal.net.http.Http1AsyncReceiver.checkForErrors(Http1AsyncReceiver.java:302) ~[java.net.http:na]
		at java.net.http/jdk.internal.net.http.Http1AsyncReceiver.flush(Http1AsyncReceiver.java:268) ~[java.net.http:na]
		at java.net.http/jdk.internal.net.http.common.SequentialScheduler$LockingRestartableTask.run(SequentialScheduler.java:182) ~[java.net.http:na]
		at java.net.http/jdk.internal.net.http.common.SequentialScheduler$CompleteRestartableTask.run(SequentialScheduler.java:149) ~[java.net.http:na]
		at java.net.http/jdk.internal.net.http.common.SequentialScheduler$SchedulableTask.run(SequentialScheduler.java:207) ~[java.net.http:na]
		at java.base/java.util.concurrent.ThreadPoolExecutor.runWorker(ThreadPoolExecutor.java:1144) ~[na:na]
		at java.base/java.util.concurrent.ThreadPoolExecutor$Worker.run(ThreadPoolExecutor.java:642) ~[na:na]
		at java.base/java.lang.Thread.run(Thread.java:1583) ~[na:na]
Caused by: java.io.EOFException: EOF reached while reading
	at java.net.http/jdk.internal.net.http.Http1AsyncReceiver$Http1TubeSubscriber.onComplete(Http1AsyncReceiver.java:601) ~[java.net.http:na]
	at java.net.http/jdk.internal.net.http.SocketTube$InternalReadPublisher$ReadSubscription.signalCompletion(SocketTube.java:648) ~[java.net.http:na]
	at java.net.http/jdk.internal.net.http.SocketTube$InternalReadPublisher$InternalReadSubscription.read(SocketTube.java:853) ~[java.net.http:na]
	at java.net.http/jdk.internal.net.http.SocketTube$SocketFlowTask.run(SocketTube.java:181) ~[java.net.http:na]
	at java.net.http/jdk.internal.net.http.common.SequentialScheduler$SchedulableTask.run(SequentialScheduler.java:207) ~[java.net.http:na]
	at java.net.http/jdk.internal.net.http.common.SequentialScheduler.runOrSchedule(SequentialScheduler.java:280) ~[java.net.http:na]
	at java.net.http/jdk.internal.net.http.common.SequentialScheduler.runOrSchedule(SequentialScheduler.java:233) ~[java.net.http:na]
	at java.net.http/jdk.internal.net.http.SocketTube$InternalReadPublisher$InternalReadSubscription.signalReadable(SocketTube.java:782) ~[java.net.http:na]
	at java.net.http/jdk.internal.net.http.SocketTube$InternalReadPublisher$ReadEvent.signalEvent(SocketTube.java:965) ~[java.net.http:na]
	at java.net.http/jdk.internal.net.http.SocketTube$SocketFlowEvent.handle(SocketTube.java:253) ~[java.net.http:na]
	at java.net.http/jdk.internal.net.http.HttpClientImpl$SelectorManager.handleEvent(HttpClientImpl.java:1477) ~[java.net.http:na]
	at java.net.http/jdk.internal.net.http.HttpClientImpl$SelectorManager.lambda$run$3(HttpClientImpl.java:1422) ~[java.net.http:na]
	at java.base/java.util.ArrayList.forEach(ArrayList.java:1596) ~[na:na]
	at java.net.http/jdk.internal.net.http.HttpClientImpl$SelectorManager.run(HttpClientImpl.java:1422) ~[java.net.http:na]

2026-10-06T21:34:26.498+08:00 ERROR 26792 --- [sp01d-resilience] [oundedElastic-4] o.s.ai.chat.model.MessageAggregator      : Aggregation Error

org.springframework.web.reactive.function.client.WebClientResponseException: 200 OK from POST http://127.0.0.1:18304/v1/chat/completions, but response failed with cause: java.io.IOException: chunked transfer encoding, state: READING_LENGTH
	at org.springframework.web.reactive.function.client.WebClientResponseException.create(WebClientResponseException.java:337) ~[spring-webflux-6.2.18.jar!/:6.2.18]
	at org.springframework.web.reactive.function.client.DefaultClientResponse.lambda$createException$1(DefaultClientResponse.java:214) ~[spring-webflux-6.2.18.jar!/:6.2.18]
	at reactor.core.publisher.FluxMap$MapSubscriber.onNext(FluxMap.java:106) ~[reactor-core-3.7.18.jar!/:3.7.18]
	at reactor.core.publisher.FluxOnErrorReturn$ReturnSubscriber.onError(FluxOnErrorReturn.java:199) ~[reactor-core-3.7.18.jar!/:3.7.18]
	at reactor.core.publisher.FluxDefaultIfEmpty$DefaultIfEmptySubscriber.onError(FluxDefaultIfEmpty.java:156) ~[reactor-core-3.7.18.jar!/:3.7.18]
	at reactor.core.publisher.FluxOnAssembly$OnAssemblySubscriber.onError(FluxOnAssembly.java:544) ~[reactor-core-3.7.18.jar!/:3.7.18]
	at reactor.core.publisher.FluxMapFuseable$MapFuseableSubscriber.onError(FluxMapFuseable.java:142) ~[reactor-core-3.7.18.jar!/:3.7.18]
	at reactor.core.publisher.FluxContextWrite$ContextWriteSubscriber.onError(FluxContextWrite.java:121) ~[reactor-core-3.7.18.jar!/:3.7.18]
	at reactor.core.publisher.FluxMapFuseable$MapFuseableConditionalSubscriber.onError(FluxMapFuseable.java:340) ~[reactor-core-3.7.18.jar!/:3.7.18]
	at reactor.core.publisher.FluxFilterFuseable$FilterFuseableConditionalSubscriber.onError(FluxFilterFuseable.java:382) ~[reactor-core-3.7.18.jar!/:3.7.18]
	at reactor.core.publisher.MonoCollect$CollectSubscriber.onError(MonoCollect.java:135) ~[reactor-core-3.7.18.jar!/:3.7.18]
	at org.springframework.http.client.reactive.AbstractClientHttpResponse$SingleSubscriberPublisher.subscribe(AbstractClientHttpResponse.java:116) ~[spring-web-6.2.18.jar!/:6.2.18]
	at reactor.core.publisher.FluxSource.subscribe(FluxSource.java:71) ~[reactor-core-3.7.18.jar!/:3.7.18]
	at reactor.core.publisher.Mono.subscribe(Mono.java:4576) ~[reactor-core-3.7.18.jar!/:3.7.18]
	at reactor.core.publisher.FluxOnErrorResume$ResumeSubscriber.onError(FluxOnErrorResume.java:103) ~[reactor-core-3.7.18.jar!/:3.7.18]
	at reactor.core.publisher.FluxOnAssembly$OnAssemblySubscriber.onError(FluxOnAssembly.java:544) ~[reactor-core-3.7.18.jar!/:3.7.18]
	at reactor.core.publisher.FluxConcatMapNoPrefetch$FluxConcatMapNoPrefetchSubscriber.maybeOnError(FluxConcatMapNoPrefetch.java:327) ~[reactor-core-3.7.18.jar!/:3.7.18]
	at reactor.core.publisher.FluxConcatMapNoPrefetch$FluxConcatMapNoPrefetchSubscriber.onError(FluxConcatMapNoPrefetch.java:221) ~[reactor-core-3.7.18.jar!/:3.7.18]
	at reactor.core.publisher.FluxBufferPredicate$BufferPredicateSubscriber.onError(FluxBufferPredicate.java:346) ~[reactor-core-3.7.18.jar!/:3.7.18]
	at reactor.core.publisher.FluxPeekFuseable$PeekFuseableConditionalSubscriber.onError(FluxPeekFuseable.java:553) ~[reactor-core-3.7.18.jar!/:3.7.18]
	at reactor.core.publisher.FluxMapFuseable$MapFuseableConditionalSubscriber.onError(FluxMapFuseable.java:340) ~[reactor-core-3.7.18.jar!/:3.7.18]
	at reactor.core.publisher.FluxContextWrite$ContextWriteSubscriber.onError(FluxContextWrite.java:121) ~[reactor-core-3.7.18.jar!/:3.7.18]
	at reactor.core.publisher.FluxDoFinally$DoFinallySubscriber.onError(FluxDoFinally.java:119) ~[reactor-core-3.7.18.jar!/:3.7.18]
	at reactor.core.publisher.FluxConcatArray$ConcatArraySubscriber.onError(FluxConcatArray.java:186) ~[reactor-core-3.7.18.jar!/:3.7.18]
	at reactor.core.publisher.FluxFlattenIterable$FlattenIterableSubscriber.drainAsync(FluxFlattenIterable.java:351) ~[reactor-core-3.7.18.jar!/:3.7.18]
	at reactor.core.publisher.FluxFlattenIterable$FlattenIterableSubscriber.drain(FluxFlattenIterable.java:724) ~[reactor-core-3.7.18.jar!/:3.7.18]
	at reactor.core.publisher.FluxFlattenIterable$FlattenIterableSubscriber.onError(FluxFlattenIterable.java:263) ~[reactor-core-3.7.18.jar!/:3.7.18]
	at reactor.core.publisher.FluxPublish$PublishSubscriber.checkTerminated(FluxPublish.java:625) ~[reactor-core-3.7.18.jar!/:3.7.18]
	at reactor.core.publisher.FluxPublish$PublishSubscriber.drain(FluxPublish.java:494) ~[reactor-core-3.7.18.jar!/:3.7.18]
	at reactor.core.publisher.FluxPublish$PublishSubscriber.onError(FluxPublish.java:336) ~[reactor-core-3.7.18.jar!/:3.7.18]
	at reactor.core.publisher.FluxContextWrite$ContextWriteSubscriber.onError(FluxContextWrite.java:121) ~[reactor-core-3.7.18.jar!/:3.7.18]
	at reactor.core.publisher.FluxMapFuseable$MapFuseableConditionalSubscriber.onError(FluxMapFuseable.java:340) ~[reactor-core-3.7.18.jar!/:3.7.18]
	at reactor.core.publisher.FluxFlattenIterable$FlattenIterableSubscriber.drainAsync(FluxFlattenIterable.java:351) ~[reactor-core-3.7.18.jar!/:3.7.18]
	at reactor.core.publisher.FluxFlattenIterable$FlattenIterableSubscriber.drain(FluxFlattenIterable.java:724) ~[reactor-core-3.7.18.jar!/:3.7.18]
	at reactor.core.publisher.FluxFlattenIterable$FlattenIterableSubscriber.onError(FluxFlattenIterable.java:263) ~[reactor-core-3.7.18.jar!/:3.7.18]
	at reactor.adapter.JdkFlowAdapter$SubscriberToRS.onError(JdkFlowAdapter.java:155) ~[reactor-core-3.7.18.jar!/:3.7.18]
	at java.net.http/jdk.internal.net.http.ResponseSubscribers$PublishingBodySubscriber.complete(ResponseSubscribers.java:960) ~[java.net.http:na]
	at java.net.http/jdk.internal.net.http.ResponseSubscribers$PublishingBodySubscriber.lambda$new$1(ResponseSubscribers.java:886) ~[java.net.http:na]
	at java.base/java.util.concurrent.CompletableFuture.uniAcceptNow(CompletableFuture.java:757) ~[na:na]
	at java.base/java.util.concurrent.CompletableFuture.uniAcceptStage(CompletableFuture.java:735) ~[na:na]
	at java.base/java.util.concurrent.CompletableFuture.thenAccept(CompletableFuture.java:2214) ~[na:na]
	at java.net.http/jdk.internal.net.http.ResponseSubscribers$PublishingBodySubscriber.lambda$new$2(ResponseSubscribers.java:886) ~[java.net.http:na]
	at java.base/java.util.concurrent.CompletableFuture.uniWhenComplete(CompletableFuture.java:863) ~[na:na]
	at java.base/java.util.concurrent.CompletableFuture$UniWhenComplete.tryFire(CompletableFuture.java:841) ~[na:na]
	at java.base/java.util.concurrent.CompletableFuture.postComplete(CompletableFuture.java:510) ~[na:na]
	at java.base/java.util.concurrent.CompletableFuture.completeExceptionally(CompletableFuture.java:2194) ~[na:na]
	at java.net.http/jdk.internal.net.http.ResponseSubscribers$PublishingBodySubscriber.signalError(ResponseSubscribers.java:968) ~[java.net.http:na]
	at java.net.http/jdk.internal.net.http.ResponseSubscribers$PublishingBodySubscriber.onError(ResponseSubscribers.java:1044) ~[java.net.http:na]
	at java.net.http/jdk.internal.net.http.common.HttpBodySubscriberWrapper.propagateError(HttpBodySubscriberWrapper.java:171) ~[java.net.http:na]
	at java.net.http/jdk.internal.net.http.common.HttpBodySubscriberWrapper.complete(HttpBodySubscriberWrapper.java:310) ~[java.net.http:na]
	at java.net.http/jdk.internal.net.http.common.HttpBodySubscriberWrapper.onError(HttpBodySubscriberWrapper.java:396) ~[java.net.http:na]
	at java.net.http/jdk.internal.net.http.Http1Response.lambda$readBody$1(Http1Response.java:347) ~[java.net.http:na]
	at java.net.http/jdk.internal.net.http.ResponseContent$ChunkedBodyParser.onError(ResponseContent.java:185) ~[java.net.http:na]
	at java.net.http/jdk.internal.net.http.Http1Response$BodyReader.onReadError(Http1Response.java:677) ~[java.net.http:na]
	at java.net.http/jdk.internal.net.http.Http1AsyncReceiver.checkForErrors(Http1AsyncReceiver.java:302) ~[java.net.http:na]
	at java.net.http/jdk.internal.net.http.Http1AsyncReceiver.flush(Http1AsyncReceiver.java:268) ~[java.net.http:na]
	at java.net.http/jdk.internal.net.http.common.SequentialScheduler$LockingRestartableTask.run(SequentialScheduler.java:182) ~[java.net.http:na]
	at java.net.http/jdk.internal.net.http.common.SequentialScheduler$CompleteRestartableTask.run(SequentialScheduler.java:149) ~[java.net.http:na]
	at java.net.http/jdk.internal.net.http.common.SequentialScheduler$SchedulableTask.run(SequentialScheduler.java:207) ~[java.net.http:na]
	at java.base/java.util.concurrent.ThreadPoolExecutor.runWorker(ThreadPoolExecutor.java:1144) ~[na:na]
	at java.base/java.util.concurrent.ThreadPoolExecutor$Worker.run(ThreadPoolExecutor.java:642) ~[na:na]
	at java.base/java.lang.Thread.run(Thread.java:1583) ~[na:na]
Caused by: java.io.IOException: chunked transfer encoding, state: READING_LENGTH
	at java.net.http/jdk.internal.net.http.common.Utils.wrapWithExtraDetail(Utils.java:415) ~[java.net.http:na]
	Suppressed: The stacktrace has been enhanced by Reactor, refer to additional information below: 
Error has been observed at the following site(s):
	*__checkpoint ⇢ Body from POST http://127.0.0.1:18304/v1/chat/completions [DefaultClientResponse]
Original Stack Trace:
		at java.net.http/jdk.internal.net.http.common.Utils.wrapWithExtraDetail(Utils.java:415) ~[java.net.http:na]
		at java.net.http/jdk.internal.net.http.Http1Response$BodyReader.onReadError(Http1Response.java:676) ~[java.net.http:na]
		at java.net.http/jdk.internal.net.http.Http1AsyncReceiver.checkForErrors(Http1AsyncReceiver.java:302) ~[java.net.http:na]
		at java.net.http/jdk.internal.net.http.Http1AsyncReceiver.flush(Http1AsyncReceiver.java:268) ~[java.net.http:na]
		at java.net.http/jdk.internal.net.http.common.SequentialScheduler$LockingRestartableTask.run(SequentialScheduler.java:182) ~[java.net.http:na]
		at java.net.http/jdk.internal.net.http.common.SequentialScheduler$CompleteRestartableTask.run(SequentialScheduler.java:149) ~[java.net.http:na]
		at java.net.http/jdk.internal.net.http.common.SequentialScheduler$SchedulableTask.run(SequentialScheduler.java:207) ~[java.net.http:na]
		at java.base/java.util.concurrent.ThreadPoolExecutor.runWorker(ThreadPoolExecutor.java:1144) ~[na:na]
		at java.base/java.util.concurrent.ThreadPoolExecutor$Worker.run(ThreadPoolExecutor.java:642) ~[na:na]
		at java.base/java.lang.Thread.run(Thread.java:1583) ~[na:na]
Caused by: java.io.EOFException: EOF reached while reading
	at java.net.http/jdk.internal.net.http.Http1AsyncReceiver$Http1TubeSubscriber.onComplete(Http1AsyncReceiver.java:601) ~[java.net.http:na]
	at java.net.http/jdk.internal.net.http.SocketTube$InternalReadPublisher$ReadSubscription.signalCompletion(SocketTube.java:648) ~[java.net.http:na]
	at java.net.http/jdk.internal.net.http.SocketTube$InternalReadPublisher$InternalReadSubscription.read(SocketTube.java:853) ~[java.net.http:na]
	at java.net.http/jdk.internal.net.http.SocketTube$SocketFlowTask.run(SocketTube.java:181) ~[java.net.http:na]
	at java.net.http/jdk.internal.net.http.common.SequentialScheduler$SchedulableTask.run(SequentialScheduler.java:207) ~[java.net.http:na]
	at java.net.http/jdk.internal.net.http.common.SequentialScheduler.runOrSchedule(SequentialScheduler.java:280) ~[java.net.http:na]
	at java.net.http/jdk.internal.net.http.common.SequentialScheduler.runOrSchedule(SequentialScheduler.java:233) ~[java.net.http:na]
	at java.net.http/jdk.internal.net.http.SocketTube$InternalReadPublisher$InternalReadSubscription.signalReadable(SocketTube.java:782) ~[java.net.http:na]
	at java.net.http/jdk.internal.net.http.SocketTube$InternalReadPublisher$ReadEvent.signalEvent(SocketTube.java:965) ~[java.net.http:na]
	at java.net.http/jdk.internal.net.http.SocketTube$SocketFlowEvent.handle(SocketTube.java:253) ~[java.net.http:na]
	at java.net.http/jdk.internal.net.http.HttpClientImpl$SelectorManager.handleEvent(HttpClientImpl.java:1477) ~[java.net.http:na]
	at java.net.http/jdk.internal.net.http.HttpClientImpl$SelectorManager.lambda$run$3(HttpClientImpl.java:1422) ~[java.net.http:na]
	at java.base/java.util.ArrayList.forEach(ArrayList.java:1596) ~[na:na]
	at java.net.http/jdk.internal.net.http.HttpClientImpl$SelectorManager.run(HttpClientImpl.java:1422) ~[java.net.http:na]

2026-10-06T21:34:26.500+08:00 ERROR 26792 --- [sp01d-resilience] [oundedElastic-4] o.s.ai.chat.model.MessageAggregator      : Aggregation Error

org.springframework.web.reactive.function.client.WebClientResponseException: 200 OK from POST http://127.0.0.1:18304/v1/chat/completions, but response failed with cause: java.io.IOException: chunked transfer encoding, state: READING_LENGTH
	at org.springframework.web.reactive.function.client.WebClientResponseException.create(WebClientResponseException.java:337) ~[spring-webflux-6.2.18.jar!/:6.2.18]
	at org.springframework.web.reactive.function.client.DefaultClientResponse.lambda$createException$1(DefaultClientResponse.java:214) ~[spring-webflux-6.2.18.jar!/:6.2.18]
	at reactor.core.publisher.FluxMap$MapSubscriber.onNext(FluxMap.java:106) ~[reactor-core-3.7.18.jar!/:3.7.18]
	at reactor.core.publisher.FluxOnErrorReturn$ReturnSubscriber.onError(FluxOnErrorReturn.java:199) ~[reactor-core-3.7.18.jar!/:3.7.18]
	at reactor.core.publisher.FluxDefaultIfEmpty$DefaultIfEmptySubscriber.onError(FluxDefaultIfEmpty.java:156) ~[reactor-core-3.7.18.jar!/:3.7.18]
	at reactor.core.publisher.FluxOnAssembly$OnAssemblySubscriber.onError(FluxOnAssembly.java:544) ~[reactor-core-3.7.18.jar!/:3.7.18]
	at reactor.core.publisher.FluxMapFuseable$MapFuseableSubscriber.onError(FluxMapFuseable.java:142) ~[reactor-core-3.7.18.jar!/:3.7.18]
	at reactor.core.publisher.FluxContextWrite$ContextWriteSubscriber.onError(FluxContextWrite.java:121) ~[reactor-core-3.7.18.jar!/:3.7.18]
	at reactor.core.publisher.FluxMapFuseable$MapFuseableConditionalSubscriber.onError(FluxMapFuseable.java:340) ~[reactor-core-3.7.18.jar!/:3.7.18]
	at reactor.core.publisher.FluxFilterFuseable$FilterFuseableConditionalSubscriber.onError(FluxFilterFuseable.java:382) ~[reactor-core-3.7.18.jar!/:3.7.18]
	at reactor.core.publisher.MonoCollect$CollectSubscriber.onError(MonoCollect.java:135) ~[reactor-core-3.7.18.jar!/:3.7.18]
	at org.springframework.http.client.reactive.AbstractClientHttpResponse$SingleSubscriberPublisher.subscribe(AbstractClientHttpResponse.java:116) ~[spring-web-6.2.18.jar!/:6.2.18]
	at reactor.core.publisher.FluxSource.subscribe(FluxSource.java:71) ~[reactor-core-3.7.18.jar!/:3.7.18]
	at reactor.core.publisher.Mono.subscribe(Mono.java:4576) ~[reactor-core-3.7.18.jar!/:3.7.18]
	at reactor.core.publisher.FluxOnErrorResume$ResumeSubscriber.onError(FluxOnErrorResume.java:103) ~[reactor-core-3.7.18.jar!/:3.7.18]
	at reactor.core.publisher.FluxOnAssembly$OnAssemblySubscriber.onError(FluxOnAssembly.java:544) ~[reactor-core-3.7.18.jar!/:3.7.18]
	at reactor.core.publisher.FluxConcatMapNoPrefetch$FluxConcatMapNoPrefetchSubscriber.maybeOnError(FluxConcatMapNoPrefetch.java:327) ~[reactor-core-3.7.18.jar!/:3.7.18]
	at reactor.core.publisher.FluxConcatMapNoPrefetch$FluxConcatMapNoPrefetchSubscriber.onError(FluxConcatMapNoPrefetch.java:221) ~[reactor-core-3.7.18.jar!/:3.7.18]
	at reactor.core.publisher.FluxBufferPredicate$BufferPredicateSubscriber.onError(FluxBufferPredicate.java:346) ~[reactor-core-3.7.18.jar!/:3.7.18]
	at reactor.core.publisher.FluxPeekFuseable$PeekFuseableConditionalSubscriber.onError(FluxPeekFuseable.java:553) ~[reactor-core-3.7.18.jar!/:3.7.18]
	at reactor.core.publisher.FluxMapFuseable$MapFuseableConditionalSubscriber.onError(FluxMapFuseable.java:340) ~[reactor-core-3.7.18.jar!/:3.7.18]
	at reactor.core.publisher.FluxContextWrite$ContextWriteSubscriber.onError(FluxContextWrite.java:121) ~[reactor-core-3.7.18.jar!/:3.7.18]
	at reactor.core.publisher.FluxDoFinally$DoFinallySubscriber.onError(FluxDoFinally.java:119) ~[reactor-core-3.7.18.jar!/:3.7.18]
	at reactor.core.publisher.FluxConcatArray$ConcatArraySubscriber.onError(FluxConcatArray.java:186) ~[reactor-core-3.7.18.jar!/:3.7.18]
	at reactor.core.publisher.FluxFlattenIterable$FlattenIterableSubscriber.drainAsync(FluxFlattenIterable.java:351) ~[reactor-core-3.7.18.jar!/:3.7.18]
	at reactor.core.publisher.FluxFlattenIterable$FlattenIterableSubscriber.drain(FluxFlattenIterable.java:724) ~[reactor-core-3.7.18.jar!/:3.7.18]
	at reactor.core.publisher.FluxFlattenIterable$FlattenIterableSubscriber.onError(FluxFlattenIterable.java:263) ~[reactor-core-3.7.18.jar!/:3.7.18]
	at reactor.core.publisher.FluxPublish$PublishSubscriber.checkTerminated(FluxPublish.java:625) ~[reactor-core-3.7.18.jar!/:3.7.18]
	at reactor.core.publisher.FluxPublish$PublishSubscriber.drain(FluxPublish.java:494) ~[reactor-core-3.7.18.jar!/:3.7.18]
	at reactor.core.publisher.FluxPublish$PublishSubscriber.onError(FluxPublish.java:336) ~[reactor-core-3.7.18.jar!/:3.7.18]
	at reactor.core.publisher.FluxContextWrite$ContextWriteSubscriber.onError(FluxContextWrite.java:121) ~[reactor-core-3.7.18.jar!/:3.7.18]
	at reactor.core.publisher.FluxMapFuseable$MapFuseableConditionalSubscriber.onError(FluxMapFuseable.java:340) ~[reactor-core-3.7.18.jar!/:3.7.18]
	at reactor.core.publisher.FluxFlattenIterable$FlattenIterableSubscriber.drainAsync(FluxFlattenIterable.java:351) ~[reactor-core-3.7.18.jar!/:3.7.18]
	at reactor.core.publisher.FluxFlattenIterable$FlattenIterableSubscriber.drain(FluxFlattenIterable.java:724) ~[reactor-core-3.7.18.jar!/:3.7.18]
	at reactor.core.publisher.FluxFlattenIterable$FlattenIterableSubscriber.onError(FluxFlattenIterable.java:263) ~[reactor-core-3.7.18.jar!/:3.7.18]
	at reactor.adapter.JdkFlowAdapter$SubscriberToRS.onError(JdkFlowAdapter.java:155) ~[reactor-core-3.7.18.jar!/:3.7.18]
	at java.net.http/jdk.internal.net.http.ResponseSubscribers$PublishingBodySubscriber.complete(ResponseSubscribers.java:960) ~[java.net.http:na]
	at java.net.http/jdk.internal.net.http.ResponseSubscribers$PublishingBodySubscriber.lambda$new$1(ResponseSubscribers.java:886) ~[java.net.http:na]
	at java.base/java.util.concurrent.CompletableFuture.uniAcceptNow(CompletableFuture.java:757) ~[na:na]
	at java.base/java.util.concurrent.CompletableFuture.uniAcceptStage(CompletableFuture.java:735) ~[na:na]
	at java.base/java.util.concurrent.CompletableFuture.thenAccept(CompletableFuture.java:2214) ~[na:na]
	at java.net.http/jdk.internal.net.http.ResponseSubscribers$PublishingBodySubscriber.lambda$new$2(ResponseSubscribers.java:886) ~[java.net.http:na]
	at java.base/java.util.concurrent.CompletableFuture.uniWhenComplete(CompletableFuture.java:863) ~[na:na]
	at java.base/java.util.concurrent.CompletableFuture$UniWhenComplete.tryFire(CompletableFuture.java:841) ~[na:na]
	at java.base/java.util.concurrent.CompletableFuture.postComplete(CompletableFuture.java:510) ~[na:na]
	at java.base/java.util.concurrent.CompletableFuture.completeExceptionally(CompletableFuture.java:2194) ~[na:na]
	at java.net.http/jdk.internal.net.http.ResponseSubscribers$PublishingBodySubscriber.signalError(ResponseSubscribers.java:968) ~[java.net.http:na]
	at java.net.http/jdk.internal.net.http.ResponseSubscribers$PublishingBodySubscriber.onError(ResponseSubscribers.java:1044) ~[java.net.http:na]
	at java.net.http/jdk.internal.net.http.common.HttpBodySubscriberWrapper.propagateError(HttpBodySubscriberWrapper.java:171) ~[java.net.http:na]
	at java.net.http/jdk.internal.net.http.common.HttpBodySubscriberWrapper.complete(HttpBodySubscriberWrapper.java:310) ~[java.net.http:na]
	at java.net.http/jdk.internal.net.http.common.HttpBodySubscriberWrapper.onError(HttpBodySubscriberWrapper.java:396) ~[java.net.http:na]
	at java.net.http/jdk.internal.net.http.Http1Response.lambda$readBody$1(Http1Response.java:347) ~[java.net.http:na]
	at java.net.http/jdk.internal.net.http.ResponseContent$ChunkedBodyParser.onError(ResponseContent.java:185) ~[java.net.http:na]
	at java.net.http/jdk.internal.net.http.Http1Response$BodyReader.onReadError(Http1Response.java:677) ~[java.net.http:na]
	at java.net.http/jdk.internal.net.http.Http1AsyncReceiver.checkForErrors(Http1AsyncReceiver.java:302) ~[java.net.http:na]
	at java.net.http/jdk.internal.net.http.Http1AsyncReceiver.flush(Http1AsyncReceiver.java:268) ~[java.net.http:na]
	at java.net.http/jdk.internal.net.http.common.SequentialScheduler$LockingRestartableTask.run(SequentialScheduler.java:182) ~[java.net.http:na]
	at java.net.http/jdk.internal.net.http.common.SequentialScheduler$CompleteRestartableTask.run(SequentialScheduler.java:149) ~[java.net.http:na]
	at java.net.http/jdk.internal.net.http.common.SequentialScheduler$SchedulableTask.run(SequentialScheduler.java:207) ~[java.net.http:na]
	at java.base/java.util.concurrent.ThreadPoolExecutor.runWorker(ThreadPoolExecutor.java:1144) ~[na:na]
	at java.base/java.util.concurrent.ThreadPoolExecutor$Worker.run(ThreadPoolExecutor.java:642) ~[na:na]
	at java.base/java.lang.Thread.run(Thread.java:1583) ~[na:na]
Caused by: java.io.IOException: chunked transfer encoding, state: READING_LENGTH
	at java.net.http/jdk.internal.net.http.common.Utils.wrapWithExtraDetail(Utils.java:415) ~[java.net.http:na]
	Suppressed: The stacktrace has been enhanced by Reactor, refer to additional information below: 
Error has been observed at the following site(s):
	*__checkpoint ⇢ Body from POST http://127.0.0.1:18304/v1/chat/completions [DefaultClientResponse]
Original Stack Trace:
		at java.net.http/jdk.internal.net.http.common.Utils.wrapWithExtraDetail(Utils.java:415) ~[java.net.http:na]
		at java.net.http/jdk.internal.net.http.Http1Response$BodyReader.onReadError(Http1Response.java:676) ~[java.net.http:na]
		at java.net.http/jdk.internal.net.http.Http1AsyncReceiver.checkForErrors(Http1AsyncReceiver.java:302) ~[java.net.http:na]
		at java.net.http/jdk.internal.net.http.Http1AsyncReceiver.flush(Http1AsyncReceiver.java:268) ~[java.net.http:na]
		at java.net.http/jdk.internal.net.http.common.SequentialScheduler$LockingRestartableTask.run(SequentialScheduler.java:182) ~[java.net.http:na]
		at java.net.http/jdk.internal.net.http.common.SequentialScheduler$CompleteRestartableTask.run(SequentialScheduler.java:149) ~[java.net.http:na]
		at java.net.http/jdk.internal.net.http.common.SequentialScheduler$SchedulableTask.run(SequentialScheduler.java:207) ~[java.net.http:na]
		at java.base/java.util.concurrent.ThreadPoolExecutor.runWorker(ThreadPoolExecutor.java:1144) ~[na:na]
		at java.base/java.util.concurrent.ThreadPoolExecutor$Worker.run(ThreadPoolExecutor.java:642) ~[na:na]
		at java.base/java.lang.Thread.run(Thread.java:1583) ~[na:na]
Caused by: java.io.EOFException: EOF reached while reading
	at java.net.http/jdk.internal.net.http.Http1AsyncReceiver$Http1TubeSubscriber.onComplete(Http1AsyncReceiver.java:601) ~[java.net.http:na]
	at java.net.http/jdk.internal.net.http.SocketTube$InternalReadPublisher$ReadSubscription.signalCompletion(SocketTube.java:648) ~[java.net.http:na]
	at java.net.http/jdk.internal.net.http.SocketTube$InternalReadPublisher$InternalReadSubscription.read(SocketTube.java:853) ~[java.net.http:na]
	at java.net.http/jdk.internal.net.http.SocketTube$SocketFlowTask.run(SocketTube.java:181) ~[java.net.http:na]
	at java.net.http/jdk.internal.net.http.common.SequentialScheduler$SchedulableTask.run(SequentialScheduler.java:207) ~[java.net.http:na]
	at java.net.http/jdk.internal.net.http.common.SequentialScheduler.runOrSchedule(SequentialScheduler.java:280) ~[java.net.http:na]
	at java.net.http/jdk.internal.net.http.common.SequentialScheduler.runOrSchedule(SequentialScheduler.java:233) ~[java.net.http:na]
	at java.net.http/jdk.internal.net.http.SocketTube$InternalReadPublisher$InternalReadSubscription.signalReadable(SocketTube.java:782) ~[java.net.http:na]
	at java.net.http/jdk.internal.net.http.SocketTube$InternalReadPublisher$ReadEvent.signalEvent(SocketTube.java:965) ~[java.net.http:na]
	at java.net.http/jdk.internal.net.http.SocketTube$SocketFlowEvent.handle(SocketTube.java:253) ~[java.net.http:na]
	at java.net.http/jdk.internal.net.http.HttpClientImpl$SelectorManager.handleEvent(HttpClientImpl.java:1477) ~[java.net.http:na]
	at java.net.http/jdk.internal.net.http.HttpClientImpl$SelectorManager.lambda$run$3(HttpClientImpl.java:1422) ~[java.net.http:na]
	at java.base/java.util.ArrayList.forEach(ArrayList.java:1596) ~[na:na]
	at java.net.http/jdk.internal.net.http.HttpClientImpl$SelectorManager.run(HttpClientImpl.java:1422) ~[java.net.http:na]

2026-10-06T21:34:26.501+08:00 ERROR 26792 --- [sp01d-resilience] [oundedElastic-4] o.s.ai.chat.model.MessageAggregator      : Aggregation Error

org.springframework.web.reactive.function.client.WebClientResponseException: 200 OK from POST http://127.0.0.1:18304/v1/chat/completions, but response failed with cause: java.io.IOException: chunked transfer encoding, state: READING_LENGTH
	at org.springframework.web.reactive.function.client.WebClientResponseException.create(WebClientResponseException.java:337) ~[spring-webflux-6.2.18.jar!/:6.2.18]
	at org.springframework.web.reactive.function.client.DefaultClientResponse.lambda$createException$1(DefaultClientResponse.java:214) ~[spring-webflux-6.2.18.jar!/:6.2.18]
	at reactor.core.publisher.FluxMap$MapSubscriber.onNext(FluxMap.java:106) ~[reactor-core-3.7.18.jar!/:3.7.18]
	at reactor.core.publisher.FluxOnErrorReturn$ReturnSubscriber.onError(FluxOnErrorReturn.java:199) ~[reactor-core-3.7.18.jar!/:3.7.18]
	at reactor.core.publisher.FluxDefaultIfEmpty$DefaultIfEmptySubscriber.onError(FluxDefaultIfEmpty.java:156) ~[reactor-core-3.7.18.jar!/:3.7.18]
	at reactor.core.publisher.FluxOnAssembly$OnAssemblySubscriber.onError(FluxOnAssembly.java:544) ~[reactor-core-3.7.18.jar!/:3.7.18]
	at reactor.core.publisher.FluxMapFuseable$MapFuseableSubscriber.onError(FluxMapFuseable.java:142) ~[reactor-core-3.7.18.jar!/:3.7.18]
	at reactor.core.publisher.FluxContextWrite$ContextWriteSubscriber.onError(FluxContextWrite.java:121) ~[reactor-core-3.7.18.jar!/:3.7.18]
	at reactor.core.publisher.FluxMapFuseable$MapFuseableConditionalSubscriber.onError(FluxMapFuseable.java:340) ~[reactor-core-3.7.18.jar!/:3.7.18]
	at reactor.core.publisher.FluxFilterFuseable$FilterFuseableConditionalSubscriber.onError(FluxFilterFuseable.java:382) ~[reactor-core-3.7.18.jar!/:3.7.18]
	at reactor.core.publisher.MonoCollect$CollectSubscriber.onError(MonoCollect.java:135) ~[reactor-core-3.7.18.jar!/:3.7.18]
	at org.springframework.http.client.reactive.AbstractClientHttpResponse$SingleSubscriberPublisher.subscribe(AbstractClientHttpResponse.java:116) ~[spring-web-6.2.18.jar!/:6.2.18]
	at reactor.core.publisher.FluxSource.subscribe(FluxSource.java:71) ~[reactor-core-3.7.18.jar!/:3.7.18]
	at reactor.core.publisher.Mono.subscribe(Mono.java:4576) ~[reactor-core-3.7.18.jar!/:3.7.18]
	at reactor.core.publisher.FluxOnErrorResume$ResumeSubscriber.onError(FluxOnErrorResume.java:103) ~[reactor-core-3.7.18.jar!/:3.7.18]
	at reactor.core.publisher.FluxOnAssembly$OnAssemblySubscriber.onError(FluxOnAssembly.java:544) ~[reactor-core-3.7.18.jar!/:3.7.18]
	at reactor.core.publisher.FluxConcatMapNoPrefetch$FluxConcatMapNoPrefetchSubscriber.maybeOnError(FluxConcatMapNoPrefetch.java:327) ~[reactor-core-3.7.18.jar!/:3.7.18]
	at reactor.core.publisher.FluxConcatMapNoPrefetch$FluxConcatMapNoPrefetchSubscriber.onError(FluxConcatMapNoPrefetch.java:221) ~[reactor-core-3.7.18.jar!/:3.7.18]
	at reactor.core.publisher.FluxBufferPredicate$BufferPredicateSubscriber.onError(FluxBufferPredicate.java:346) ~[reactor-core-3.7.18.jar!/:3.7.18]
	at reactor.core.publisher.FluxPeekFuseable$PeekFuseableConditionalSubscriber.onError(FluxPeekFuseable.java:553) ~[reactor-core-3.7.18.jar!/:3.7.18]
	at reactor.core.publisher.FluxMapFuseable$MapFuseableConditionalSubscriber.onError(FluxMapFuseable.java:340) ~[reactor-core-3.7.18.jar!/:3.7.18]
	at reactor.core.publisher.FluxContextWrite$ContextWriteSubscriber.onError(FluxContextWrite.java:121) ~[reactor-core-3.7.18.jar!/:3.7.18]
	at reactor.core.publisher.FluxDoFinally$DoFinallySubscriber.onError(FluxDoFinally.java:119) ~[reactor-core-3.7.18.jar!/:3.7.18]
	at reactor.core.publisher.FluxConcatArray$ConcatArraySubscriber.onError(FluxConcatArray.java:186) ~[reactor-core-3.7.18.jar!/:3.7.18]
	at reactor.core.publisher.FluxFlattenIterable$FlattenIterableSubscriber.drainAsync(FluxFlattenIterable.java:351) ~[reactor-core-3.7.18.jar!/:3.7.18]
	at reactor.core.publisher.FluxFlattenIterable$FlattenIterableSubscriber.drain(FluxFlattenIterable.java:724) ~[reactor-core-3.7.18.jar!/:3.7.18]
	at reactor.core.publisher.FluxFlattenIterable$FlattenIterableSubscriber.onError(FluxFlattenIterable.java:263) ~[reactor-core-3.7.18.jar!/:3.7.18]
	at reactor.core.publisher.FluxPublish$PublishSubscriber.checkTerminated(FluxPublish.java:625) ~[reactor-core-3.7.18.jar!/:3.7.18]
	at reactor.core.publisher.FluxPublish$PublishSubscriber.drain(FluxPublish.java:494) ~[reactor-core-3.7.18.jar!/:3.7.18]
	at reactor.core.publisher.FluxPublish$PublishSubscriber.onError(FluxPublish.java:336) ~[reactor-core-3.7.18.jar!/:3.7.18]
	at reactor.core.publisher.FluxContextWrite$ContextWriteSubscriber.onError(FluxContextWrite.java:121) ~[reactor-core-3.7.18.jar!/:3.7.18]
	at reactor.core.publisher.FluxMapFuseable$MapFuseableConditionalSubscriber.onError(FluxMapFuseable.java:340) ~[reactor-core-3.7.18.jar!/:3.7.18]
	at reactor.core.publisher.FluxFlattenIterable$FlattenIterableSubscriber.drainAsync(FluxFlattenIterable.java:351) ~[reactor-core-3.7.18.jar!/:3.7.18]
	at reactor.core.publisher.FluxFlattenIterable$FlattenIterableSubscriber.drain(FluxFlattenIterable.java:724) ~[reactor-core-3.7.18.jar!/:3.7.18]
	at reactor.core.publisher.FluxFlattenIterable$FlattenIterableSubscriber.onError(FluxFlattenIterable.java:263) ~[reactor-core-3.7.18.jar!/:3.7.18]
	at reactor.adapter.JdkFlowAdapter$SubscriberToRS.onError(JdkFlowAdapter.java:155) ~[reactor-core-3.7.18.jar!/:3.7.18]
	at java.net.http/jdk.internal.net.http.ResponseSubscribers$PublishingBodySubscriber.complete(ResponseSubscribers.java:960) ~[java.net.http:na]
	at java.net.http/jdk.internal.net.http.ResponseSubscribers$PublishingBodySubscriber.lambda$new$1(ResponseSubscribers.java:886) ~[java.net.http:na]
	at java.base/java.util.concurrent.CompletableFuture.uniAcceptNow(CompletableFuture.java:757) ~[na:na]
	at java.base/java.util.concurrent.CompletableFuture.uniAcceptStage(CompletableFuture.java:735) ~[na:na]
	at java.base/java.util.concurrent.CompletableFuture.thenAccept(CompletableFuture.java:2214) ~[na:na]
	at java.net.http/jdk.internal.net.http.ResponseSubscribers$PublishingBodySubscriber.lambda$new$2(ResponseSubscribers.java:886) ~[java.net.http:na]
	at java.base/java.util.concurrent.CompletableFuture.uniWhenComplete(CompletableFuture.java:863) ~[na:na]
	at java.base/java.util.concurrent.CompletableFuture$UniWhenComplete.tryFire(CompletableFuture.java:841) ~[na:na]
	at java.base/java.util.concurrent.CompletableFuture.postComplete(CompletableFuture.java:510) ~[na:na]
	at java.base/java.util.concurrent.CompletableFuture.completeExceptionally(CompletableFuture.java:2194) ~[na:na]
	at java.net.http/jdk.internal.net.http.ResponseSubscribers$PublishingBodySubscriber.signalError(ResponseSubscribers.java:968) ~[java.net.http:na]
	at java.net.http/jdk.internal.net.http.ResponseSubscribers$PublishingBodySubscriber.onError(ResponseSubscribers.java:1044) ~[java.net.http:na]
	at java.net.http/jdk.internal.net.http.common.HttpBodySubscriberWrapper.propagateError(HttpBodySubscriberWrapper.java:171) ~[java.net.http:na]
	at java.net.http/jdk.internal.net.http.common.HttpBodySubscriberWrapper.complete(HttpBodySubscriberWrapper.java:310) ~[java.net.http:na]
	at java.net.http/jdk.internal.net.http.common.HttpBodySubscriberWrapper.onError(HttpBodySubscriberWrapper.java:396) ~[java.net.http:na]
	at java.net.http/jdk.internal.net.http.Http1Response.lambda$readBody$1(Http1Response.java:347) ~[java.net.http:na]
	at java.net.http/jdk.internal.net.http.ResponseContent$ChunkedBodyParser.onError(ResponseContent.java:185) ~[java.net.http:na]
	at java.net.http/jdk.internal.net.http.Http1Response$BodyReader.onReadError(Http1Response.java:677) ~[java.net.http:na]
	at java.net.http/jdk.internal.net.http.Http1AsyncReceiver.checkForErrors(Http1AsyncReceiver.java:302) ~[java.net.http:na]
	at java.net.http/jdk.internal.net.http.Http1AsyncReceiver.flush(Http1AsyncReceiver.java:268) ~[java.net.http:na]
	at java.net.http/jdk.internal.net.http.common.SequentialScheduler$LockingRestartableTask.run(SequentialScheduler.java:182) ~[java.net.http:na]
	at java.net.http/jdk.internal.net.http.common.SequentialScheduler$CompleteRestartableTask.run(SequentialScheduler.java:149) ~[java.net.http:na]
	at java.net.http/jdk.internal.net.http.common.SequentialScheduler$SchedulableTask.run(SequentialScheduler.java:207) ~[java.net.http:na]
	at java.base/java.util.concurrent.ThreadPoolExecutor.runWorker(ThreadPoolExecutor.java:1144) ~[na:na]
	at java.base/java.util.concurrent.ThreadPoolExecutor$Worker.run(ThreadPoolExecutor.java:642) ~[na:na]
	at java.base/java.lang.Thread.run(Thread.java:1583) ~[na:na]
Caused by: java.io.IOException: chunked transfer encoding, state: READING_LENGTH
	at java.net.http/jdk.internal.net.http.common.Utils.wrapWithExtraDetail(Utils.java:415) ~[java.net.http:na]
	Suppressed: The stacktrace has been enhanced by Reactor, refer to additional information below: 
Error has been observed at the following site(s):
	*__checkpoint ⇢ Body from POST http://127.0.0.1:18304/v1/chat/completions [DefaultClientResponse]
Original Stack Trace:
		at java.net.http/jdk.internal.net.http.common.Utils.wrapWithExtraDetail(Utils.java:415) ~[java.net.http:na]
		at java.net.http/jdk.internal.net.http.Http1Response$BodyReader.onReadError(Http1Response.java:676) ~[java.net.http:na]
		at java.net.http/jdk.internal.net.http.Http1AsyncReceiver.checkForErrors(Http1AsyncReceiver.java:302) ~[java.net.http:na]
		at java.net.http/jdk.internal.net.http.Http1AsyncReceiver.flush(Http1AsyncReceiver.java:268) ~[java.net.http:na]
		at java.net.http/jdk.internal.net.http.common.SequentialScheduler$LockingRestartableTask.run(SequentialScheduler.java:182) ~[java.net.http:na]
		at java.net.http/jdk.internal.net.http.common.SequentialScheduler$CompleteRestartableTask.run(SequentialScheduler.java:149) ~[java.net.http:na]
		at java.net.http/jdk.internal.net.http.common.SequentialScheduler$SchedulableTask.run(SequentialScheduler.java:207) ~[java.net.http:na]
		at java.base/java.util.concurrent.ThreadPoolExecutor.runWorker(ThreadPoolExecutor.java:1144) ~[na:na]
		at java.base/java.util.concurrent.ThreadPoolExecutor$Worker.run(ThreadPoolExecutor.java:642) ~[na:na]
		at java.base/java.lang.Thread.run(Thread.java:1583) ~[na:na]
Caused by: java.io.EOFException: EOF reached while reading
	at java.net.http/jdk.internal.net.http.Http1AsyncReceiver$Http1TubeSubscriber.onComplete(Http1AsyncReceiver.java:601) ~[java.net.http:na]
	at java.net.http/jdk.internal.net.http.SocketTube$InternalReadPublisher$ReadSubscription.signalCompletion(SocketTube.java:648) ~[java.net.http:na]
	at java.net.http/jdk.internal.net.http.SocketTube$InternalReadPublisher$InternalReadSubscription.read(SocketTube.java:853) ~[java.net.http:na]
	at java.net.http/jdk.internal.net.http.SocketTube$SocketFlowTask.run(SocketTube.java:181) ~[java.net.http:na]
	at java.net.http/jdk.internal.net.http.common.SequentialScheduler$SchedulableTask.run(SequentialScheduler.java:207) ~[java.net.http:na]
	at java.net.http/jdk.internal.net.http.common.SequentialScheduler.runOrSchedule(SequentialScheduler.java:280) ~[java.net.http:na]
	at java.net.http/jdk.internal.net.http.common.SequentialScheduler.runOrSchedule(SequentialScheduler.java:233) ~[java.net.http:na]
	at java.net.http/jdk.internal.net.http.SocketTube$InternalReadPublisher$InternalReadSubscription.signalReadable(SocketTube.java:782) ~[java.net.http:na]
	at java.net.http/jdk.internal.net.http.SocketTube$InternalReadPublisher$ReadEvent.signalEvent(SocketTube.java:965) ~[java.net.http:na]
	at java.net.http/jdk.internal.net.http.SocketTube$SocketFlowEvent.handle(SocketTube.java:253) ~[java.net.http:na]
	at java.net.http/jdk.internal.net.http.HttpClientImpl$SelectorManager.handleEvent(HttpClientImpl.java:1477) ~[java.net.http:na]
	at java.net.http/jdk.internal.net.http.HttpClientImpl$SelectorManager.lambda$run$3(HttpClientImpl.java:1422) ~[java.net.http:na]
	at java.base/java.util.ArrayList.forEach(ArrayList.java:1596) ~[na:na]
	at java.net.http/jdk.internal.net.http.HttpClientImpl$SelectorManager.run(HttpClientImpl.java:1422) ~[java.net.http:na]

2026-10-06T21:34:26.502+08:00  WARN 26792 --- [sp01d-resilience] [    spike-run-3] c.e.spike.core.ResilientChatService      : ATTEMPT_FAILED sessionId=vd1-truncate attempt=2 costMs=761 emittedAny=false sideEffect=false overBudget=false hasNext=false retryable=false reason=EOFException: EOF reached while reading
2026-10-06T21:34:26.502+08:00  INFO 26792 --- [sp01d-resilience] [    spike-run-3] c.e.spike.core.ResilientChatService      : RUN_END sessionId=vd1-truncate runId=vd1-truncate#1791293664765 terminal=FAILED attempts=2 elapsedMs=1737 deltas=0 emittedChars=0 contentLen=0
2026-10-06T21:34:27.541+08:00  INFO 26792 --- [sp01d-resilience] [oundedElastic-3] c.e.spike.core.ResilientChatService      : STREAM_ITEM sessionId=vd1-truncate-fin runId=vd1-truncate-fin#1791293666632 tsOffset=909ms textLen=-1 hasToolCalls=false
2026-10-06T21:34:27.724+08:00  INFO 26792 --- [sp01d-resilience] [oundedElastic-3] c.e.spike.core.ResilientChatService      : STREAM_ITEM sessionId=vd1-truncate-fin runId=vd1-truncate-fin#1791293666632 tsOffset=1092ms textLen=-1 hasToolCalls=false
2026-10-06T21:34:27.840+08:00  INFO 26792 --- [sp01d-resilience] [oundedElastic-3] c.e.spike.core.ResilientChatService      : STREAM_ITEM sessionId=vd1-truncate-fin runId=vd1-truncate-fin#1791293666632 tsOffset=1208ms textLen=-1 hasToolCalls=false
2026-10-06T21:34:27.841+08:00  INFO 26792 --- [sp01d-resilience] [oundedElastic-3] c.e.spike.core.ResilientChatService      : STREAM_ITEM sessionId=vd1-truncate-fin runId=vd1-truncate-fin#1791293666632 tsOffset=1209ms textLen=-1 hasToolCalls=false
2026-10-06T21:34:27.841+08:00  INFO 26792 --- [sp01d-resilience] [oundedElastic-3] c.e.spike.core.ResilientChatService      : STREAM_ITEM sessionId=vd1-truncate-fin runId=vd1-truncate-fin#1791293666632 tsOffset=1209ms textLen=-1 hasToolCalls=false
2026-10-06T21:34:27.863+08:00  INFO 26792 --- [sp01d-resilience] [oundedElastic-3] c.e.spike.core.ResilientChatService      : STREAM_ITEM sessionId=vd1-truncate-fin runId=vd1-truncate-fin#1791293666632 tsOffset=1231ms textLen=-1 hasToolCalls=false
2026-10-06T21:34:27.864+08:00  INFO 26792 --- [sp01d-resilience] [oundedElastic-3] c.e.spike.core.ResilientChatService      : STREAM_ITEM sessionId=vd1-truncate-fin runId=vd1-truncate-fin#1791293666632 tsOffset=1232ms textLen=-1 hasToolCalls=false
2026-10-06T21:34:27.867+08:00  INFO 26792 --- [sp01d-resilience] [oundedElastic-3] c.e.spike.core.ResilientChatService      : STREAM_ITEM sessionId=vd1-truncate-fin runId=vd1-truncate-fin#1791293666632 tsOffset=1235ms textLen=-1 hasToolCalls=false
2026-10-06T21:34:27.868+08:00  INFO 26792 --- [sp01d-resilience] [    spike-run-4] c.e.spike.core.ResilientChatService      : RUN_END sessionId=vd1-truncate-fin runId=vd1-truncate-fin#1791293666632 terminal=OK attempts=1 elapsedMs=1235 deltas=0 emittedChars=0 contentLen=0
2026-10-06T21:34:28.006+08:00 DEBUG 26792 --- [sp01d-resilience] [io-18303-exec-7] o.s.a.m.tool.DefaultToolCallingManager   : Executing tool call: getServerTime
2026-10-06T21:34:28.006+08:00  INFO 26792 --- [sp01d-resilience] [io-18303-exec-7] com.example.spike.tools.SpikeTools       : TOOL_EXEC source=INTERNAL_LOOP runId=vd2-spi-dup-1791293667965 name=getServerTime
2026-10-06T21:34:28.007+08:00 DEBUG 26792 --- [sp01d-resilience] [io-18303-exec-7] o.s.a.m.tool.DefaultToolCallingManager   : Executing tool call: getServerTime
2026-10-06T21:34:28.007+08:00  INFO 26792 --- [sp01d-resilience] [io-18303-exec-7] com.example.spike.tools.SpikeTools       : TOOL_EXEC source=INTERNAL_LOOP runId=vd2-spi-dup-1791293667965 name=getServerTime
2026-10-06T21:34:28.770+08:00  INFO 26792 --- [sp01d-resilience] [io-18303-exec-3] c.example.spike.core.FrontendToolLoop    : FRONTOOL_PAUSED runId=ftl-1 round=1 toolCalls=[call_00_W4opPnhxjyRGy4iLlna43101]
2026-10-06T21:34:28.781+08:00  INFO 26792 --- [sp01d-resilience] [io-18303-exec-2] c.example.spike.core.FrontendToolLoop    : FRONTOOL_RESULT_ACCEPTED runId=ftl-1 toolCallId=call_00_W4opPnhxjyRGy4iLlna43101 name=getServerTime
2026-10-06T21:34:28.782+08:00  INFO 26792 --- [sp01d-resilience] [io-18303-exec-2] c.example.spike.core.FrontendToolLoop    : FRONTOOL_APPENDED_TOOL_RESPONSES runId=ftl-1 count=1 ids=[call_00_W4opPnhxjyRGy4iLlna43101]
2026-10-06T21:34:29.578+08:00  INFO 26792 --- [sp01d-resilience] [io-18303-exec-2] c.example.spike.core.FrontendToolLoop    : FRONTOOL_DONE runId=ftl-1 round=2 rounds_total=2
2026-10-06T21:34:29.588+08:00  INFO 26792 --- [sp01d-resilience] [io-18303-exec-4] c.example.spike.core.FrontendToolLoop    : FRONTOOL_DUPLICATE_REJECTED runId=ftl-1 toolCallId=call_00_W4opPnhxjyRGy4iLlna43101
2026-10-06T21:34:55.164+08:00  INFO 26792 --- [sp01d-resilience] [oundedElastic-4] c.e.spike.core.ResilientChatService      : STREAM_ITEM sessionId=vd3-coop runId=vd3-coop#1791293694366 tsOffset=798ms textLen=-1 hasToolCalls=false
2026-10-06T21:34:55.265+08:00  INFO 26792 --- [sp01d-resilience] [oundedElastic-4] c.e.spike.core.ResilientChatService      : STREAM_ITEM sessionId=vd3-coop runId=vd3-coop#1791293694366 tsOffset=899ms textLen=-1 hasToolCalls=false
2026-10-06T21:34:55.278+08:00  INFO 26792 --- [sp01d-resilience] [oundedElastic-4] c.e.spike.core.ResilientChatService      : STREAM_ITEM sessionId=vd3-coop runId=vd3-coop#1791293694366 tsOffset=912ms textLen=-1 hasToolCalls=false
2026-10-06T21:34:55.296+08:00  INFO 26792 --- [sp01d-resilience] [oundedElastic-4] c.e.spike.core.ResilientChatService      : STREAM_ITEM sessionId=vd3-coop runId=vd3-coop#1791293694366 tsOffset=930ms textLen=-1 hasToolCalls=false
2026-10-06T21:34:55.297+08:00  INFO 26792 --- [sp01d-resilience] [oundedElastic-4] c.e.spike.core.ResilientChatService      : STREAM_ITEM sessionId=vd3-coop runId=vd3-coop#1791293694366 tsOffset=931ms textLen=-1 hasToolCalls=false
2026-10-06T21:34:55.298+08:00  INFO 26792 --- [sp01d-resilience] [oundedElastic-4] c.e.spike.core.ResilientChatService      : STREAM_ITEM sessionId=vd3-coop runId=vd3-coop#1791293694366 tsOffset=932ms textLen=-1 hasToolCalls=false
2026-10-06T21:34:55.307+08:00  INFO 26792 --- [sp01d-resilience] [oundedElastic-4] c.e.spike.core.ResilientChatService      : STREAM_ITEM sessionId=vd3-coop runId=vd3-coop#1791293694366 tsOffset=941ms textLen=-1 hasToolCalls=false
2026-10-06T21:34:55.307+08:00  INFO 26792 --- [sp01d-resilience] [oundedElastic-4] c.e.spike.core.ResilientChatService      : STREAM_ITEM sessionId=vd3-coop runId=vd3-coop#1791293694366 tsOffset=941ms textLen=-1 hasToolCalls=false
2026-10-06T21:34:55.309+08:00  INFO 26792 --- [sp01d-resilience] [oundedElastic-4] c.e.spike.core.ResilientChatService      : STREAM_ITEM sessionId=vd3-coop runId=vd3-coop#1791293694366 tsOffset=943ms textLen=-1 hasToolCalls=false
2026-10-06T21:34:55.311+08:00  INFO 26792 --- [sp01d-resilience] [oundedElastic-4] c.e.spike.core.ResilientChatService      : STREAM_ITEM sessionId=vd3-coop runId=vd3-coop#1791293694366 tsOffset=945ms textLen=-1 hasToolCalls=false
2026-10-06T21:34:55.313+08:00  INFO 26792 --- [sp01d-resilience] [oundedElastic-4] c.e.spike.core.ResilientChatService      : STREAM_ITEM sessionId=vd3-coop runId=vd3-coop#1791293694366 tsOffset=947ms textLen=-1 hasToolCalls=false
2026-10-06T21:34:55.314+08:00  INFO 26792 --- [sp01d-resilience] [oundedElastic-4] c.e.spike.core.ResilientChatService      : STREAM_ITEM sessionId=vd3-coop runId=vd3-coop#1791293694366 tsOffset=948ms textLen=-1 hasToolCalls=false
2026-10-06T21:34:55.318+08:00  INFO 26792 --- [sp01d-resilience] [oundedElastic-4] c.e.spike.core.ResilientChatService      : STREAM_ITEM sessionId=vd3-coop runId=vd3-coop#1791293694366 tsOffset=952ms textLen=-1 hasToolCalls=false
2026-10-06T21:34:55.319+08:00  INFO 26792 --- [sp01d-resilience] [oundedElastic-4] c.e.spike.core.ResilientChatService      : STREAM_ITEM sessionId=vd3-coop runId=vd3-coop#1791293694366 tsOffset=953ms textLen=-1 hasToolCalls=false
2026-10-06T21:34:55.333+08:00  INFO 26792 --- [sp01d-resilience] [oundedElastic-4] c.e.spike.core.ResilientChatService      : STREAM_ITEM sessionId=vd3-coop runId=vd3-coop#1791293694366 tsOffset=967ms textLen=-1 hasToolCalls=false
2026-10-06T21:34:55.334+08:00  INFO 26792 --- [sp01d-resilience] [oundedElastic-4] c.e.spike.core.ResilientChatService      : STREAM_ITEM sessionId=vd3-coop runId=vd3-coop#1791293694366 tsOffset=968ms textLen=-1 hasToolCalls=false
2026-10-06T21:34:55.335+08:00  INFO 26792 --- [sp01d-resilience] [oundedElastic-4] c.e.spike.core.ResilientChatService      : STREAM_ITEM sessionId=vd3-coop runId=vd3-coop#1791293694366 tsOffset=969ms textLen=-1 hasToolCalls=false
2026-10-06T21:34:55.336+08:00  INFO 26792 --- [sp01d-resilience] [oundedElastic-4] c.e.spike.core.ResilientChatService      : STREAM_ITEM sessionId=vd3-coop runId=vd3-coop#1791293694366 tsOffset=970ms textLen=-1 hasToolCalls=false
2026-10-06T21:34:55.337+08:00  INFO 26792 --- [sp01d-resilience] [oundedElastic-4] c.e.spike.core.ResilientChatService      : STREAM_ITEM sessionId=vd3-coop runId=vd3-coop#1791293694366 tsOffset=971ms textLen=-1 hasToolCalls=false
2026-10-06T21:34:55.337+08:00  INFO 26792 --- [sp01d-resilience] [oundedElastic-4] c.e.spike.core.ResilientChatService      : STREAM_ITEM sessionId=vd3-coop runId=vd3-coop#1791293694366 tsOffset=971ms textLen=-1 hasToolCalls=false
2026-10-06T21:34:55.345+08:00  INFO 26792 --- [sp01d-resilience] [oundedElastic-4] c.e.spike.core.ResilientChatService      : STREAM_ITEM sessionId=vd3-coop runId=vd3-coop#1791293694366 tsOffset=979ms textLen=-1 hasToolCalls=false
2026-10-06T21:34:55.345+08:00  INFO 26792 --- [sp01d-resilience] [oundedElastic-4] c.e.spike.core.ResilientChatService      : STREAM_ITEM sessionId=vd3-coop runId=vd3-coop#1791293694366 tsOffset=979ms textLen=-1 hasToolCalls=false
2026-10-06T21:34:55.345+08:00  INFO 26792 --- [sp01d-resilience] [oundedElastic-4] c.e.spike.core.ResilientChatService      : STREAM_ITEM sessionId=vd3-coop runId=vd3-coop#1791293694366 tsOffset=979ms textLen=-1 hasToolCalls=false
2026-10-06T21:34:55.345+08:00  INFO 26792 --- [sp01d-resilience] [oundedElastic-4] c.e.spike.core.ResilientChatService      : STREAM_ITEM sessionId=vd3-coop runId=vd3-coop#1791293694366 tsOffset=979ms textLen=-1 hasToolCalls=false
2026-10-06T21:34:55.347+08:00  INFO 26792 --- [sp01d-resilience] [oundedElastic-4] c.e.spike.core.ResilientChatService      : STREAM_ITEM sessionId=vd3-coop runId=vd3-coop#1791293694366 tsOffset=981ms textLen=-1 hasToolCalls=false
2026-10-06T21:34:55.347+08:00  INFO 26792 --- [sp01d-resilience] [oundedElastic-4] c.e.spike.core.ResilientChatService      : STREAM_ITEM sessionId=vd3-coop runId=vd3-coop#1791293694366 tsOffset=981ms textLen=-1 hasToolCalls=false
2026-10-06T21:34:55.358+08:00  INFO 26792 --- [sp01d-resilience] [oundedElastic-4] c.e.spike.core.ResilientChatService      : STREAM_ITEM sessionId=vd3-coop runId=vd3-coop#1791293694366 tsOffset=992ms textLen=-1 hasToolCalls=false
2026-10-06T21:34:55.358+08:00  INFO 26792 --- [sp01d-resilience] [oundedElastic-4] c.e.spike.core.ResilientChatService      : STREAM_ITEM sessionId=vd3-coop runId=vd3-coop#1791293694366 tsOffset=992ms textLen=-1 hasToolCalls=false
2026-10-06T21:34:55.358+08:00  INFO 26792 --- [sp01d-resilience] [oundedElastic-4] c.e.spike.core.ResilientChatService      : STREAM_ITEM sessionId=vd3-coop runId=vd3-coop#1791293694366 tsOffset=992ms textLen=-1 hasToolCalls=false
2026-10-06T21:34:55.358+08:00  INFO 26792 --- [sp01d-resilience] [oundedElastic-4] c.e.spike.core.ResilientChatService      : STREAM_ITEM sessionId=vd3-coop runId=vd3-coop#1791293694366 tsOffset=992ms textLen=-1 hasToolCalls=false
2026-10-06T21:34:55.359+08:00  INFO 26792 --- [sp01d-resilience] [oundedElastic-4] c.e.spike.core.ResilientChatService      : STREAM_ITEM sessionId=vd3-coop runId=vd3-coop#1791293694366 tsOffset=993ms textLen=-1 hasToolCalls=false
2026-10-06T21:34:55.373+08:00  INFO 26792 --- [sp01d-resilience] [oundedElastic-4] c.e.spike.core.ResilientChatService      : STREAM_ITEM sessionId=vd3-coop runId=vd3-coop#1791293694366 tsOffset=1007ms textLen=2 hasToolCalls=false
2026-10-06T21:34:55.374+08:00  INFO 26792 --- [sp01d-resilience] [oundedElastic-4] c.e.spike.core.ResilientChatService      : STREAM_ITEM sessionId=vd3-coop runId=vd3-coop#1791293694366 tsOffset=1008ms textLen=2 hasToolCalls=false
2026-10-06T21:34:55.374+08:00  INFO 26792 --- [sp01d-resilience] [oundedElastic-4] c.e.spike.core.ResilientChatService      : STREAM_ITEM sessionId=vd3-coop runId=vd3-coop#1791293694366 tsOffset=1008ms textLen=2 hasToolCalls=false
2026-10-06T21:34:55.385+08:00  INFO 26792 --- [sp01d-resilience] [oundedElastic-4] c.e.spike.core.ResilientChatService      : STREAM_ITEM sessionId=vd3-coop runId=vd3-coop#1791293694366 tsOffset=1019ms textLen=1 hasToolCalls=false
2026-10-06T21:34:55.387+08:00  INFO 26792 --- [sp01d-resilience] [oundedElastic-4] c.e.spike.core.ResilientChatService      : STREAM_ITEM sessionId=vd3-coop runId=vd3-coop#1791293694366 tsOffset=1021ms textLen=2 hasToolCalls=false
2026-10-06T21:34:55.514+08:00 DEBUG 26792 --- [sp01d-resilience] [oundedElastic-3] o.s.a.m.tool.DefaultToolCallingManager   : Executing tool call: longTask
2026-10-06T21:34:55.514+08:00  INFO 26792 --- [sp01d-resilience] [oundedElastic-4] c.e.spike.core.ResilientChatService      : STREAM_ITEM sessionId=vd3-coop runId=vd3-coop#1791293694366 tsOffset=1148ms textLen=1 hasToolCalls=false
2026-10-06T21:34:56.520+08:00  INFO 26792 --- [sp01d-resilience] [oundedElastic-3] com.example.spike.tools.SpikeTools       : TOOL_EXEC source=INTERNAL_LOOP runId=vd3-coop#1791293694366 name=longTask outcome=CANCELLED durMs=1004 slices=6
2026-10-06T21:34:57.351+08:00  INFO 26792 --- [sp01d-resilience] [oundedElastic-4] c.e.spike.core.ResilientChatService      : STREAM_ITEM sessionId=vd3-coop runId=vd3-coop#1791293694366 tsOffset=2985ms textLen=-1 hasToolCalls=false
2026-10-06T21:34:57.353+08:00  INFO 26792 --- [sp01d-resilience] [    spike-run-5] c.e.spike.core.ResilientChatService      : RUN_END sessionId=vd3-coop runId=vd3-coop#1791293694366 terminal=CANCELLED attempts=1 elapsedMs=2985 deltas=6 emittedChars=10 contentLen=10
2026-10-06T21:34:57.899+08:00  INFO 26792 --- [sp01d-resilience] [oundedElastic-3] c.e.spike.core.ResilientChatService      : STREAM_ITEM sessionId=vd3-hard runId=vd3-hard#1791293697500 tsOffset=399ms textLen=-1 hasToolCalls=false
2026-10-06T21:34:57.940+08:00  INFO 26792 --- [sp01d-resilience] [oundedElastic-3] c.e.spike.core.ResilientChatService      : STREAM_ITEM sessionId=vd3-hard runId=vd3-hard#1791293697500 tsOffset=440ms textLen=-1 hasToolCalls=false
2026-10-06T21:34:57.945+08:00  INFO 26792 --- [sp01d-resilience] [oundedElastic-3] c.e.spike.core.ResilientChatService      : STREAM_ITEM sessionId=vd3-hard runId=vd3-hard#1791293697500 tsOffset=445ms textLen=-1 hasToolCalls=false
2026-10-06T21:34:58.098+08:00  INFO 26792 --- [sp01d-resilience] [oundedElastic-3] c.e.spike.core.ResilientChatService      : STREAM_ITEM sessionId=vd3-hard runId=vd3-hard#1791293697500 tsOffset=598ms textLen=-1 hasToolCalls=false
2026-10-06T21:34:58.099+08:00  INFO 26792 --- [sp01d-resilience] [oundedElastic-3] c.e.spike.core.ResilientChatService      : STREAM_ITEM sessionId=vd3-hard runId=vd3-hard#1791293697500 tsOffset=599ms textLen=-1 hasToolCalls=false
2026-10-06T21:34:58.100+08:00  INFO 26792 --- [sp01d-resilience] [oundedElastic-3] c.e.spike.core.ResilientChatService      : STREAM_ITEM sessionId=vd3-hard runId=vd3-hard#1791293697500 tsOffset=600ms textLen=-1 hasToolCalls=false
2026-10-06T21:34:58.101+08:00  INFO 26792 --- [sp01d-resilience] [oundedElastic-3] c.e.spike.core.ResilientChatService      : STREAM_ITEM sessionId=vd3-hard runId=vd3-hard#1791293697500 tsOffset=601ms textLen=-1 hasToolCalls=false
2026-10-06T21:34:58.102+08:00  INFO 26792 --- [sp01d-resilience] [oundedElastic-3] c.e.spike.core.ResilientChatService      : STREAM_ITEM sessionId=vd3-hard runId=vd3-hard#1791293697500 tsOffset=602ms textLen=-1 hasToolCalls=false
2026-10-06T21:34:58.103+08:00  INFO 26792 --- [sp01d-resilience] [oundedElastic-3] c.e.spike.core.ResilientChatService      : STREAM_ITEM sessionId=vd3-hard runId=vd3-hard#1791293697500 tsOffset=603ms textLen=-1 hasToolCalls=false
2026-10-06T21:34:58.103+08:00  INFO 26792 --- [sp01d-resilience] [oundedElastic-3] c.e.spike.core.ResilientChatService      : STREAM_ITEM sessionId=vd3-hard runId=vd3-hard#1791293697500 tsOffset=603ms textLen=-1 hasToolCalls=false
2026-10-06T21:34:58.103+08:00  INFO 26792 --- [sp01d-resilience] [oundedElastic-3] c.e.spike.core.ResilientChatService      : STREAM_ITEM sessionId=vd3-hard runId=vd3-hard#1791293697500 tsOffset=603ms textLen=-1 hasToolCalls=false
2026-10-06T21:34:58.103+08:00  INFO 26792 --- [sp01d-resilience] [oundedElastic-3] c.e.spike.core.ResilientChatService      : STREAM_ITEM sessionId=vd3-hard runId=vd3-hard#1791293697500 tsOffset=603ms textLen=-1 hasToolCalls=false
2026-10-06T21:34:58.103+08:00  INFO 26792 --- [sp01d-resilience] [oundedElastic-3] c.e.spike.core.ResilientChatService      : STREAM_ITEM sessionId=vd3-hard runId=vd3-hard#1791293697500 tsOffset=603ms textLen=-1 hasToolCalls=false
2026-10-06T21:34:58.103+08:00  INFO 26792 --- [sp01d-resilience] [oundedElastic-3] c.e.spike.core.ResilientChatService      : STREAM_ITEM sessionId=vd3-hard runId=vd3-hard#1791293697500 tsOffset=603ms textLen=-1 hasToolCalls=false
2026-10-06T21:34:58.104+08:00  INFO 26792 --- [sp01d-resilience] [oundedElastic-3] c.e.spike.core.ResilientChatService      : STREAM_ITEM sessionId=vd3-hard runId=vd3-hard#1791293697500 tsOffset=604ms textLen=-1 hasToolCalls=false
2026-10-06T21:34:58.104+08:00  INFO 26792 --- [sp01d-resilience] [oundedElastic-3] c.e.spike.core.ResilientChatService      : STREAM_ITEM sessionId=vd3-hard runId=vd3-hard#1791293697500 tsOffset=604ms textLen=-1 hasToolCalls=false
2026-10-06T21:34:58.104+08:00  INFO 26792 --- [sp01d-resilience] [oundedElastic-3] c.e.spike.core.ResilientChatService      : STREAM_ITEM sessionId=vd3-hard runId=vd3-hard#1791293697500 tsOffset=604ms textLen=-1 hasToolCalls=false
2026-10-06T21:34:58.104+08:00  INFO 26792 --- [sp01d-resilience] [oundedElastic-3] c.e.spike.core.ResilientChatService      : STREAM_ITEM sessionId=vd3-hard runId=vd3-hard#1791293697500 tsOffset=604ms textLen=-1 hasToolCalls=false
2026-10-06T21:34:58.105+08:00  INFO 26792 --- [sp01d-resilience] [oundedElastic-3] c.e.spike.core.ResilientChatService      : STREAM_ITEM sessionId=vd3-hard runId=vd3-hard#1791293697500 tsOffset=605ms textLen=-1 hasToolCalls=false
2026-10-06T21:34:58.105+08:00  INFO 26792 --- [sp01d-resilience] [oundedElastic-3] c.e.spike.core.ResilientChatService      : STREAM_ITEM sessionId=vd3-hard runId=vd3-hard#1791293697500 tsOffset=605ms textLen=-1 hasToolCalls=false
2026-10-06T21:34:58.105+08:00  INFO 26792 --- [sp01d-resilience] [oundedElastic-3] c.e.spike.core.ResilientChatService      : STREAM_ITEM sessionId=vd3-hard runId=vd3-hard#1791293697500 tsOffset=605ms textLen=-1 hasToolCalls=false
2026-10-06T21:34:58.108+08:00  INFO 26792 --- [sp01d-resilience] [oundedElastic-3] c.e.spike.core.ResilientChatService      : STREAM_ITEM sessionId=vd3-hard runId=vd3-hard#1791293697500 tsOffset=608ms textLen=-1 hasToolCalls=false
2026-10-06T21:34:58.109+08:00  INFO 26792 --- [sp01d-resilience] [oundedElastic-3] c.e.spike.core.ResilientChatService      : STREAM_ITEM sessionId=vd3-hard runId=vd3-hard#1791293697500 tsOffset=609ms textLen=-1 hasToolCalls=false
2026-10-06T21:34:58.109+08:00  INFO 26792 --- [sp01d-resilience] [oundedElastic-3] c.e.spike.core.ResilientChatService      : STREAM_ITEM sessionId=vd3-hard runId=vd3-hard#1791293697500 tsOffset=609ms textLen=-1 hasToolCalls=false
2026-10-06T21:34:58.109+08:00  INFO 26792 --- [sp01d-resilience] [oundedElastic-3] c.e.spike.core.ResilientChatService      : STREAM_ITEM sessionId=vd3-hard runId=vd3-hard#1791293697500 tsOffset=609ms textLen=-1 hasToolCalls=false
2026-10-06T21:34:58.109+08:00  INFO 26792 --- [sp01d-resilience] [oundedElastic-3] c.e.spike.core.ResilientChatService      : STREAM_ITEM sessionId=vd3-hard runId=vd3-hard#1791293697500 tsOffset=609ms textLen=-1 hasToolCalls=false
2026-10-06T21:34:58.109+08:00  INFO 26792 --- [sp01d-resilience] [oundedElastic-3] c.e.spike.core.ResilientChatService      : STREAM_ITEM sessionId=vd3-hard runId=vd3-hard#1791293697500 tsOffset=609ms textLen=-1 hasToolCalls=false
2026-10-06T21:34:58.109+08:00  INFO 26792 --- [sp01d-resilience] [oundedElastic-3] c.e.spike.core.ResilientChatService      : STREAM_ITEM sessionId=vd3-hard runId=vd3-hard#1791293697500 tsOffset=609ms textLen=-1 hasToolCalls=false
2026-10-06T21:34:58.110+08:00  INFO 26792 --- [sp01d-resilience] [oundedElastic-3] c.e.spike.core.ResilientChatService      : STREAM_ITEM sessionId=vd3-hard runId=vd3-hard#1791293697500 tsOffset=610ms textLen=-1 hasToolCalls=false
2026-10-06T21:34:58.110+08:00  INFO 26792 --- [sp01d-resilience] [oundedElastic-3] c.e.spike.core.ResilientChatService      : STREAM_ITEM sessionId=vd3-hard runId=vd3-hard#1791293697500 tsOffset=610ms textLen=-1 hasToolCalls=false
2026-10-06T21:34:58.110+08:00  INFO 26792 --- [sp01d-resilience] [oundedElastic-3] c.e.spike.core.ResilientChatService      : STREAM_ITEM sessionId=vd3-hard runId=vd3-hard#1791293697500 tsOffset=610ms textLen=-1 hasToolCalls=false
2026-10-06T21:34:58.112+08:00  INFO 26792 --- [sp01d-resilience] [oundedElastic-3] c.e.spike.core.ResilientChatService      : STREAM_ITEM sessionId=vd3-hard runId=vd3-hard#1791293697500 tsOffset=611ms textLen=-1 hasToolCalls=false
2026-10-06T21:34:58.112+08:00  INFO 26792 --- [sp01d-resilience] [oundedElastic-3] c.e.spike.core.ResilientChatService      : STREAM_ITEM sessionId=vd3-hard runId=vd3-hard#1791293697500 tsOffset=612ms textLen=-1 hasToolCalls=false
2026-10-06T21:34:58.112+08:00  INFO 26792 --- [sp01d-resilience] [oundedElastic-3] c.e.spike.core.ResilientChatService      : STREAM_ITEM sessionId=vd3-hard runId=vd3-hard#1791293697500 tsOffset=612ms textLen=-1 hasToolCalls=false
2026-10-06T21:34:58.112+08:00  INFO 26792 --- [sp01d-resilience] [oundedElastic-3] c.e.spike.core.ResilientChatService      : STREAM_ITEM sessionId=vd3-hard runId=vd3-hard#1791293697500 tsOffset=612ms textLen=-1 hasToolCalls=false
2026-10-06T21:34:58.112+08:00  INFO 26792 --- [sp01d-resilience] [oundedElastic-3] c.e.spike.core.ResilientChatService      : STREAM_ITEM sessionId=vd3-hard runId=vd3-hard#1791293697500 tsOffset=612ms textLen=-1 hasToolCalls=false
2026-10-06T21:34:58.112+08:00  INFO 26792 --- [sp01d-resilience] [oundedElastic-3] c.e.spike.core.ResilientChatService      : STREAM_ITEM sessionId=vd3-hard runId=vd3-hard#1791293697500 tsOffset=612ms textLen=-1 hasToolCalls=false
2026-10-06T21:34:58.112+08:00  INFO 26792 --- [sp01d-resilience] [oundedElastic-3] c.e.spike.core.ResilientChatService      : STREAM_ITEM sessionId=vd3-hard runId=vd3-hard#1791293697500 tsOffset=612ms textLen=-1 hasToolCalls=false
2026-10-06T21:34:58.113+08:00  INFO 26792 --- [sp01d-resilience] [oundedElastic-3] c.e.spike.core.ResilientChatService      : STREAM_ITEM sessionId=vd3-hard runId=vd3-hard#1791293697500 tsOffset=613ms textLen=-1 hasToolCalls=false
2026-10-06T21:34:58.113+08:00  INFO 26792 --- [sp01d-resilience] [oundedElastic-3] c.e.spike.core.ResilientChatService      : STREAM_ITEM sessionId=vd3-hard runId=vd3-hard#1791293697500 tsOffset=613ms textLen=-1 hasToolCalls=false
2026-10-06T21:34:58.124+08:00  INFO 26792 --- [sp01d-resilience] [oundedElastic-3] c.e.spike.core.ResilientChatService      : STREAM_ITEM sessionId=vd3-hard runId=vd3-hard#1791293697500 tsOffset=624ms textLen=-1 hasToolCalls=false
2026-10-06T21:34:58.124+08:00  INFO 26792 --- [sp01d-resilience] [oundedElastic-3] c.e.spike.core.ResilientChatService      : STREAM_ITEM sessionId=vd3-hard runId=vd3-hard#1791293697500 tsOffset=624ms textLen=-1 hasToolCalls=false
2026-10-06T21:34:58.125+08:00  INFO 26792 --- [sp01d-resilience] [oundedElastic-3] c.e.spike.core.ResilientChatService      : STREAM_ITEM sessionId=vd3-hard runId=vd3-hard#1791293697500 tsOffset=625ms textLen=-1 hasToolCalls=false
2026-10-06T21:34:58.125+08:00  INFO 26792 --- [sp01d-resilience] [oundedElastic-3] c.e.spike.core.ResilientChatService      : STREAM_ITEM sessionId=vd3-hard runId=vd3-hard#1791293697500 tsOffset=625ms textLen=-1 hasToolCalls=false
2026-10-06T21:34:58.125+08:00  INFO 26792 --- [sp01d-resilience] [oundedElastic-3] c.e.spike.core.ResilientChatService      : STREAM_ITEM sessionId=vd3-hard runId=vd3-hard#1791293697500 tsOffset=625ms textLen=-1 hasToolCalls=false
2026-10-06T21:34:58.125+08:00  INFO 26792 --- [sp01d-resilience] [oundedElastic-3] c.e.spike.core.ResilientChatService      : STREAM_ITEM sessionId=vd3-hard runId=vd3-hard#1791293697500 tsOffset=625ms textLen=-1 hasToolCalls=false
2026-10-06T21:34:58.125+08:00  INFO 26792 --- [sp01d-resilience] [oundedElastic-3] c.e.spike.core.ResilientChatService      : STREAM_ITEM sessionId=vd3-hard runId=vd3-hard#1791293697500 tsOffset=625ms textLen=-1 hasToolCalls=false
2026-10-06T21:34:58.141+08:00  INFO 26792 --- [sp01d-resilience] [oundedElastic-3] c.e.spike.core.ResilientChatService      : STREAM_ITEM sessionId=vd3-hard runId=vd3-hard#1791293697500 tsOffset=641ms textLen=-1 hasToolCalls=false
2026-10-06T21:34:58.141+08:00  INFO 26792 --- [sp01d-resilience] [oundedElastic-3] c.e.spike.core.ResilientChatService      : STREAM_ITEM sessionId=vd3-hard runId=vd3-hard#1791293697500 tsOffset=641ms textLen=-1 hasToolCalls=false
2026-10-06T21:34:58.141+08:00  INFO 26792 --- [sp01d-resilience] [oundedElastic-3] c.e.spike.core.ResilientChatService      : STREAM_ITEM sessionId=vd3-hard runId=vd3-hard#1791293697500 tsOffset=641ms textLen=-1 hasToolCalls=false
2026-10-06T21:34:58.142+08:00  INFO 26792 --- [sp01d-resilience] [oundedElastic-3] c.e.spike.core.ResilientChatService      : STREAM_ITEM sessionId=vd3-hard runId=vd3-hard#1791293697500 tsOffset=642ms textLen=-1 hasToolCalls=false
2026-10-06T21:34:58.142+08:00  INFO 26792 --- [sp01d-resilience] [oundedElastic-3] c.e.spike.core.ResilientChatService      : STREAM_ITEM sessionId=vd3-hard runId=vd3-hard#1791293697500 tsOffset=642ms textLen=-1 hasToolCalls=false
2026-10-06T21:34:58.142+08:00  INFO 26792 --- [sp01d-resilience] [oundedElastic-3] c.e.spike.core.ResilientChatService      : STREAM_ITEM sessionId=vd3-hard runId=vd3-hard#1791293697500 tsOffset=642ms textLen=-1 hasToolCalls=false
2026-10-06T21:34:58.148+08:00  INFO 26792 --- [sp01d-resilience] [oundedElastic-3] c.e.spike.core.ResilientChatService      : STREAM_ITEM sessionId=vd3-hard runId=vd3-hard#1791293697500 tsOffset=648ms textLen=-1 hasToolCalls=false
2026-10-06T21:34:58.165+08:00  INFO 26792 --- [sp01d-resilience] [oundedElastic-3] c.e.spike.core.ResilientChatService      : STREAM_ITEM sessionId=vd3-hard runId=vd3-hard#1791293697500 tsOffset=665ms textLen=-1 hasToolCalls=false
2026-10-06T21:34:58.165+08:00  INFO 26792 --- [sp01d-resilience] [oundedElastic-3] c.e.spike.core.ResilientChatService      : STREAM_ITEM sessionId=vd3-hard runId=vd3-hard#1791293697500 tsOffset=665ms textLen=-1 hasToolCalls=false
2026-10-06T21:34:58.176+08:00  INFO 26792 --- [sp01d-resilience] [oundedElastic-3] c.e.spike.core.ResilientChatService      : STREAM_ITEM sessionId=vd3-hard runId=vd3-hard#1791293697500 tsOffset=676ms textLen=-1 hasToolCalls=false
2026-10-06T21:34:58.176+08:00  INFO 26792 --- [sp01d-resilience] [oundedElastic-3] c.e.spike.core.ResilientChatService      : STREAM_ITEM sessionId=vd3-hard runId=vd3-hard#1791293697500 tsOffset=676ms textLen=-1 hasToolCalls=false
2026-10-06T21:34:58.189+08:00  INFO 26792 --- [sp01d-resilience] [oundedElastic-3] c.e.spike.core.ResilientChatService      : STREAM_ITEM sessionId=vd3-hard runId=vd3-hard#1791293697500 tsOffset=689ms textLen=-1 hasToolCalls=false
2026-10-06T21:34:58.190+08:00  INFO 26792 --- [sp01d-resilience] [oundedElastic-3] c.e.spike.core.ResilientChatService      : STREAM_ITEM sessionId=vd3-hard runId=vd3-hard#1791293697500 tsOffset=690ms textLen=-1 hasToolCalls=false
2026-10-06T21:34:58.190+08:00  INFO 26792 --- [sp01d-resilience] [oundedElastic-3] c.e.spike.core.ResilientChatService      : STREAM_ITEM sessionId=vd3-hard runId=vd3-hard#1791293697500 tsOffset=690ms textLen=-1 hasToolCalls=false
2026-10-06T21:34:58.190+08:00  INFO 26792 --- [sp01d-resilience] [oundedElastic-3] c.e.spike.core.ResilientChatService      : STREAM_ITEM sessionId=vd3-hard runId=vd3-hard#1791293697500 tsOffset=690ms textLen=-1 hasToolCalls=false
2026-10-06T21:34:58.190+08:00  INFO 26792 --- [sp01d-resilience] [oundedElastic-3] c.e.spike.core.ResilientChatService      : STREAM_ITEM sessionId=vd3-hard runId=vd3-hard#1791293697500 tsOffset=690ms textLen=-1 hasToolCalls=false
2026-10-06T21:34:58.204+08:00  INFO 26792 --- [sp01d-resilience] [oundedElastic-3] c.e.spike.core.ResilientChatService      : STREAM_ITEM sessionId=vd3-hard runId=vd3-hard#1791293697500 tsOffset=704ms textLen=-1 hasToolCalls=false
2026-10-06T21:34:58.205+08:00  INFO 26792 --- [sp01d-resilience] [oundedElastic-3] c.e.spike.core.ResilientChatService      : STREAM_ITEM sessionId=vd3-hard runId=vd3-hard#1791293697500 tsOffset=705ms textLen=-1 hasToolCalls=false
2026-10-06T21:34:58.217+08:00  INFO 26792 --- [sp01d-resilience] [oundedElastic-3] c.e.spike.core.ResilientChatService      : STREAM_ITEM sessionId=vd3-hard runId=vd3-hard#1791293697500 tsOffset=717ms textLen=-1 hasToolCalls=false
2026-10-06T21:34:58.218+08:00  INFO 26792 --- [sp01d-resilience] [oundedElastic-3] c.e.spike.core.ResilientChatService      : STREAM_ITEM sessionId=vd3-hard runId=vd3-hard#1791293697500 tsOffset=718ms textLen=-1 hasToolCalls=false
2026-10-06T21:34:58.218+08:00  INFO 26792 --- [sp01d-resilience] [oundedElastic-3] c.e.spike.core.ResilientChatService      : STREAM_ITEM sessionId=vd3-hard runId=vd3-hard#1791293697500 tsOffset=718ms textLen=-1 hasToolCalls=false
2026-10-06T21:34:58.218+08:00  INFO 26792 --- [sp01d-resilience] [oundedElastic-3] c.e.spike.core.ResilientChatService      : STREAM_ITEM sessionId=vd3-hard runId=vd3-hard#1791293697500 tsOffset=718ms textLen=-1 hasToolCalls=false
2026-10-06T21:34:58.219+08:00  INFO 26792 --- [sp01d-resilience] [oundedElastic-3] c.e.spike.core.ResilientChatService      : STREAM_ITEM sessionId=vd3-hard runId=vd3-hard#1791293697500 tsOffset=719ms textLen=-1 hasToolCalls=false
2026-10-06T21:34:58.220+08:00  INFO 26792 --- [sp01d-resilience] [oundedElastic-3] c.e.spike.core.ResilientChatService      : STREAM_ITEM sessionId=vd3-hard runId=vd3-hard#1791293697500 tsOffset=720ms textLen=-1 hasToolCalls=false
2026-10-06T21:34:58.230+08:00  INFO 26792 --- [sp01d-resilience] [oundedElastic-3] c.e.spike.core.ResilientChatService      : STREAM_ITEM sessionId=vd3-hard runId=vd3-hard#1791293697500 tsOffset=730ms textLen=-1 hasToolCalls=false
2026-10-06T21:34:58.231+08:00  INFO 26792 --- [sp01d-resilience] [oundedElastic-3] c.e.spike.core.ResilientChatService      : STREAM_ITEM sessionId=vd3-hard runId=vd3-hard#1791293697500 tsOffset=731ms textLen=-1 hasToolCalls=false
2026-10-06T21:34:58.231+08:00  INFO 26792 --- [sp01d-resilience] [oundedElastic-3] c.e.spike.core.ResilientChatService      : STREAM_ITEM sessionId=vd3-hard runId=vd3-hard#1791293697500 tsOffset=731ms textLen=-1 hasToolCalls=false
2026-10-06T21:34:58.231+08:00  INFO 26792 --- [sp01d-resilience] [oundedElastic-3] c.e.spike.core.ResilientChatService      : STREAM_ITEM sessionId=vd3-hard runId=vd3-hard#1791293697500 tsOffset=731ms textLen=-1 hasToolCalls=false
2026-10-06T21:34:58.355+08:00  INFO 26792 --- [sp01d-resilience] [oundedElastic-3] c.e.spike.core.ResilientChatService      : STREAM_ITEM sessionId=vd3-hard runId=vd3-hard#1791293697500 tsOffset=855ms textLen=-1 hasToolCalls=false
2026-10-06T21:34:58.355+08:00 DEBUG 26792 --- [sp01d-resilience] [oundedElastic-4] o.s.a.m.tool.DefaultToolCallingManager   : Executing tool call: longTask
2026-10-06T21:35:01.356+08:00  INFO 26792 --- [sp01d-resilience] [oundedElastic-4] com.example.spike.tools.SpikeTools       : TOOL_EXEC source=INTERNAL_LOOP runId=vd3-hard#1791293697500 name=longTask outcome=OK durMs=3000 slices=0
2026-10-06T21:35:02.196+08:00  INFO 26792 --- [sp01d-resilience] [oundedElastic-3] c.e.spike.core.ResilientChatService      : STREAM_ITEM sessionId=vd3-hard runId=vd3-hard#1791293697500 tsOffset=4696ms textLen=-1 hasToolCalls=false
2026-10-06T21:35:02.197+08:00  INFO 26792 --- [sp01d-resilience] [    spike-run-6] c.e.spike.core.ResilientChatService      : RUN_END sessionId=vd3-hard runId=vd3-hard#1791293697500 terminal=CANCELLED attempts=1 elapsedMs=4696 deltas=0 emittedChars=0 contentLen=0
2026-10-06T21:36:19.998+08:00  INFO 26792 --- [sp01d-resilience] [oundedElastic-8] c.e.spike.core.ResilientChatService      : STREAM_ITEM sessionId=glm-conc-sid runId=glm-conc-sid#1791293779476 tsOffset=522ms textLen=-1 hasToolCalls=false
2026-10-06T21:36:20.011+08:00  INFO 26792 --- [sp01d-resilience] [oundedElastic-8] c.e.spike.core.ResilientChatService      : STREAM_ITEM sessionId=glm-conc-sid runId=glm-conc-sid#1791293779476 tsOffset=535ms textLen=2 hasToolCalls=false
2026-10-06T21:36:20.012+08:00  INFO 26792 --- [sp01d-resilience] [oundedElastic-8] c.e.spike.core.ResilientChatService      : STREAM_ITEM sessionId=glm-conc-sid runId=glm-conc-sid#1791293779476 tsOffset=536ms textLen=2 hasToolCalls=false
2026-10-06T21:36:20.013+08:00  INFO 26792 --- [sp01d-resilience] [oundedElastic-8] c.e.spike.core.ResilientChatService      : STREAM_ITEM sessionId=glm-conc-sid runId=glm-conc-sid#1791293779476 tsOffset=537ms textLen=2 hasToolCalls=false
2026-10-06T21:36:20.014+08:00  INFO 26792 --- [sp01d-resilience] [oundedElastic-8] c.e.spike.core.ResilientChatService      : STREAM_ITEM sessionId=glm-conc-sid runId=glm-conc-sid#1791293779476 tsOffset=538ms textLen=2 hasToolCalls=false
2026-10-06T21:36:20.015+08:00  INFO 26792 --- [sp01d-resilience] [oundedElastic-8] c.e.spike.core.ResilientChatService      : STREAM_ITEM sessionId=glm-conc-sid runId=glm-conc-sid#1791293779476 tsOffset=539ms textLen=1 hasToolCalls=false
2026-10-06T21:36:20.027+08:00  INFO 26792 --- [sp01d-resilience] [oundedElastic-8] c.e.spike.core.ResilientChatService      : STREAM_ITEM sessionId=glm-conc-sid runId=glm-conc-sid#1791293779476 tsOffset=551ms textLen=1 hasToolCalls=false
2026-10-06T21:36:20.038+08:00  INFO 26792 --- [sp01d-resilience] [oundedElastic-8] c.e.spike.core.ResilientChatService      : STREAM_ITEM sessionId=glm-conc-sid runId=glm-conc-sid#1791293779476 tsOffset=562ms textLen=1 hasToolCalls=false
2026-10-06T21:36:20.039+08:00  INFO 26792 --- [sp01d-resilience] [oundedElastic-8] c.e.spike.core.ResilientChatService      : STREAM_ITEM sessionId=glm-conc-sid runId=glm-conc-sid#1791293779476 tsOffset=563ms textLen=1 hasToolCalls=false
2026-10-06T21:36:20.040+08:00  INFO 26792 --- [sp01d-resilience] [oundedElastic-8] c.e.spike.core.ResilientChatService      : STREAM_ITEM sessionId=glm-conc-sid runId=glm-conc-sid#1791293779476 tsOffset=564ms textLen=1 hasToolCalls=false
2026-10-06T21:36:20.051+08:00  INFO 26792 --- [sp01d-resilience] [oundedElastic-8] c.e.spike.core.ResilientChatService      : STREAM_ITEM sessionId=glm-conc-sid runId=glm-conc-sid#1791293779476 tsOffset=575ms textLen=2 hasToolCalls=false
2026-10-06T21:36:20.052+08:00  INFO 26792 --- [sp01d-resilience] [oundedElastic-8] c.e.spike.core.ResilientChatService      : STREAM_ITEM sessionId=glm-conc-sid runId=glm-conc-sid#1791293779476 tsOffset=576ms textLen=1 hasToolCalls=false
2026-10-06T21:36:20.065+08:00  INFO 26792 --- [sp01d-resilience] [oundedElastic-8] c.e.spike.core.ResilientChatService      : STREAM_ITEM sessionId=glm-conc-sid runId=glm-conc-sid#1791293779476 tsOffset=589ms textLen=1 hasToolCalls=false
2026-10-06T21:36:20.066+08:00  INFO 26792 --- [sp01d-resilience] [oundedElastic-8] c.e.spike.core.ResilientChatService      : STREAM_ITEM sessionId=glm-conc-sid runId=glm-conc-sid#1791293779476 tsOffset=590ms textLen=2 hasToolCalls=false
2026-10-06T21:36:20.066+08:00  INFO 26792 --- [sp01d-resilience] [oundedElastic-8] c.e.spike.core.ResilientChatService      : STREAM_ITEM sessionId=glm-conc-sid runId=glm-conc-sid#1791293779476 tsOffset=590ms textLen=2 hasToolCalls=false
2026-10-06T21:36:20.067+08:00  INFO 26792 --- [sp01d-resilience] [oundedElastic-8] c.e.spike.core.ResilientChatService      : STREAM_ITEM sessionId=glm-conc-sid runId=glm-conc-sid#1791293779476 tsOffset=591ms textLen=2 hasToolCalls=false
2026-10-06T21:36:20.079+08:00  INFO 26792 --- [sp01d-resilience] [oundedElastic-8] c.e.spike.core.ResilientChatService      : STREAM_ITEM sessionId=glm-conc-sid runId=glm-conc-sid#1791293779476 tsOffset=603ms textLen=1 hasToolCalls=false
2026-10-06T21:36:20.080+08:00  INFO 26792 --- [sp01d-resilience] [oundedElastic-8] c.e.spike.core.ResilientChatService      : STREAM_ITEM sessionId=glm-conc-sid runId=glm-conc-sid#1791293779476 tsOffset=604ms textLen=2 hasToolCalls=false
2026-10-06T21:36:20.080+08:00  INFO 26792 --- [sp01d-resilience] [oundedElastic-8] c.e.spike.core.ResilientChatService      : STREAM_ITEM sessionId=glm-conc-sid runId=glm-conc-sid#1791293779476 tsOffset=604ms textLen=2 hasToolCalls=false
2026-10-06T21:36:20.100+08:00  INFO 26792 --- [sp01d-resilience] [oundedElastic-8] c.e.spike.core.ResilientChatService      : STREAM_ITEM sessionId=glm-conc-sid runId=glm-conc-sid#1791293779476 tsOffset=624ms textLen=2 hasToolCalls=false
2026-10-06T21:36:20.107+08:00  INFO 26792 --- [sp01d-resilience] [oundedElastic-8] c.e.spike.core.ResilientChatService      : STREAM_ITEM sessionId=glm-conc-sid runId=glm-conc-sid#1791293779476 tsOffset=631ms textLen=1 hasToolCalls=false
2026-10-06T21:36:20.107+08:00  INFO 26792 --- [sp01d-resilience] [oundedElastic-8] c.e.spike.core.ResilientChatService      : STREAM_ITEM sessionId=glm-conc-sid runId=glm-conc-sid#1791293779476 tsOffset=631ms textLen=2 hasToolCalls=false
2026-10-06T21:36:20.121+08:00  INFO 26792 --- [sp01d-resilience] [oundedElastic-8] c.e.spike.core.ResilientChatService      : STREAM_ITEM sessionId=glm-conc-sid runId=glm-conc-sid#1791293779476 tsOffset=645ms textLen=2 hasToolCalls=false
2026-10-06T21:36:20.122+08:00  INFO 26792 --- [sp01d-resilience] [oundedElastic-8] c.e.spike.core.ResilientChatService      : STREAM_ITEM sessionId=glm-conc-sid runId=glm-conc-sid#1791293779476 tsOffset=646ms textLen=2 hasToolCalls=false
2026-10-06T21:36:20.123+08:00  INFO 26792 --- [sp01d-resilience] [oundedElastic-8] c.e.spike.core.ResilientChatService      : STREAM_ITEM sessionId=glm-conc-sid runId=glm-conc-sid#1791293779476 tsOffset=647ms textLen=1 hasToolCalls=false
2026-10-06T21:36:20.124+08:00  INFO 26792 --- [sp01d-resilience] [oundedElastic-8] c.e.spike.core.ResilientChatService      : STREAM_ITEM sessionId=glm-conc-sid runId=glm-conc-sid#1791293779476 tsOffset=648ms textLen=0 hasToolCalls=false
2026-10-06T21:36:20.125+08:00  INFO 26792 --- [sp01d-resilience] [    spike-run-8] c.e.spike.core.ResilientChatService      : RUN_END sessionId=glm-conc-sid runId=glm-conc-sid#1791293779476 terminal=OK attempts=1 elapsedMs=648 deltas=24 emittedChars=38 contentLen=38
2026-10-06T21:36:20.272+08:00  INFO 26792 --- [sp01d-resilience] [oundedElastic-7] c.e.spike.core.ResilientChatService      : STREAM_ITEM sessionId=glm-conc-sid runId=glm-conc-sid#1791293779476 tsOffset=796ms textLen=-1 hasToolCalls=false
2026-10-06T21:36:20.287+08:00  INFO 26792 --- [sp01d-resilience] [oundedElastic-7] c.e.spike.core.ResilientChatService      : STREAM_ITEM sessionId=glm-conc-sid runId=glm-conc-sid#1791293779476 tsOffset=811ms textLen=2 hasToolCalls=false
2026-10-06T21:36:20.288+08:00  INFO 26792 --- [sp01d-resilience] [oundedElastic-7] c.e.spike.core.ResilientChatService      : STREAM_ITEM sessionId=glm-conc-sid runId=glm-conc-sid#1791293779476 tsOffset=812ms textLen=2 hasToolCalls=false
2026-10-06T21:36:20.288+08:00  INFO 26792 --- [sp01d-resilience] [oundedElastic-7] c.e.spike.core.ResilientChatService      : STREAM_ITEM sessionId=glm-conc-sid runId=glm-conc-sid#1791293779476 tsOffset=812ms textLen=2 hasToolCalls=false
2026-10-06T21:36:20.289+08:00  INFO 26792 --- [sp01d-resilience] [oundedElastic-7] c.e.spike.core.ResilientChatService      : STREAM_ITEM sessionId=glm-conc-sid runId=glm-conc-sid#1791293779476 tsOffset=813ms textLen=2 hasToolCalls=false
2026-10-06T21:36:20.289+08:00  INFO 26792 --- [sp01d-resilience] [oundedElastic-7] c.e.spike.core.ResilientChatService      : STREAM_ITEM sessionId=glm-conc-sid runId=glm-conc-sid#1791293779476 tsOffset=813ms textLen=1 hasToolCalls=false
2026-10-06T21:36:20.298+08:00  INFO 26792 --- [sp01d-resilience] [oundedElastic-7] c.e.spike.core.ResilientChatService      : STREAM_ITEM sessionId=glm-conc-sid runId=glm-conc-sid#1791293779476 tsOffset=822ms textLen=2 hasToolCalls=false
2026-10-06T21:36:20.298+08:00  INFO 26792 --- [sp01d-resilience] [oundedElastic-7] c.e.spike.core.ResilientChatService      : STREAM_ITEM sessionId=glm-conc-sid runId=glm-conc-sid#1791293779476 tsOffset=822ms textLen=1 hasToolCalls=false
2026-10-06T21:36:20.314+08:00  INFO 26792 --- [sp01d-resilience] [oundedElastic-7] c.e.spike.core.ResilientChatService      : STREAM_ITEM sessionId=glm-conc-sid runId=glm-conc-sid#1791293779476 tsOffset=838ms textLen=2 hasToolCalls=false
2026-10-06T21:36:20.334+08:00  INFO 26792 --- [sp01d-resilience] [oundedElastic-7] c.e.spike.core.ResilientChatService      : STREAM_ITEM sessionId=glm-conc-sid runId=glm-conc-sid#1791293779476 tsOffset=858ms textLen=1 hasToolCalls=false
2026-10-06T21:36:20.335+08:00  INFO 26792 --- [sp01d-resilience] [oundedElastic-7] c.e.spike.core.ResilientChatService      : STREAM_ITEM sessionId=glm-conc-sid runId=glm-conc-sid#1791293779476 tsOffset=859ms textLen=2 hasToolCalls=false
2026-10-06T21:36:20.336+08:00  INFO 26792 --- [sp01d-resilience] [oundedElastic-7] c.e.spike.core.ResilientChatService      : STREAM_ITEM sessionId=glm-conc-sid runId=glm-conc-sid#1791293779476 tsOffset=860ms textLen=1 hasToolCalls=false
2026-10-06T21:36:20.343+08:00  INFO 26792 --- [sp01d-resilience] [oundedElastic-7] c.e.spike.core.ResilientChatService      : STREAM_ITEM sessionId=glm-conc-sid runId=glm-conc-sid#1791293779476 tsOffset=867ms textLen=2 hasToolCalls=false
2026-10-06T21:36:20.343+08:00  INFO 26792 --- [sp01d-resilience] [oundedElastic-7] c.e.spike.core.ResilientChatService      : STREAM_ITEM sessionId=glm-conc-sid runId=glm-conc-sid#1791293779476 tsOffset=867ms textLen=1 hasToolCalls=false
2026-10-06T21:36:20.355+08:00  INFO 26792 --- [sp01d-resilience] [oundedElastic-7] c.e.spike.core.ResilientChatService      : STREAM_ITEM sessionId=glm-conc-sid runId=glm-conc-sid#1791293779476 tsOffset=879ms textLen=2 hasToolCalls=false
2026-10-06T21:36:20.356+08:00  INFO 26792 --- [sp01d-resilience] [oundedElastic-7] c.e.spike.core.ResilientChatService      : STREAM_ITEM sessionId=glm-conc-sid runId=glm-conc-sid#1791293779476 tsOffset=880ms textLen=2 hasToolCalls=false
2026-10-06T21:36:20.369+08:00  INFO 26792 --- [sp01d-resilience] [oundedElastic-7] c.e.spike.core.ResilientChatService      : STREAM_ITEM sessionId=glm-conc-sid runId=glm-conc-sid#1791293779476 tsOffset=893ms textLen=1 hasToolCalls=false
2026-10-06T21:36:20.369+08:00  INFO 26792 --- [sp01d-resilience] [oundedElastic-7] c.e.spike.core.ResilientChatService      : STREAM_ITEM sessionId=glm-conc-sid runId=glm-conc-sid#1791293779476 tsOffset=893ms textLen=2 hasToolCalls=false
2026-10-06T21:36:20.386+08:00  INFO 26792 --- [sp01d-resilience] [oundedElastic-7] c.e.spike.core.ResilientChatService      : STREAM_ITEM sessionId=glm-conc-sid runId=glm-conc-sid#1791293779476 tsOffset=910ms textLen=2 hasToolCalls=false
2026-10-06T21:36:20.388+08:00  INFO 26792 --- [sp01d-resilience] [oundedElastic-7] c.e.spike.core.ResilientChatService      : STREAM_ITEM sessionId=glm-conc-sid runId=glm-conc-sid#1791293779476 tsOffset=912ms textLen=2 hasToolCalls=false
2026-10-06T21:36:20.388+08:00  INFO 26792 --- [sp01d-resilience] [oundedElastic-7] c.e.spike.core.ResilientChatService      : STREAM_ITEM sessionId=glm-conc-sid runId=glm-conc-sid#1791293779476 tsOffset=912ms textLen=1 hasToolCalls=false
2026-10-06T21:36:20.390+08:00  INFO 26792 --- [sp01d-resilience] [oundedElastic-7] c.e.spike.core.ResilientChatService      : STREAM_ITEM sessionId=glm-conc-sid runId=glm-conc-sid#1791293779476 tsOffset=914ms textLen=3 hasToolCalls=false
2026-10-06T21:36:20.403+08:00  INFO 26792 --- [sp01d-resilience] [oundedElastic-7] c.e.spike.core.ResilientChatService      : STREAM_ITEM sessionId=glm-conc-sid runId=glm-conc-sid#1791293779476 tsOffset=927ms textLen=2 hasToolCalls=false
2026-10-06T21:36:20.433+08:00  INFO 26792 --- [sp01d-resilience] [oundedElastic-7] c.e.spike.core.ResilientChatService      : STREAM_ITEM sessionId=glm-conc-sid runId=glm-conc-sid#1791293779476 tsOffset=957ms textLen=3 hasToolCalls=false
2026-10-06T21:36:20.435+08:00  INFO 26792 --- [sp01d-resilience] [oundedElastic-7] c.e.spike.core.ResilientChatService      : STREAM_ITEM sessionId=glm-conc-sid runId=glm-conc-sid#1791293779476 tsOffset=959ms textLen=2 hasToolCalls=false
2026-10-06T21:36:20.437+08:00  INFO 26792 --- [sp01d-resilience] [oundedElastic-7] c.e.spike.core.ResilientChatService      : STREAM_ITEM sessionId=glm-conc-sid runId=glm-conc-sid#1791293779476 tsOffset=961ms textLen=1 hasToolCalls=false
2026-10-06T21:36:20.438+08:00  INFO 26792 --- [sp01d-resilience] [oundedElastic-7] c.e.spike.core.ResilientChatService      : STREAM_ITEM sessionId=glm-conc-sid runId=glm-conc-sid#1791293779476 tsOffset=962ms textLen=2 hasToolCalls=false
2026-10-06T21:36:20.440+08:00  INFO 26792 --- [sp01d-resilience] [oundedElastic-7] c.e.spike.core.ResilientChatService      : STREAM_ITEM sessionId=glm-conc-sid runId=glm-conc-sid#1791293779476 tsOffset=964ms textLen=2 hasToolCalls=false
2026-10-06T21:36:20.441+08:00  INFO 26792 --- [sp01d-resilience] [oundedElastic-7] c.e.spike.core.ResilientChatService      : STREAM_ITEM sessionId=glm-conc-sid runId=glm-conc-sid#1791293779476 tsOffset=965ms textLen=1 hasToolCalls=false
2026-10-06T21:36:20.443+08:00  INFO 26792 --- [sp01d-resilience] [oundedElastic-7] c.e.spike.core.ResilientChatService      : STREAM_ITEM sessionId=glm-conc-sid runId=glm-conc-sid#1791293779476 tsOffset=967ms textLen=2 hasToolCalls=false
2026-10-06T21:36:20.443+08:00  INFO 26792 --- [sp01d-resilience] [oundedElastic-7] c.e.spike.core.ResilientChatService      : STREAM_ITEM sessionId=glm-conc-sid runId=glm-conc-sid#1791293779476 tsOffset=967ms textLen=2 hasToolCalls=false
2026-10-06T21:36:20.445+08:00  INFO 26792 --- [sp01d-resilience] [oundedElastic-7] c.e.spike.core.ResilientChatService      : STREAM_ITEM sessionId=glm-conc-sid runId=glm-conc-sid#1791293779476 tsOffset=969ms textLen=1 hasToolCalls=false
2026-10-06T21:36:20.461+08:00  INFO 26792 --- [sp01d-resilience] [oundedElastic-7] c.e.spike.core.ResilientChatService      : STREAM_ITEM sessionId=glm-conc-sid runId=glm-conc-sid#1791293779476 tsOffset=985ms textLen=2 hasToolCalls=false
2026-10-06T21:36:20.462+08:00  INFO 26792 --- [sp01d-resilience] [oundedElastic-7] c.e.spike.core.ResilientChatService      : STREAM_ITEM sessionId=glm-conc-sid runId=glm-conc-sid#1791293779476 tsOffset=986ms textLen=1 hasToolCalls=false
2026-10-06T21:36:20.463+08:00  INFO 26792 --- [sp01d-resilience] [oundedElastic-7] c.e.spike.core.ResilientChatService      : STREAM_ITEM sessionId=glm-conc-sid runId=glm-conc-sid#1791293779476 tsOffset=987ms textLen=2 hasToolCalls=false
2026-10-06T21:36:20.464+08:00  INFO 26792 --- [sp01d-resilience] [oundedElastic-7] c.e.spike.core.ResilientChatService      : STREAM_ITEM sessionId=glm-conc-sid runId=glm-conc-sid#1791293779476 tsOffset=988ms textLen=1 hasToolCalls=false
2026-10-06T21:36:20.465+08:00  INFO 26792 --- [sp01d-resilience] [oundedElastic-7] c.e.spike.core.ResilientChatService      : STREAM_ITEM sessionId=glm-conc-sid runId=glm-conc-sid#1791293779476 tsOffset=989ms textLen=1 hasToolCalls=false
2026-10-06T21:36:20.467+08:00  INFO 26792 --- [sp01d-resilience] [oundedElastic-7] c.e.spike.core.ResilientChatService      : STREAM_ITEM sessionId=glm-conc-sid runId=glm-conc-sid#1791293779476 tsOffset=991ms textLen=2 hasToolCalls=false
2026-10-06T21:36:20.479+08:00  INFO 26792 --- [sp01d-resilience] [oundedElastic-7] c.e.spike.core.ResilientChatService      : STREAM_ITEM sessionId=glm-conc-sid runId=glm-conc-sid#1791293779476 tsOffset=1003ms textLen=2 hasToolCalls=false
2026-10-06T21:36:20.480+08:00  INFO 26792 --- [sp01d-resilience] [oundedElastic-7] c.e.spike.core.ResilientChatService      : STREAM_ITEM sessionId=glm-conc-sid runId=glm-conc-sid#1791293779476 tsOffset=1004ms textLen=2 hasToolCalls=false
2026-10-06T21:36:20.495+08:00  INFO 26792 --- [sp01d-resilience] [oundedElastic-7] c.e.spike.core.ResilientChatService      : STREAM_ITEM sessionId=glm-conc-sid runId=glm-conc-sid#1791293779476 tsOffset=1019ms textLen=2 hasToolCalls=false
2026-10-06T21:36:20.496+08:00  INFO 26792 --- [sp01d-resilience] [oundedElastic-7] c.e.spike.core.ResilientChatService      : STREAM_ITEM sessionId=glm-conc-sid runId=glm-conc-sid#1791293779476 tsOffset=1020ms textLen=1 hasToolCalls=false
2026-10-06T21:36:20.496+08:00  INFO 26792 --- [sp01d-resilience] [oundedElastic-7] c.e.spike.core.ResilientChatService      : STREAM_ITEM sessionId=glm-conc-sid runId=glm-conc-sid#1791293779476 tsOffset=1020ms textLen=1 hasToolCalls=false
2026-10-06T21:36:20.512+08:00  INFO 26792 --- [sp01d-resilience] [oundedElastic-7] c.e.spike.core.ResilientChatService      : STREAM_ITEM sessionId=glm-conc-sid runId=glm-conc-sid#1791293779476 tsOffset=1036ms textLen=2 hasToolCalls=false
2026-10-06T21:36:20.513+08:00  INFO 26792 --- [sp01d-resilience] [oundedElastic-7] c.e.spike.core.ResilientChatService      : STREAM_ITEM sessionId=glm-conc-sid runId=glm-conc-sid#1791293779476 tsOffset=1037ms textLen=1 hasToolCalls=false
2026-10-06T21:36:20.514+08:00  INFO 26792 --- [sp01d-resilience] [oundedElastic-7] c.e.spike.core.ResilientChatService      : STREAM_ITEM sessionId=glm-conc-sid runId=glm-conc-sid#1791293779476 tsOffset=1038ms textLen=0 hasToolCalls=false
2026-10-06T21:36:20.516+08:00  INFO 26792 --- [sp01d-resilience] [    spike-run-7] c.e.spike.core.ResilientChatService      : RUN_END sessionId=glm-conc-sid runId=glm-conc-sid#1791293779476 terminal=OK attempts=1 elapsedMs=1039 deltas=68 emittedChars=112 contentLen=112
